name,type,diameter_mm,length_mm,din,gost,strength_class,thread,coating,unit_erp,weight_g_per_piece,weight_source,price_supplier,unit_supplier,price_per_piece_rub,price_note,raw
Болт M4x50 DIN 933 ГОСТ 7798-70,Болт,4.0,50.0,DIN 933,ГОСТ 7798-70,5.8,полная,без покрытия,шт,2.69,справочник ГОСТ,420.5,кг,1.131145,расчёт: 420.5 руб/кг ÷ 371.7 шт/кг,"Болт  4х 50 без покрытия DIN 933 ГОСТ 7798-70 КЛ.ПР.5.8 резьба полная, Кг"
Болт M6x14 DIN 931 ГОСТ 7798-70,Болт,6.0,14.0,DIN 931,ГОСТ 7798-70,5.8,неполная,без покрытия,шт,2.29,справочник ГОСТ,335.21,кг,0.767631,расчёт: 335.21 руб/кг ÷ 436.7 шт/кг,"Болт  6х 14 без покрытия DIN 931 ГОСТ 7798-70 КЛ.ПР.5.8 резьба неполная, Кг"
Болт M6x20 DIN 933 ГОСТ 7798-70,Болт,6.0,20.0,DIN 933,ГОСТ 7798-70,12.9,полная,без покрытия,шт,3.14,справочник ГОСТ,445.77,кг,1.399718,расчёт: 445.77 руб/кг ÷ 318.5 шт/кг,"Болт  6х 20 без покрытия DIN 933 ГОСТ 7798-70 кл.пр.12.9 резьба полная, Кг"
Болт M6x25 DIN 933 ГОСТ 7798-70,Болт,6.0,25.0,DIN 933,ГОСТ 7798-70,10.9,полная,без покрытия,шт,3.85,справочник ГОСТ,290,кг,1.1165,расчёт: 290 руб/кг ÷ 259.7 шт/кг,"Болт  6х 25 без покрытия DIN 933 ГОСТ 7798-70 кл.пр.10.9 резьба полная, Кг"
Болт M6x40 DIN 931 ГОСТ 7798-70,Болт,6.0,40.0,DIN 931,ГОСТ 7798-70,8.8,неполная,без покрытия,шт,5.98,справочник ГОСТ,255.93,кг,1.530461,расчёт: 255.93 руб/кг ÷ 167.2 шт/кг,"Болт  6х 40 без покрытия DIN 931 ГОСТ 7798-70 кл.пр.8.8 резьба неполная, Кг"
Болт M6x40 DIN 933 ГОСТ 7798-70,Болт,6.0,40.0,DIN 933,ГОСТ 7798-70,10.9,полная,без покрытия,шт,5.98,справочник ГОСТ,290,кг,1.7342,расчёт: 290 руб/кг ÷ 167.2 шт/кг,"Болт  6х 40 без покрытия DIN 933 ГОСТ 7798-70 кл.пр.10.9 резьба полная, Кг"
Болт M6x60 DIN 931 ГОСТ 7798-70,Болт,6.0,60.0,DIN 931,ГОСТ 7798-70,8.8,неполная,без покрытия,шт,8.82,справочник ГОСТ,514.8,кг,4.540536,расчёт: 514.8 руб/кг ÷ 113.4 шт/кг,"Болт  6х 60 без покрытия DIN 931 ГОСТ 7798-70 кл.пр.8.8 резьба неполная, Кг"
Болт M6x60 DIN 933 ГОСТ 7798-70,Болт,6.0,60.0,DIN 933,ГОСТ 7798-70,5.8,полная,без покрытия,шт,8.82,справочник ГОСТ,247,кг,2.17854,расчёт: 247 руб/кг ÷ 113.4 шт/кг,"Болт  6х 60 без покрытия DIN 933 ГОСТ 7798-70 КЛ.ПР.5.8 резьба полная, Кг"
Болт M6x70 DIN 931 ГОСТ 7798-70,Болт,6.0,70.0,DIN 931,ГОСТ 7798-70,5.8,полная,без покрытия,шт,10.24,справочник ГОСТ,157,кг,1.60768,расчёт: 157 руб/кг ÷ 97.7 шт/кг,"Болт  6х 70 без покрытия DIN 931 ГОСТ 7798-70 КЛ.ПР.5.8 резьба полная, Кг"
Болт M6x90 DIN 931 ГОСТ 7798-70,Болт,6.0,90.0,DIN 931,ГОСТ 7798-70,5.8,неполная,без покрытия,шт,13.08,справочник ГОСТ,260.61,кг,3.408779,расчёт: 260.61 руб/кг ÷ 76.5 шт/кг,"Болт  6х 90 без покрытия DIN 931 ГОСТ 7798-70 КЛ.ПР.5.8 резьба неполная, Кг"
Болт M8x16 DIN 931 ГОСТ 7798-70,Болт,8.0,16.0,DIN 931,ГОСТ 7798-70,5.8,неполная,без покрытия,шт,5.54,справочник ГОСТ,203.83,кг,1.129218,расчёт: 203.83 руб/кг ÷ 180.5 шт/кг,"Болт  8х 16 без покрытия DIN 931 ГОСТ 7798-70 КЛ.ПР.5.8 резьба неполная, Кг"
Болт M8x16 DIN 933 ГОСТ 7798-70,Болт,8.0,16.0,DIN 933,ГОСТ 7798-70,10.9,полная,без покрытия,шт,5.54,справочник ГОСТ,267.18,кг,1.480177,расчёт: 267.18 руб/кг ÷ 180.5 шт/кг,"Болт  8х 16 без покрытия DIN 933 ГОСТ 7798-70 кл.пр.10.9 резьба полная, Кг"
Болт M8x18 DIN 933 ГОСТ 7798-70,Болт,8.0,18.0,DIN 933,ГОСТ 7798-70,5.8,полная,без покрытия,шт,,,289.82,кг,,,"Болт  8х 18 без покрытия DIN 933 ГОСТ 7798-70 КЛ.ПР.5.8 резьба полная, Кг"
Болт M8x20 DIN 931 ГОСТ 7798-70,Болт,8.0,20.0,DIN 931,ГОСТ 7798-70,10.9,неполная,без покрытия,шт,6.74,справочник ГОСТ,236.96,кг,1.59711,расчёт: 236.96 руб/кг ÷ 148.4 шт/кг,"Болт  8х 20 без покрытия DIN 931 ГОСТ 7798-70 кл.пр.10.9 резьба неполная, Кг"
Болт M8x22 DIN 931 ГОСТ 7798-70,Болт,8.0,22.0,DIN 931,ГОСТ 7798-70,5.8,неполная,без покрытия,шт,,,308,кг,,,"Болт  8х 22 без покрытия DIN 931 ГОСТ 7798-70 КЛ.ПР.5.8 резьба неполная, Кг"
Болт M8x25 DIN 931 ГОСТ 7798-70,Болт,8.0,25.0,DIN 931,ГОСТ 7798-70,5.8,неполная,без покрытия,шт,8.35,справочник ГОСТ,246.4,кг,2.05744,расчёт: 246.4 руб/кг ÷ 119.8 шт/кг,"Болт  8х 25 без покрытия DIN 931 ГОСТ 7798-70 КЛ.ПР.5.8 резьба неполная, Кг"
Болт M8x25 DIN 933 ГОСТ 7798-70,Болт,8.0,25.0,DIN 933,ГОСТ 7798-70,10.9,полная,без покрытия,шт,8.35,справочник ГОСТ,267.76,кг,2.235796,расчёт: 267.76 руб/кг ÷ 119.8 шт/кг,"Болт  8х 25 без покрытия DIN 933 ГОСТ 7798-70 кл.пр.10.9 резьба полная, Кг"
Болт M8x30 DIN 933 ГОСТ 7798-70,Болт,8.0,30.0,DIN 933,ГОСТ 7798-70,10.9,полная,без покрытия,шт,9.96,справочник ГОСТ,305.11,кг,3.038896,расчёт: 305.11 руб/кг ÷ 100.4 шт/кг,"Болт  8х 30 без покрытия DIN 933 ГОСТ 7798-70 кл.пр.10.9 резьба полная, Кг"
Болт M8x35 DIN 931 ГОСТ 7798-70,Болт,8.0,35.0,DIN 931,ГОСТ 7798-70,10.9,неполная,без покрытия,шт,11.57,справочник ГОСТ,231.06,кг,2.673364,расчёт: 231.06 руб/кг ÷ 86.4 шт/кг,"Болт  8х 35 без покрытия DIN 931 ГОСТ 7798-70 кл.пр.10.9 резьба неполная, Кг"
Болт M8x35 DIN 933 ГОСТ 7798-70,Болт,8.0,35.0,DIN 933,ГОСТ 7798-70,5.8,полная,без покрытия,шт,11.57,справочник ГОСТ,247.02,кг,2.858021,расчёт: 247.02 руб/кг ÷ 86.4 шт/кг,"Болт  8х 35 без покрытия DIN 933 ГОСТ 7798-70 КЛ.ПР.5.8 резьба полная, Кг"
Болт M8x40 DIN 931 ГОСТ 7798-70,Болт,8.0,40.0,DIN 931,ГОСТ 7798-70,10.9,неполная,без покрытия,шт,13.18,справочник ГОСТ,275,кг,3.6245,расчёт: 275 руб/кг ÷ 75.9 шт/кг,"Болт  8х 40 без покрытия DIN 931 ГОСТ 7798-70 кл.пр.10.9 резьба неполная, Кг"
Болт M8x40 DIN 933 ГОСТ 7798-70,Болт,8.0,40.0,DIN 933,ГОСТ 7798-70,5.8,полная,без покрытия,шт,13.18,справочник ГОСТ,308,кг,4.05944,расчёт: 308 руб/кг ÷ 75.9 шт/кг,"Болт  8х 40 без покрытия DIN 933 ГОСТ 7798-70 КЛ.ПР.5.8 резьба полная, Кг"
Болт M8x50 DIN 933 ГОСТ 7798-70,Болт,8.0,50.0,DIN 933,ГОСТ 7798-70,10.9,полная,без покрытия,шт,16.4,справочник ГОСТ,248.52,кг,4.075728,расчёт: 248.52 руб/кг ÷ 61.0 шт/кг,"Болт  8х 50 без покрытия DIN 933 ГОСТ 7798-70 кл.пр.10.9 резьба полная, Кг"
Болт M8x60 DIN 931 ГОСТ 7798-70,Болт,8.0,60.0,DIN 931,ГОСТ 7798-70,10.9,неполная,без покрытия,шт,19.62,справочник ГОСТ,270.6,кг,5.309172,расчёт: 270.6 руб/кг ÷ 51.0 шт/кг,"Болт  8х 60 без покрытия DIN 931 ГОСТ 7798-70 кл.пр.10.9 резьба неполная, Кг"
Болт M8x60 DIN 933 ГОСТ 7798-70,Болт,8.0,60.0,DIN 933,ГОСТ 7798-70,5.8,полная,без покрытия,шт,19.62,справочник ГОСТ,308,кг,6.04296,расчёт: 308 руб/кг ÷ 51.0 шт/кг,"Болт  8х 60 без покрытия DIN 933 ГОСТ 7798-70 КЛ.ПР.5.8 резьба полная, Кг"
Болт M8x65 DIN 931 ГОСТ 7798-70,Болт,8.0,65.0,DIN 931,ГОСТ 7798-70,10.9,неполная,без покрытия,шт,21.23,справочник ГОСТ,446.75,кг,9.484502,расчёт: 446.75 руб/кг ÷ 47.1 шт/кг,"Болт  8х 65 без покрытия DIN 931 ГОСТ 7798-70 кл.пр.10.9 резьба неполная, Кг"
Болт M8x75 DIN 933 ГОСТ 7798-70,Болт,8.0,75.0,DIN 933,ГОСТ 7798-70,8.8,полная,без покрытия,шт,24.45,справочник ГОСТ,257.4,кг,6.29343,расчёт: 257.4 руб/кг ÷ 40.9 шт/кг,"Болт  8х 75 без покрытия DIN 933 ГОСТ 7798-70 кл.пр.8.8 резьба полная, Кг"
Болт M8x80 DIN 931 ГОСТ 7798-70,Болт,8.0,80.0,DIN 931,ГОСТ 7798-70,10.9,неполная,без покрытия,шт,26.06,справочник ГОСТ,291.97,кг,7.608738,расчёт: 291.97 руб/кг ÷ 38.4 шт/кг,"Болт  8х 80 без покрытия DIN 931 ГОСТ 7798-70 кл.пр.10.9 резьба неполная, Кг"
Болт M8x80 DIN 933 ГОСТ 7798-70,Болт,8.0,80.0,DIN 933,ГОСТ 7798-70,5.8,полная,без покрытия,шт,26.06,справочник ГОСТ,178.75,кг,4.658225,расчёт: 178.75 руб/кг ÷ 38.4 шт/кг,"Болт  8х 80 без покрытия DIN 933 ГОСТ 7798-70 КЛ.ПР.5.8 резьба полная, Кг"
Болт M8x100 DIN 931 ГОСТ 7798-70,Болт,8.0,100.0,DIN 931,ГОСТ 7798-70,5.8,неполная,без покрытия,шт,32.5,справочник ГОСТ,192.5,кг,6.25625,расчёт: 192.5 руб/кг ÷ 30.8 шт/кг,"Болт  8х100 без покрытия DIN 931 ГОСТ 7798-70 КЛ.ПР.5.8 резьба неполная, Кг"
Болт M8x95 DIN 931 ГОСТ 7798-70,Болт,8.0,95.0,DIN 931,ГОСТ 7798-70,5.8,неполная,без покрытия,шт,,,201.43,кг,,,"Болт 8х 95 без покрытия DIN 931 ГОСТ 7798-70 КЛ.ПР.5.8 резьба неполная, Кг"
Болт M10x30 DIN 931 ГОСТ 7798-70,Болт,10.0,30.0,DIN 931,ГОСТ 7798-70,10.9,неполная,без покрытия,шт,17.1,справочник ГОСТ,274.79,кг,4.698909,расчёт: 274.79 руб/кг ÷ 58.5 шт/кг,"Болт 10х 30 без покрытия DIN 931 ГОСТ 7798-70 кл.пр.10.9 резьба неполная, Кг"
Болт M10x30 DIN 933 ГОСТ 7798-70,Болт,10.0,30.0,DIN 933,ГОСТ 7798-70,10.9,полная,без покрытия,шт,17.1,справочник ГОСТ,261.62,кг,4.473702,расчёт: 261.62 руб/кг ÷ 58.5 шт/кг,"Болт 10х 30 без покрытия DIN 933 ГОСТ 7798-70 кл.пр.10.9 резьба полная, Кг"
Болт M10x40 DIN 931 ГОСТ 7798-70,Болт,10.0,40.0,DIN 931,ГОСТ 7798-70,10.9,неполная,без покрытия,шт,22.7,справочник ГОСТ,269.36,кг,6.114472,расчёт: 269.36 руб/кг ÷ 44.1 шт/кг,"Болт 10х 40 без покрытия DIN 931 ГОСТ 7798-70 кл.пр.10.9 резьба неполная, Кг"
Болт M10x40 DIN 933 ГОСТ 7798-70,Болт,10.0,40.0,DIN 933,ГОСТ 7798-70,10.9,полная,без покрытия,шт,22.7,справочник ГОСТ,255.42,кг,5.798034,расчёт: 255.42 руб/кг ÷ 44.1 шт/кг,"Болт 10х 40 без покрытия DIN 933 ГОСТ 7798-70 кл.пр.10.9 резьба полная, Кг"
Болт M10x50 DIN 931 ГОСТ 7798-70,Болт,10.0,50.0,DIN 931,ГОСТ 7798-70,10.9,неполная,без покрытия,шт,28.3,справочник ГОСТ,269.36,кг,7.622888,расчёт: 269.36 руб/кг ÷ 35.3 шт/кг,"Болт 10х 50 без покрытия DIN 931 ГОСТ 7798-70 кл.пр.10.9 резьба неполная, Кг"
Болт M10x50 DIN 933 ГОСТ 7798-70,Болт,10.0,50.0,DIN 933,ГОСТ 7798-70,5.8,полная,без покрытия,шт,28.3,справочник ГОСТ,201.26,кг,5.695658,расчёт: 201.26 руб/кг ÷ 35.3 шт/кг,"Болт 10х 50 без покрытия DIN 933 ГОСТ 7798-70 КЛ.ПР.5.8 резьба полная, Кг"
Болт M10x60 DIN 931 ГОСТ 7798-70,Болт,10.0,60.0,DIN 931,ГОСТ 7798-70,10.9,неполная,без покрытия,шт,33.9,справочник ГОСТ,305.66,кг,10.361874,расчёт: 305.66 руб/кг ÷ 29.5 шт/кг,"Болт 10х 60 без покрытия DIN 931 ГОСТ 7798-70 кл.пр.10.9 резьба неполная, Кг"
Болт M10x65 DIN 931 ГОСТ 7798-70,Болт,10.0,65.0,DIN 931,ГОСТ 7798-70,10.9,неполная,без покрытия,шт,36.7,справочник ГОСТ,269.36,кг,9.885512,расчёт: 269.36 руб/кг ÷ 27.2 шт/кг,"Болт 10х 65 без покрытия DIN 931 ГОСТ 7798-70 кл.пр.10.9 резьба неполная, Кг"
Болт M10x70 DIN 931 ГОСТ 7798-70,Болт,10.0,70.0,DIN 931,ГОСТ 7798-70,10.9,неполная,без покрытия,шт,39.5,справочник ГОСТ,269.36,кг,10.63972,расчёт: 269.36 руб/кг ÷ 25.3 шт/кг,"Болт 10х 70 без покрытия DIN 931 ГОСТ 7798-70 кл.пр.10.9 резьба неполная, Кг"
Болт M10x80 DIN 931 ГОСТ 7798-70,Болт,10.0,80.0,DIN 931,ГОСТ 7798-70,8.8,неполная,без покрытия,шт,45.1,справочник ГОСТ,253.78,кг,11.445478,расчёт: 253.78 руб/кг ÷ 22.2 шт/кг,"Болт 10х 80 без покрытия DIN 931 ГОСТ 7798-70 кл.пр.8.8 резьба неполная, Кг"
Болт M10x80 DIN 933 ГОСТ 7798-70,Болт,10.0,80.0,DIN 933,ГОСТ 7798-70,5.8,полная,без покрытия,шт,45.1,справочник ГОСТ,161.7,кг,7.29267,расчёт: 161.7 руб/кг ÷ 22.2 шт/кг,"Болт 10х 80 без покрытия DIN 933 ГОСТ 7798-70 КЛ.ПР.5.8 резьба полная, Кг"
Болт M10x90 DIN 933 ГОСТ 7798-70,Болт,10.0,90.0,DIN 933,ГОСТ 7798-70,5.8,полная,без покрытия,шт,50.7,справочник ГОСТ,192.47,кг,9.758229,расчёт: 192.47 руб/кг ÷ 19.7 шт/кг,"Болт 10х 90 без покрытия DIN 933 ГОСТ 7798-70 КЛ.ПР.5.8 резьба полная, Кг"
Болт M10x100 DIN 933 ГОСТ 7798-70,Болт,10.0,100.0,DIN 933,ГОСТ 7798-70,5.8,полная,без покрытия,шт,56.3,справочник ГОСТ,205.76,кг,11.584288,расчёт: 205.76 руб/кг ÷ 17.8 шт/кг,"Болт 10х100 без покрытия DIN 933 ГОСТ 7798-70 КЛ.ПР.5.8 резьба полная, Кг"
Болт M10x140 DIN 931 ГОСТ 7798-70,Болт,10.0,140.0,DIN 931,ГОСТ 7798-70,8.8,неполная,без покрытия,шт,,,286,кг,,,"Болт 10х140 без покрытия DIN 931 ГОСТ 7798-70 кл.пр.8.8 резьба неполная, Кг"
Болт M12x20 DIN 931 ГОСТ 7798-70,Болт,12.0,20.0,DIN 931,ГОСТ 7798-70,5.8,неполная,без покрытия,шт,,,228.8,кг,,,"Болт 12х 20 без покрытия DIN 931 ГОСТ 7798-70 КЛ.ПР.5.8 резьба неполная, Кг"
Болт M12x20 DIN 933 ГОСТ 7798-70,Болт,12.0,20.0,DIN 933,ГОСТ 7798-70,10.9,полная,без покрытия,шт,,,254.78,кг,,,"Болт 12х 20 без покрытия DIN 933 ГОСТ 7798-70 кл.пр.10.9 резьба полная, Кг"
Болт M12x30 DIN 933 ГОСТ 7798-70,Болт,12.0,30.0,DIN 933,ГОСТ 7798-70,10.9,полная,без покрытия,шт,29.7,справочник ГОСТ,290,кг,8.613,расчёт: 290 руб/кг ÷ 33.7 шт/кг,"Болт 12х 30 без покрытия DIN 933 ГОСТ 7798-70 кл.пр.10.9 резьба полная, Кг"
Болт M12x35 DIN 931 ГОСТ 7798-70,Болт,12.0,35.0,DIN 931,ГОСТ 7798-70,8.8,неполная,без покрытия,шт,34.6,справочник ГОСТ,243.72,кг,8.432712,расчёт: 243.72 руб/кг ÷ 28.9 шт/кг,"Болт 12х 35 без покрытия DIN 931 ГОСТ 7798-70 кл.пр.8.8 резьба неполная, Кг"
Болт M12x40 DIN 931 ГОСТ 7798-70,Болт,12.0,40.0,DIN 931,ГОСТ 7798-70,10.9,неполная,без покрытия,шт,39.5,справочник ГОСТ,259.86,кг,10.26447,расчёт: 259.86 руб/кг ÷ 25.3 шт/кг,"Болт 12х 40 без покрытия DIN 931 ГОСТ 7798-70 кл.пр.10.9 резьба неполная, Кг"
Болт M12x45 DIN 931 ГОСТ 7798-70,Болт,12.0,45.0,DIN 931,ГОСТ 7798-70,10.9,неполная,без покрытия,шт,44.4,справочник ГОСТ,219.16,кг,9.730704,расчёт: 219.16 руб/кг ÷ 22.5 шт/кг,"Болт 12х 45 без покрытия DIN 931 ГОСТ 7798-70 кл.пр.10.9 резьба неполная, Кг"
Болт M12x50 ГОСТ 7798-70,Болт,12.0,50.0,,ГОСТ 7798-70,10.9,неполная,без покрытия,шт,49.3,справочник ГОСТ,207.93,кг,10.250949,расчёт: 207.93 руб/кг ÷ 20.3 шт/кг,"Болт 12х 50 без покрытия ГОСТ 7798-70 кл.пр.10.9 резьба неполная, Кг"
Болт M12x55 DIN 931 ГОСТ 7798-70,Болт,12.0,55.0,DIN 931,ГОСТ 7798-70,10.9,неполная,без покрытия,шт,54.2,справочник ГОСТ,236.1,кг,12.79662,расчёт: 236.1 руб/кг ÷ 18.5 шт/кг,"Болт 12х 55 без покрытия DIN 931 ГОСТ 7798-70 кл.пр.10.9 резьба неполная, Кг"
Болт M12x60 DIN 931 ГОСТ 7798-70,Болт,12.0,60.0,DIN 931,ГОСТ 7798-70,8.8,неполная,без покрытия,шт,59.1,справочник ГОСТ,268.25,кг,15.853575,расчёт: 268.25 руб/кг ÷ 16.9 шт/кг,"Болт 12х 60 без покрытия DIN 931 ГОСТ 7798-70 кл.пр.8.8 резьба неполная, Кг"
Болт M12x60 DIN 933 ГОСТ 7798-70,Болт,12.0,60.0,DIN 933,ГОСТ 7798-70,10.9,полная,без покрытия,шт,59.1,справочник ГОСТ,271.84,кг,16.065744,расчёт: 271.84 руб/кг ÷ 16.9 шт/кг,"Болт 12х 60 без покрытия DIN 933 ГОСТ 7798-70 кл.пр.10.9 резьба полная, Кг"
Болт M12x65 DIN 931 ГОСТ 7798-70,Болт,12.0,65.0,DIN 931,ГОСТ 7798-70,8.8,неполная,без покрытия,шт,64.0,справочник ГОСТ,243.1,кг,15.5584,расчёт: 243.1 руб/кг ÷ 15.6 шт/кг,"Болт 12х 65 без покрытия DIN 931 ГОСТ 7798-70 кл.пр.8.8 резьба неполная, Кг"
Болт M12x75 DIN 931 ГОСТ 7798-70,Болт,12.0,75.0,DIN 931,ГОСТ 7798-70,10.9,неполная,без покрытия,шт,73.8,справочник ГОСТ,286,кг,21.1068,расчёт: 286 руб/кг ÷ 13.6 шт/кг,"Болт 12х 75 без покрытия DIN 931 ГОСТ 7798-70 кл.пр.10.9 резьба неполная, Кг"
Болт M12x75 DIN 933 ГОСТ 7798-70,Болт,12.0,75.0,DIN 933,ГОСТ 7798-70,8.8,полная,без покрытия,шт,73.8,справочник ГОСТ,257.4,кг,18.99612,расчёт: 257.4 руб/кг ÷ 13.6 шт/кг,"Болт 12х 75 без покрытия DIN 933 ГОСТ 7798-70 кл.пр.8.8 резьба полная, Кг"
Болт M12x80 DIN 931 ГОСТ 7798-70,Болт,12.0,80.0,DIN 931,ГОСТ 7798-70,8.8,неполная,без покрытия,шт,78.7,справочник ГОСТ,243.1,кг,19.13197,расчёт: 243.1 руб/кг ÷ 12.7 шт/кг,"Болт 12х 80 без покрытия DIN 931 ГОСТ 7798-70 кл.пр.8.8 резьба неполная, Кг"
Болт M12x80 DIN 933 ГОСТ 7798-70,Болт,12.0,80.0,DIN 933,ГОСТ 7798-70,5.8,полная,без покрытия,шт,78.7,справочник ГОСТ,286,кг,22.5082,расчёт: 286 руб/кг ÷ 12.7 шт/кг,"Болт 12х 80 без покрытия DIN 933 ГОСТ 7798-70 КЛ.ПР.5.8 резьба полная, Кг"
Болт M12x90 DIN 931 ГОСТ 7798-70,Болт,12.0,90.0,DIN 931,ГОСТ 7798-70,8.8,неполная,без покрытия,шт,88.5,справочник ГОСТ,259.61,кг,22.975485,расчёт: 259.61 руб/кг ÷ 11.3 шт/кг,"Болт 12х 90 без покрытия DIN 931 ГОСТ 7798-70 кл.пр.8.8 резьба неполная, Кг"
Болт M12x90 DIN 933 ГОСТ 7798-70,Болт,12.0,90.0,DIN 933,ГОСТ 7798-70,12.9,полная,без покрытия,шт,88.5,справочник ГОСТ,1234.53,кг,109.255905,расчёт: 1234.53 руб/кг ÷ 11.3 шт/кг,"Болт 12х 90 без покрытия DIN 933 ГОСТ 7798-70 кл.пр.12.9 резьба полная, Кг"
Болт M12x100 DIN 931 ГОСТ 7798-70,Болт,12.0,100.0,DIN 931,ГОСТ 7798-70,8.8,неполная,без покрытия,шт,98.3,справочник ГОСТ,238.11,кг,23.406213,расчёт: 238.11 руб/кг ÷ 10.2 шт/кг,"Болт 12х100 без покрытия DIN 931 ГОСТ 7798-70 кл.пр.8.8 резьба неполная, Кг"
Болт M12x100 DIN 933 ГОСТ 7798-70,Болт,12.0,100.0,DIN 933,ГОСТ 7798-70,5.8,полная,без покрытия,шт,98.3,справочник ГОСТ,236.1,кг,23.20863,расчёт: 236.1 руб/кг ÷ 10.2 шт/кг,"Болт 12х100 без покрытия DIN 933 ГОСТ 7798-70 КЛ.ПР.5.8 резьба полная, Кг"
Болт M12x150 DIN 931 ГОСТ 7798-70,Болт,12.0,150.0,DIN 931,ГОСТ 7798-70,10.9,неполная,без покрытия,шт,147.3,справочник ГОСТ,256.27,кг,37.748571,расчёт: 256.27 руб/кг ÷ 6.8 шт/кг,"Болт 12х150 без покрытия DIN 931 ГОСТ 7798-70 кл.пр.10.9 резьба неполная, Кг"
Болт M12x170 DIN 931 ГОСТ 7798-70,Болт,12.0,170.0,DIN 931,ГОСТ 7798-70,5.8,неполная,без покрытия,шт,,,193,кг,,,"Болт 12х170 без покрытия DIN 931 ГОСТ 7798-70 КЛ.ПР.5.8 резьба неполная, Кг"
Болт M12x250 DIN 931 ГОСТ 7798-70,Болт,12.0,250.0,DIN 931,ГОСТ 7798-70,8.8,неполная,без покрытия,шт,,,956.73,кг,,,"Болт 12х250 без покрытия DIN 931 ГОСТ 7798-70 кл.пр.8.8 резьба неполная, Кг"
Болт M14x30 DIN 931 ГОСТ 7798-70,Болт,14.0,30.0,DIN 931,ГОСТ 7798-70,5.8,неполная,без покрытия,шт,47.0,справочник ГОСТ,242.55,кг,11.39985,расчёт: 242.55 руб/кг ÷ 21.3 шт/кг,"Болт 14х 30 без покрытия DIN 931 ГОСТ 7798-70 КЛ.ПР.5.8 резьба неполная, Кг"
Болт M14x40 DIN 933 ГОСТ 7798-70,Болт,14.0,40.0,DIN 933,ГОСТ 7798-70,8.8,полная,без покрытия,шт,62.4,справочник ГОСТ,411.79,кг,25.695696,расчёт: 411.79 руб/кг ÷ 16.0 шт/кг,"Болт 14х 40 без покрытия DIN 933 ГОСТ 7798-70 кл.пр.8.8 резьба полная, Кг"
Болт M14x50 DIN 931 ГОСТ 7798-70,Болт,14.0,50.0,DIN 931,ГОСТ 7798-70,5.8,неполная,без покрытия,шт,77.8,справочник ГОСТ,319,кг,24.8182,расчёт: 319 руб/кг ÷ 12.9 шт/кг,"Болт 14х 50 без покрытия DIN 931 ГОСТ 7798-70 КЛ.ПР.5.8 резьба неполная, Кг"
Болт M14x60 DIN 931 ГОСТ 7798-70,Болт,14.0,60.0,DIN 931,ГОСТ 7798-70,10.9,неполная,без покрытия,шт,93.2,справочник ГОСТ,251.31,кг,23.422092,расчёт: 251.31 руб/кг ÷ 10.7 шт/кг,"Болт 14х 60 без покрытия DIN 931 ГОСТ 7798-70 кл.пр.10.9 резьба неполная, Кг"
Болт M14x60 DIN 933 ГОСТ 7798-70,Болт,14.0,60.0,DIN 933,ГОСТ 7798-70,5.8,полная,без покрытия,шт,93.2,справочник ГОСТ,235.76,кг,21.972832,расчёт: 235.76 руб/кг ÷ 10.7 шт/кг,"Болт 14х 60 без покрытия DIN 933 ГОСТ 7798-70 КЛ.ПР.5.8 резьба полная, Кг"
Болт M14x65 DIN 931 ГОСТ 7798-70,Болт,14.0,65.0,DIN 931,ГОСТ 7798-70,8.8,неполная,без покрытия,шт,100.9,справочник ГОСТ,444.68,кг,44.868212,расчёт: 444.68 руб/кг ÷ 9.9 шт/кг,"Болт 14х 65 без покрытия DIN 931 ГОСТ 7798-70 кл.пр.8.8 резьба неполная, Кг"
Болт M14x70 DIN 931 ГОСТ 7798-70,Болт,14.0,70.0,DIN 931,ГОСТ 7798-70,8.8,неполная,без покрытия,шт,108.6,справочник ГОСТ,246.5,кг,26.7699,расчёт: 246.5 руб/кг ÷ 9.2 шт/кг,"Болт 14х 70 без покрытия DIN 931 ГОСТ 7798-70 кл.пр.8.8 резьба неполная, Кг"
Болт M14x70 DIN 933 ГОСТ 7798-70,Болт,14.0,70.0,DIN 933,ГОСТ 7798-70,10.9,полная,без покрытия,шт,108.6,справочник ГОСТ,262.66,кг,28.524876,расчёт: 262.66 руб/кг ÷ 9.2 шт/кг,"Болт 14х 70 без покрытия DIN 933 ГОСТ 7798-70 кл.пр.10.9 резьба полная, Кг"
Болт M14x80 DIN 931 ГОСТ 7798-70,Болт,14.0,80.0,DIN 931,ГОСТ 7798-70,5.8,полная,без покрытия,шт,124.0,справочник ГОСТ,209.04,кг,25.92096,расчёт: 209.04 руб/кг ÷ 8.1 шт/кг,"Болт 14х 80 без покрытия DIN 931 ГОСТ 7798-70 КЛ.ПР.5.8 резьба полная, Кг"
Болт M14x80 DIN 933 ГОСТ 7798-70,Болт,14.0,80.0,DIN 933,ГОСТ 7798-70,10.9,полная,без покрытия,шт,124.0,справочник ГОСТ,264.08,кг,32.74592,расчёт: 264.08 руб/кг ÷ 8.1 шт/кг,"Болт 14х 80 без покрытия DIN 933 ГОСТ 7798-70 кл.пр.10.9 резьба полная, Кг"
Болт M14x90 DIN 931 ГОСТ 7798-70,Болт,14.0,90.0,DIN 931,ГОСТ 7798-70,8.8,неполная,без покрытия,шт,139.4,справочник ГОСТ,214.25,кг,29.86645,расчёт: 214.25 руб/кг ÷ 7.2 шт/кг,"Болт 14х 90 без покрытия DIN 931 ГОСТ 7798-70 кл.пр.8.8 резьба неполная, Кг"
Болт M14x100 DIN 931 ГОСТ 7798-70,Болт,14.0,100.0,DIN 931,ГОСТ 7798-70,8.8,неполная,без покрытия,шт,154.8,справочник ГОСТ,286,кг,44.2728,расчёт: 286 руб/кг ÷ 6.5 шт/кг,"Болт 14х100 без покрытия DIN 931 ГОСТ 7798-70 кл.пр.8.8 резьба неполная, Кг"
Болт M14x100 DIN 933 ГОСТ 7798-70,Болт,14.0,100.0,DIN 933,ГОСТ 7798-70,5.8,полная,без покрытия,шт,154.8,справочник ГОСТ,273.96,кг,42.409008,расчёт: 273.96 руб/кг ÷ 6.5 шт/кг,"Болт 14х100 без покрытия DIN 933 ГОСТ 7798-70 КЛ.ПР.5.8 резьба полная, Кг"
Болт M14x160 DIN 931 ГОСТ 7798-70,Болт,14.0,160.0,DIN 931,ГОСТ 7798-70,8.8,неполная,без покрытия,шт,247.2,справочник ГОСТ,917.53,кг,226.813416,расчёт: 917.53 руб/кг ÷ 4.0 шт/кг,"Болт 14х160 без покрытия DIN 931 ГОСТ 7798-70 кл.пр.8.8 резьба неполная, Кг"
Болт M14x170 DIN 931 ГОСТ 7798-70,Болт,14.0,170.0,DIN 931,ГОСТ 7798-70,5.8,полная,без покрытия,шт,,,268.84,кг,,,"Болт 14х170 без покрытия DIN 931 ГОСТ 7798-70 КЛ.ПР.5.8 резьба полная, Кг"
Болт M20x200 DIN 931 ГОСТ 7798-70,Болт,20.0,200.0,DIN 931,ГОСТ 7798-70,10.9,неполная,без покрытия,шт,739.0,справочник ГОСТ,218,кг,161.102,расчёт: 218 руб/кг ÷ 1.4 шт/кг,"Болт 20х200 без покрытия DIN 931 ГОСТ 7798-70 кл.пр.10.9 резьба неполная, Кг"
Болт M16x25 DIN 931 ГОСТ 7798-70,Болт,16.0,25.0,DIN 931,ГОСТ 7798-70,5.8,неполная,без покрытия,шт,,,229.34,кг,,,"Болт 16х 25 без покрытия DIN 931 ГОСТ 7798-70 КЛ.ПР.5.8 резьба неполная, Кг"
Болт M16x25 DIN 933 ГОСТ 7798-70 цинк,Болт,16.0,25.0,DIN 933,ГОСТ 7798-70,8.8,полная,цинк,шт,,,232,кг,,,"Болт 16х 25 цинк DIN 933 ГОСТ 7798-70 кл.пр.8.8 резьба полная, Кг"
Болт M16x30 DIN 931 ГОСТ 7798-70,Болт,16.0,30.0,DIN 931,ГОСТ 7798-70,8.8,неполная,без покрытия,шт,66.0,справочник ГОСТ,252.21,кг,16.64586,расчёт: 252.21 руб/кг ÷ 15.2 шт/кг,"Болт 16х 30 без покрытия DIN 931 ГОСТ 7798-70 кл.пр.8.8 резьба неполная, Кг"
Болт M16x40 DIN 931 ГОСТ 7798-70,Болт,16.0,40.0,DIN 931,ГОСТ 7798-70,10.9,неполная,без покрытия,шт,87.4,справочник ГОСТ,286,кг,24.9964,расчёт: 286 руб/кг ÷ 11.4 шт/кг,"Болт 16х 40 без покрытия DIN 931 ГОСТ 7798-70 кл.пр.10.9 резьба неполная, Кг"
Болт M16x45 DIN 931 ГОСТ 7798-70,Болт,16.0,45.0,DIN 931,ГОСТ 7798-70,12.9,неполная,без покрытия,шт,98.1,справочник ГОСТ,319.81,кг,31.373361,расчёт: 319.81 руб/кг ÷ 10.2 шт/кг,"Болт 16х 45 без покрытия DIN 931 ГОСТ 7798-70 кл.пр.12.9 резьба неполная, Кг"
Болт M16x45 DIN 933 ГОСТ 7798-70,Болт,16.0,45.0,DIN 933,ГОСТ 7798-70,10.9,полная,без покрытия,шт,98.1,справочник ГОСТ,283.74,кг,27.834894,расчёт: 283.74 руб/кг ÷ 10.2 шт/кг,"Болт 16х 45 без покрытия DIN 933 ГОСТ 7798-70 кл.пр.10.9 резьба полная, Кг"
Болт M16x50 DIN 931 ГОСТ 7798-70,Болт,16.0,50.0,DIN 931,ГОСТ 7798-70,10.9,неполная,без покрытия,шт,108.8,справочник ГОСТ,255.21,кг,27.766848,расчёт: 255.21 руб/кг ÷ 9.2 шт/кг,"Болт 16х 50 без покрытия DIN 931 ГОСТ 7798-70 кл.пр.10.9 резьба неполная, Кг"
Болт M16x50 DIN 933 ГОСТ 7798-70,Болт,16.0,50.0,DIN 933,ГОСТ 7798-70,10.9,полная,без покрытия,шт,108.8,справочник ГОСТ,276.44,кг,30.076672,расчёт: 276.44 руб/кг ÷ 9.2 шт/кг,"Болт 16х 50 без покрытия DIN 933 ГОСТ 7798-70 кл.пр.10.9 резьба полная, Кг"
Болт M16x55 DIN 931 ГОСТ 7798-70,Болт,16.0,55.0,DIN 931,ГОСТ 7798-70,8.8,неполная,без покрытия,шт,119.5,справочник ГОСТ,257.4,кг,30.7593,расчёт: 257.4 руб/кг ÷ 8.4 шт/кг,"Болт 16х 55 без покрытия DIN 931 ГОСТ 7798-70 кл.пр.8.8 резьба неполная, Кг"
Болт M16x60 DIN 931 ГОСТ 7798-70,Болт,16.0,60.0,DIN 931,ГОСТ 7798-70,8.8,неполная,без покрытия,шт,130.2,справочник ГОСТ,257.4,кг,33.51348,расчёт: 257.4 руб/кг ÷ 7.7 шт/кг,"Болт 16х 60 без покрытия DIN 931 ГОСТ 7798-70 кл.пр.8.8 резьба неполная, Кг"
Болт M16x60 DIN 933 ГОСТ 7798-70,Болт,16.0,60.0,DIN 933,ГОСТ 7798-70,5.8,полная,без покрытия,шт,130.2,справочник ГОСТ,199.14,кг,25.928028,расчёт: 199.14 руб/кг ÷ 7.7 шт/кг,"Болт 16х 60 без покрытия DIN 933 ГОСТ 7798-70 КЛ.ПР.5.8 резьба полная, Кг"
Болт M16x70 DIN 931 ГОСТ 7798-70,Болт,16.0,70.0,DIN 931,ГОСТ 7798-70,10.9,неполная,без покрытия,шт,151.6,справочник ГОСТ,282.5,кг,42.827,расчёт: 282.5 руб/кг ÷ 6.6 шт/кг,"Болт 16х 70 без покрытия DIN 931 ГОСТ 7798-70 кл.пр.10.9 резьба неполная, Кг"
Болт M16x70 DIN 933 ГОСТ 7798-70,Болт,16.0,70.0,DIN 933,ГОСТ 7798-70,8.8,полная,без покрытия,шт,151.6,справочник ГОСТ,177.27,кг,26.874132,расчёт: 177.27 руб/кг ÷ 6.6 шт/кг,"Болт 16х 70 без покрытия DIN 933 ГОСТ 7798-70 кл.пр.8.8 резьба полная, Кг"
Болт M16x75 DIN 931 ГОСТ 7798-70,Болт,16.0,75.0,DIN 931,ГОСТ 7798-70,8.8,неполная,без покрытия,шт,162.3,справочник ГОСТ,287.67,кг,46.688841,расчёт: 287.67 руб/кг ÷ 6.2 шт/кг,"Болт 16х 75 без покрытия DIN 931 ГОСТ 7798-70 кл.пр.8.8 резьба неполная, Кг"
Болт M16x80 DIN 931 ГОСТ 7798-70,Болт,16.0,80.0,DIN 931,ГОСТ 7798-70,5.8,неполная,без покрытия,шт,173.0,справочник ГОСТ,217.5,кг,37.6275,расчёт: 217.5 руб/кг ÷ 5.8 шт/кг,"Болт 16х 80 без покрытия DIN 931 ГОСТ 7798-70 КЛ.ПР.5.8 резьба неполная, Кг"
Болт M16x80 DIN 933 ГОСТ 7798-70,Болт,16.0,80.0,DIN 933,ГОСТ 7798-70,8.8,полная,без покрытия,шт,173.0,справочник ГОСТ,258.53,кг,44.72569,расчёт: 258.53 руб/кг ÷ 5.8 шт/кг,"Болт 16х 80 без покрытия DIN 933 ГОСТ 7798-70 кл.пр.8.8 резьба полная, Кг"
Болт M16x85 DIN 931 ГОСТ 7798-70,Болт,16.0,85.0,DIN 931,ГОСТ 7798-70,5.8,неполная,без покрытия,шт,,,200.2,кг,,,"Болт 16х 85 без покрытия DIN 931 ГОСТ 7798-70 КЛ.ПР.5.8 резьба неполная, Кг"
Болт M16x90 DIN 931 ГОСТ 7798-70,Болт,16.0,90.0,DIN 931,ГОСТ 7798-70,8.8,неполная,без покрытия,шт,194.4,справочник ГОСТ,243.1,кг,47.25864,расчёт: 243.1 руб/кг ÷ 5.1 шт/кг,"Болт 16х 90 без покрытия DIN 931 ГОСТ 7798-70 кл.пр.8.8 резьба неполная, Кг"
Болт M16x90 DIN 933 ГОСТ 7798-70,Болт,16.0,90.0,DIN 933,ГОСТ 7798-70,8.8,полная,без покрытия,шт,194.4,справочник ГОСТ,257.4,кг,50.03856,расчёт: 257.4 руб/кг ÷ 5.1 шт/кг,"Болт 16х 90 без покрытия DIN 933 ГОСТ 7798-70 кл.пр.8.8 резьба полная, Кг"
Болт M16x100 DIN 931 ГОСТ 7798-70,Болт,16.0,100.0,DIN 931,ГОСТ 7798-70,10.9,неполная,без покрытия,шт,215.8,справочник ГОСТ,231,кг,49.8498,расчёт: 231 руб/кг ÷ 4.6 шт/кг,"Болт 16х100 без покрытия DIN 931 ГОСТ 7798-70 кл.пр.10.9 резьба неполная, Кг"
Болт M16x100 DIN 933 ГОСТ 7798-70,Болт,16.0,100.0,DIN 933,ГОСТ 7798-70,10.9,полная,без покрытия,шт,215.8,справочник ГОСТ,319,кг,68.8402,расчёт: 319 руб/кг ÷ 4.6 шт/кг,"Болт 16х100 без покрытия DIN 933 ГОСТ 7798-70 кл.пр.10.9 резьба полная, Кг"
Болт M16x110 DIN 931 ГОСТ 7798-70,Болт,16.0,110.0,DIN 931,ГОСТ 7798-70,8.8,неполная,без покрытия,шт,237.2,справочник ГОСТ,177.19,кг,42.029468,расчёт: 177.19 руб/кг ÷ 4.2 шт/кг,"Болт 16х110 без покрытия DIN 931 ГОСТ 7798-70 кл.пр.8.8 резьба неполная, Кг"
Болт M16x110 DIN 933 ГОСТ 7798-70,Болт,16.0,110.0,DIN 933,ГОСТ 7798-70,10.9,полная,без покрытия,шт,237.2,справочник ГОСТ,282.5,кг,67.009,расчёт: 282.5 руб/кг ÷ 4.2 шт/кг,"Болт 16х110 без покрытия DIN 933 ГОСТ 7798-70 кл.пр.10.9 резьба полная, Кг"
Болт M16x120 DIN 933 ГОСТ 7798-70,Болт,16.0,120.0,DIN 933,ГОСТ 7798-70,10.9,полная,без покрытия,шт,258.6,справочник ГОСТ,282.05,кг,72.93813,расчёт: 282.05 руб/кг ÷ 3.9 шт/кг,"Болт 16х120 без покрытия DIN 933 ГОСТ 7798-70 кл.пр.10.9 резьба полная, Кг"
Болт M16x130 DIN 931 ГОСТ 7798-70,Болт,16.0,130.0,DIN 931,ГОСТ 7798-70,5.8,неполная,без покрытия,шт,280.0,справочник ГОСТ,200.2,кг,56.056,расчёт: 200.2 руб/кг ÷ 3.6 шт/кг,"Болт 16х130 без покрытия DIN 931 ГОСТ 7798-70 КЛ.ПР.5.8 резьба неполная, Кг"
Болт M16x130 DIN 933 ГОСТ 7798-70,Болт,16.0,130.0,DIN 933,ГОСТ 7798-70,10.9,полная,без покрытия,шт,280.0,справочник ГОСТ,377,кг,105.56,расчёт: 377 руб/кг ÷ 3.6 шт/кг,"Болт 16х130 без покрытия DIN 933 ГОСТ 7798-70 кл.пр.10.9 резьба полная, Кг"
Болт M16x150 DIN 931 ГОСТ 7798-70,Болт,16.0,150.0,DIN 931,ГОСТ 7798-70,8.8,неполная,без покрытия,шт,322.8,справочник ГОСТ,188.82,кг,60.951096,расчёт: 188.82 руб/кг ÷ 3.1 шт/кг,"Болт 16х150 без покрытия DIN 931 ГОСТ 7798-70 кл.пр.8.8 резьба неполная, Кг"
Болт M16x150 DIN 933 ГОСТ 7798-70,Болт,16.0,150.0,DIN 933,ГОСТ 7798-70,5.8,полная,без покрытия,шт,322.8,справочник ГОСТ,346.5,кг,111.8502,расчёт: 346.5 руб/кг ÷ 3.1 шт/кг,"Болт 16х150 без покрытия DIN 933 ГОСТ 7798-70 КЛ.ПР.5.8 резьба полная, Кг"
Болт M16x160 DIN 931 ГОСТ 7798-70,Болт,16.0,160.0,DIN 931,ГОСТ 7798-70,5.8,неполная,без покрытия,шт,344.2,справочник ГОСТ,211,кг,72.6262,расчёт: 211 руб/кг ÷ 2.9 шт/кг,"Болт 16х160 без покрытия DIN 931 ГОСТ 7798-70 КЛ.ПР.5.8 резьба неполная, Кг"
Болт M16x180 DIN 931 ГОСТ 7798-70,Болт,16.0,180.0,DIN 931,ГОСТ 7798-70,8.8,неполная,без покрытия,шт,387.0,справочник ГОСТ,214.64,кг,83.06568,расчёт: 214.64 руб/кг ÷ 2.6 шт/кг,"Болт 16х180 без покрытия DIN 931 ГОСТ 7798-70 кл.пр.8.8 резьба неполная, Кг"
Болт M16x200 DIN 931 ГОСТ 7798-70,Болт,16.0,200.0,DIN 931,ГОСТ 7798-70,5.8,неполная,без покрытия,шт,429.8,справочник ГОСТ,217.5,кг,93.4815,расчёт: 217.5 руб/кг ÷ 2.3 шт/кг,"Болт 16х200 без покрытия DIN 931 ГОСТ 7798-70 КЛ.ПР.5.8 резьба неполная, Кг"
Болт M16x220 DIN 931 ГОСТ 7798-70,Болт,16.0,220.0,DIN 931,ГОСТ 7798-70,5.8,неполная,без покрытия,шт,472.6,справочник ГОСТ,220.15,кг,104.04289,расчёт: 220.15 руб/кг ÷ 2.1 шт/кг,"Болт 16х220 без покрытия DIN 931 ГОСТ 7798-70 КЛ.ПР.5.8 резьба неполная, Кг"
Болт M16x240 DIN 931 ГОСТ 7798-70,Болт,16.0,240.0,DIN 931,ГОСТ 7798-70,5.8,неполная,без покрытия,шт,515.4,справочник ГОСТ,257.4,кг,132.66396,расчёт: 257.4 руб/кг ÷ 1.9 шт/кг,"Болт 16х240 без покрытия DIN 931 ГОСТ 7798-70 КЛ.ПР.5.8 резьба неполная, Кг"
Болт M16x240 DIN 933 ГОСТ 7798-70,Болт,16.0,240.0,DIN 933,ГОСТ 7798-70,5.8,полная,без покрытия,шт,515.4,справочник ГОСТ,328.9,кг,169.51506,расчёт: 328.9 руб/кг ÷ 1.9 шт/кг,"Болт 16х240 без покрытия DIN 933 ГОСТ 7798-70 КЛ.ПР.5.8 резьба полная, Кг"
Болт M16x300 DIN 931 ГОСТ 7798-70,Болт,16.0,300.0,DIN 931,ГОСТ 7798-70,5.8,неполная,без покрытия,шт,,,519.75,кг,,,"Болт 16х300 без покрытия DIN 931 ГОСТ 7798-70 КЛ.ПР.5.8 резьба неполная, Кг"
Болт M18x65 DIN 931 ГОСТ 7798-70,Болт,18.0,65.0,DIN 931,ГОСТ 7798-70,5.8,неполная,без покрытия,шт,191.0,справочник ГОСТ,231.12,кг,44.14392,расчёт: 231.12 руб/кг ÷ 5.2 шт/кг,"Болт 18х 65 без покрытия DIN 931 ГОСТ 7798-70 КЛ.ПР.5.8 резьба неполная, Кг"
Болт M18x70 DIN 931 ГОСТ 7798-70,Болт,18.0,70.0,DIN 931,ГОСТ 7798-70,8.8,неполная,без покрытия,шт,205.0,справочник ГОСТ,246.4,кг,50.512,расчёт: 246.4 руб/кг ÷ 4.9 шт/кг,"Болт 18х 70 без покрытия DIN 931 ГОСТ 7798-70 кл.пр.8.8 резьба неполная, Кг"
Болт M18x75 DIN 931 ГОСТ 7798-70,Болт,18.0,75.0,DIN 931,ГОСТ 7798-70,8.8,неполная,без покрытия,шт,,,504.5,кг,,,"Болт 18х 75 без покрытия DIN 931 ГОСТ 7798-70 кл.пр.8.8 резьба неполная, Кг"
Болт M18x80 DIN 931 ГОСТ 7798-70,Болт,18.0,80.0,DIN 931,ГОСТ 7798-70,8.8,неполная,без покрытия,шт,233.0,справочник ГОСТ,290,кг,67.57,расчёт: 290 руб/кг ÷ 4.3 шт/кг,"Болт 18х 80 без покрытия DIN 931 ГОСТ 7798-70 кл.пр.8.8 резьба неполная, Кг"
Болт M18x90 DIN 931 ГОСТ 7798-70,Болт,18.0,90.0,DIN 931,ГОСТ 7798-70,8.8,неполная,без покрытия,шт,261.0,справочник ГОСТ,308,кг,80.388,расчёт: 308 руб/кг ÷ 3.8 шт/кг,"Болт 18х 90 без покрытия DIN 931 ГОСТ 7798-70 кл.пр.8.8 резьба неполная, Кг"
Болт M18x110 DIN 931 ГОСТ 7798-70,Болт,18.0,110.0,DIN 931,ГОСТ 7798-70,5.8,неполная,без покрытия,шт,317.0,справочник ГОСТ,193.26,кг,61.26342,расчёт: 193.26 руб/кг ÷ 3.2 шт/кг,"Болт 18х110 без покрытия DIN 931 ГОСТ 7798-70 КЛ.ПР.5.8 резьба неполная, Кг"
Болт M18x120 DIN 931 ГОСТ 7798-70,Болт,18.0,120.0,DIN 931,ГОСТ 7798-70,8.8,неполная,без покрытия,шт,345.0,справочник ГОСТ,269.87,кг,93.10515,расчёт: 269.87 руб/кг ÷ 2.9 шт/кг,"Болт 18х120 без покрытия DIN 931 ГОСТ 7798-70 кл.пр.8.8 резьба неполная, Кг"
Болт M18x130 DIN 931 ГОСТ 7798-70,Болт,18.0,130.0,DIN 931,ГОСТ 7798-70,5.8,неполная,без покрытия,шт,373.0,справочник ГОСТ,257.4,кг,96.0102,расчёт: 257.4 руб/кг ÷ 2.7 шт/кг,"Болт 18х130 без покрытия DIN 931 ГОСТ 7798-70 КЛ.ПР.5.8 резьба неполная, Кг"
Болт M18x160 DIN 931 ГОСТ 7798-70,Болт,18.0,160.0,DIN 931,ГОСТ 7798-70,5.8,неполная,без покрытия,шт,457.0,справочник ГОСТ,232.19,кг,106.11083,расчёт: 232.19 руб/кг ÷ 2.2 шт/кг,"Болт 18х160 без покрытия DIN 931 ГОСТ 7798-70 КЛ.ПР.5.8 резьба неполная, Кг"
Болт M18x180 DIN 931 ГОСТ 7798-70,Болт,18.0,180.0,DIN 931,ГОСТ 7798-70,5.8,неполная,без покрытия,шт,513.0,справочник ГОСТ,211.6,кг,108.5508,расчёт: 211.6 руб/кг ÷ 1.9 шт/кг,"Болт 18х180 без покрытия DIN 931 ГОСТ 7798-70 КЛ.ПР.5.8 резьба неполная, Кг"
Болт M18x200 DIN 931 ГОСТ 7798-70,Болт,18.0,200.0,DIN 931,ГОСТ 7798-70,5.8,неполная,без покрытия,шт,569.0,справочник ГОСТ,391.5,кг,222.7635,расчёт: 391.5 руб/кг ÷ 1.8 шт/кг,"Болт 18х200 без покрытия DIN 931 ГОСТ 7798-70 КЛ.ПР.5.8 резьба неполная, Кг"
Болт M20x30 DIN 931 ГОСТ 7798-70,Болт,20.0,30.0,DIN 931,ГОСТ 7798-70,5.8,неполная,без покрытия,шт,,,308,кг,,,"Болт 20х 30 без покрытия DIN 931 ГОСТ 7798-70 КЛ.ПР.5.8 резьба неполная, Кг"
Болт M20x40 DIN 931 ГОСТ 7798-70,Болт,20.0,40.0,DIN 931,ГОСТ 7798-70,10.9,неполная,без покрытия,шт,163.0,справочник ГОСТ,453.92,кг,73.98896,расчёт: 453.92 руб/кг ÷ 6.1 шт/кг,"Болт 20х 40 без покрытия DIN 931 ГОСТ 7798-70 кл.пр.10.9 резьба неполная, Кг"
Болт M20x55 DIN 933 ГОСТ 7798-70,Болт,20.0,55.0,DIN 933,ГОСТ 7798-70,8.8,полная,без покрытия,шт,217.0,справочник ГОСТ,229.15,кг,49.72555,расчёт: 229.15 руб/кг ÷ 4.6 шт/кг,"Болт 20х 55 без покрытия DIN 933 ГОСТ 7798-70 кл.пр.8.8 резьба полная, Кг"
Болт M20x60 ГОСТ 7798-70,Болт,20.0,60.0,,ГОСТ 7798-70,,неполная,без покрытия,шт,235.0,справочник ГОСТ,756.47,кг,177.77045,расчёт: 756.47 руб/кг ÷ 4.3 шт/кг,"Болт 20х 60 без покрытия ГОСТ 7798-70 резьба неполная 09Г2С, Кг"
Болт M20x65 DIN 931 ГОСТ 7798-70,Болт,20.0,65.0,DIN 931,ГОСТ 7798-70,5.8,неполная,без покрытия,шт,253.0,справочник ГОСТ,207.35,кг,52.45955,расчёт: 207.35 руб/кг ÷ 4.0 шт/кг,"Болт 20х 65 без покрытия DIN 931 ГОСТ 7798-70 КЛ.ПР.5.8 резьба неполная, Кг"
Болт M20x70 DIN 931 ГОСТ 7798-70,Болт,20.0,70.0,DIN 931,ГОСТ 7798-70,10.9,неполная,без покрытия,шт,271.0,справочник ГОСТ,385,кг,104.335,расчёт: 385 руб/кг ÷ 3.7 шт/кг,"Болт 20х 70 без покрытия DIN 931 ГОСТ 7798-70 кл.пр.10.9 резьба неполная, Кг"
Болт M20x70 DIN 933 ГОСТ 7798-70,Болт,20.0,70.0,DIN 933,ГОСТ 7798-70,5.8,полная,без покрытия,шт,271.0,справочник ГОСТ,247.94,кг,67.19174,расчёт: 247.94 руб/кг ÷ 3.7 шт/кг,"Болт 20х 70 без покрытия DIN 933 ГОСТ 7798-70 КЛ.ПР.5.8 резьба полная, Кг"
Болт M20x75 DIN 931 ГОСТ 7798-70,Болт,20.0,75.0,DIN 931,ГОСТ 7798-70,8.8,неполная,без покрытия,шт,289.0,справочник ГОСТ,154,кг,44.506,расчёт: 154 руб/кг ÷ 3.5 шт/кг,"Болт 20х 75 без покрытия DIN 931 ГОСТ 7798-70 кл.пр.8.8 резьба неполная, Кг"
Болт M20x80 DIN 931 ГОСТ 7798-70,Болт,20.0,80.0,DIN 931,ГОСТ 7798-70,5.8,неполная,без покрытия,шт,307.0,справочник ГОСТ,185.9,кг,57.0713,расчёт: 185.9 руб/кг ÷ 3.3 шт/кг,"Болт 20х 80 без покрытия DIN 931 ГОСТ 7798-70 КЛ.ПР.5.8 резьба неполная, Кг"
Болт M20x85 DIN 931 ГОСТ 7798-70,Болт,20.0,85.0,DIN 931,ГОСТ 7798-70,8.8,неполная,без покрытия,шт,,,186.88,кг,,,"Болт 20х 85 без покрытия DIN 931 ГОСТ 7798-70 кл.пр.8.8 резьба неполная, Кг"
Болт M20x90 DIN 931 ГОСТ 7798-70,Болт,20.0,90.0,DIN 931,ГОСТ 7798-70,10.9,неполная,без покрытия,шт,343.0,справочник ГОСТ,282.19,кг,96.79117,расчёт: 282.19 руб/кг ÷ 2.9 шт/кг,"Болт 20х 90 без покрытия DIN 931 ГОСТ 7798-70 кл.пр.10.9 резьба неполная, Кг"
Болт M20x90 DIN 933 ГОСТ 7798-70,Болт,20.0,90.0,DIN 933,ГОСТ 7798-70,5.8,полная,без покрытия,шт,343.0,справочник ГОСТ,246.4,кг,84.5152,расчёт: 246.4 руб/кг ÷ 2.9 шт/кг,"Болт 20х 90 без покрытия DIN 933 ГОСТ 7798-70 КЛ.ПР.5.8 резьба полная, Кг"
Болт M20x90 ГОСТ 7798-70,Болт,20.0,90.0,,ГОСТ 7798-70,,неполная,без покрытия,шт,343.0,справочник ГОСТ,913.5,кг,313.3305,расчёт: 913.5 руб/кг ÷ 2.9 шт/кг,"Болт 20х 90 без покрытия ГОСТ 7798-70 резьба неполная 09Г2С, Кг"
Болт M20x95 DIN 931 ГОСТ 7798-70,Болт,20.0,95.0,DIN 931,ГОСТ 7798-70,5.8,неполная,без покрытия,шт,,,154,кг,,,"Болт 20х 95 без покрытия DIN 931 ГОСТ 7798-70 КЛ.ПР.5.8 резьба неполная, Кг"
Болт M20x100 DIN 933 ГОСТ 7798-70,Болт,20.0,100.0,DIN 933,ГОСТ 7798-70,5.8,полная,без покрытия,шт,379.0,справочник ГОСТ,239.16,кг,90.64164,расчёт: 239.16 руб/кг ÷ 2.6 шт/кг,"Болт 20х100 без покрытия DIN 933 ГОСТ 7798-70 КЛ.ПР.5.8 резьба полная, Кг"
Болт M20x110 DIN 931 ГОСТ 7798-70,Болт,20.0,110.0,DIN 931,ГОСТ 7798-70,8.8,неполная,без покрытия,шт,415.0,справочник ГОСТ,286,кг,118.69,расчёт: 286 руб/кг ÷ 2.4 шт/кг,"Болт 20х110 без покрытия DIN 931 ГОСТ 7798-70 кл.пр.8.8 резьба неполная, Кг"
Болт M20x120 DIN 931 ГОСТ 7798-70,Болт,20.0,120.0,DIN 931,ГОСТ 7798-70,10.9,неполная,без покрытия,шт,451.0,справочник ГОСТ,246.4,кг,111.1264,расчёт: 246.4 руб/кг ÷ 2.2 шт/кг,"Болт 20х120 без покрытия DIN 931 ГОСТ 7798-70 кл.пр.10.9 резьба неполная, Кг"
Болт M20x120 DIN 933 ГОСТ 7798-70,Болт,20.0,120.0,DIN 933,ГОСТ 7798-70,5.8,полная,без покрытия,шт,451.0,справочник ГОСТ,284.71,кг,128.40421,расчёт: 284.71 руб/кг ÷ 2.2 шт/кг,"Болт 20х120 без покрытия DIN 933 ГОСТ 7798-70 КЛ.ПР.5.8 резьба полная, Кг"
Болт M20x140 DIN 931 ГОСТ 7798-70,Болт,20.0,140.0,DIN 931,ГОСТ 7798-70,8.8,неполная,без покрытия,шт,523.0,справочник ГОСТ,338.8,кг,177.1924,расчёт: 338.8 руб/кг ÷ 1.9 шт/кг,"Болт 20х140 без покрытия DIN 931 ГОСТ 7798-70 кл.пр.8.8 резьба неполная, Кг"
Болт M20x150 DIN 931 ГОСТ 7798-70,Болт,20.0,150.0,DIN 931,ГОСТ 7798-70,10.9,неполная,без покрытия,шт,559.0,справочник ГОСТ,271.54,кг,151.79086,расчёт: 271.54 руб/кг ÷ 1.8 шт/кг,"Болт 20х150 без покрытия DIN 931 ГОСТ 7798-70 кл.пр.10.9 резьба неполная, Кг"
Болт M20x150 DIN 933 ГОСТ 7798-70,Болт,20.0,150.0,DIN 933,ГОСТ 7798-70,5.8,полная,без покрытия,шт,559.0,справочник ГОСТ,233.09,кг,130.29731,расчёт: 233.09 руб/кг ÷ 1.8 шт/кг,"Болт 20х150 без покрытия DIN 933 ГОСТ 7798-70 КЛ.ПР.5.8 резьба полная, Кг"
Болт M20x180 DIN 931 ГОСТ 7798-70,Болт,20.0,180.0,DIN 931,ГОСТ 7798-70,8.8,неполная,без покрытия,шт,667.0,справочник ГОСТ,243.38,кг,162.33446,расчёт: 243.38 руб/кг ÷ 1.5 шт/кг,"Болт 20х180 без покрытия DIN 931 ГОСТ 7798-70 кл.пр.8.8 резьба неполная, Кг"
Болт M20x200 DIN 933 ГОСТ 7798-70,Болт,20.0,200.0,DIN 933,ГОСТ 7798-70,5.8,полная,без покрытия,шт,739.0,справочник ГОСТ,206.72,кг,152.76608,расчёт: 206.72 руб/кг ÷ 1.4 шт/кг,"Болт 20х200 без покрытия DIN 933 ГОСТ 7798-70 КЛ.ПР.5.8 резьба полная, Кг"
Болт M20x230 DIN 931 ГОСТ 7798-70,Болт,20.0,230.0,DIN 931,ГОСТ 7798-70,5.8,неполная,без покрытия,шт,,,286,кг,,,"Болт 20х230 без покрытия DIN 931 ГОСТ 7798-70 КЛ.ПР.5.8 резьба неполная, Кг"
Болт M20x240 DIN 931 ГОСТ 7798-70,Болт,20.0,240.0,DIN 931,ГОСТ 7798-70,5.8,неполная,без покрытия,шт,,,388.08,кг,,,"Болт 20х240 без покрытия DIN 931 ГОСТ 7798-70 КЛ.ПР.5.8 резьба неполная, Кг"
Болт M20x250 DIN 931 ГОСТ 7798-70,Болт,20.0,250.0,DIN 931,ГОСТ 7798-70,5.8,неполная,без покрытия,шт,,,239.49,кг,,,"Болт 20х250 без покрытия DIN 931 ГОСТ 7798-70 КЛ.ПР.5.8 резьба неполная, Кг"
Болт M20x260 DIN 931 ГОСТ 7798-70,Болт,20.0,260.0,DIN 931,ГОСТ 7798-70,5.8,неполная,без покрытия,шт,,,243.11,кг,,,"Болт 20х260 без покрытия DIN 931 ГОСТ 7798-70 КЛ.ПР.5.8 резьба неполная, Кг"
Болт M20x300 DIN 931 ГОСТ 7798-70,Болт,20.0,300.0,DIN 931,ГОСТ 7798-70,10.9,неполная,без покрытия,шт,,,336.49,кг,,,"Болт 20х300 без покрытия DIN 931 ГОСТ 7798-70 кл.пр.10.9 резьба неполная, Кг"
Болт M22x65 DIN 931 ГОСТ 7798-70,Болт,22.0,65.0,DIN 931,ГОСТ 7798-70,10.9,неполная,без покрытия,шт,326.0,справочник ГОСТ,509.76,кг,166.18176,расчёт: 509.76 руб/кг ÷ 3.1 шт/кг,"Болт 22х 65 без покрытия DIN 931 ГОСТ 7798-70 кл.пр.10.9 резьба неполная, Кг"
Болт M22x70 DIN 931 ГОСТ 7798-70,Болт,22.0,70.0,DIN 931,ГОСТ 7798-70,10.9,неполная,без покрытия,шт,349.0,справочник ГОСТ,368.62,кг,128.64838,расчёт: 368.62 руб/кг ÷ 2.9 шт/кг,"Болт 22х 70 без покрытия DIN 931 ГОСТ 7798-70 кл.пр.10.9 резьба неполная, Кг"
Болт M22x70 DIN 933 ГОСТ 7798-70,Болт,22.0,70.0,DIN 933,ГОСТ 7798-70,5.8,полная,без покрытия,шт,349.0,справочник ГОСТ,254.09,кг,88.67741,расчёт: 254.09 руб/кг ÷ 2.9 шт/кг,"Болт 22х 70 без покрытия DIN 933 ГОСТ 7798-70 КЛ.ПР.5.8 резьба полная, Кг"
Болт M22x90 DIN 931 ГОСТ 7798-70,Болт,22.0,90.0,DIN 931,ГОСТ 7798-70,8.8,неполная,без покрытия,шт,441.0,справочник ГОСТ,340.75,кг,150.27075,расчёт: 340.75 руб/кг ÷ 2.3 шт/кг,"Болт 22х 90 без покрытия DIN 931 ГОСТ 7798-70 кл.пр.8.8 резьба неполная, Кг"
Болт M22x175 DIN 931 ГОСТ 7798-70,Болт,22.0,175.0,DIN 931,ГОСТ 7798-70,5.8,неполная,без покрытия,шт,,,664.13,кг,,,"Болт 22х175 без покрытия DIN 931 ГОСТ 7798-70 КЛ.ПР.5.8 резьба неполная, Кг"
Болт M22x180 DIN 931 ГОСТ 7798-70,Болт,22.0,180.0,DIN 931,ГОСТ 7798-70,5.8,неполная,без покрытия,шт,855.0,справочник ГОСТ,228.7,кг,195.5385,расчёт: 228.7 руб/кг ÷ 1.2 шт/кг,"Болт 22х180 без покрытия DIN 931 ГОСТ 7798-70 КЛ.ПР.5.8 резьба неполная, Кг"
Болт M22x220 DIN 931 ГОСТ 7798-70,Болт,22.0,220.0,DIN 931,ГОСТ 7798-70,5.8,неполная,без покрытия,шт,,,286,кг,,,"Болт 22х220 без покрытия DIN 931 ГОСТ 7798-70 КЛ.ПР.5.8 резьба неполная, Кг"
Болт M22x260 DIN 931 ГОСТ 7798-70,Болт,22.0,260.0,DIN 931,ГОСТ 7798-70,5.8,неполная,без покрытия,шт,,,400.49,кг,,,"Болт 22х260 без покрытия DIN 931 ГОСТ 7798-70 КЛ.ПР.5.8 резьба неполная, Кг"
Болт M22x280 DIN 931 ГОСТ 7798-70,Болт,22.0,280.0,DIN 931,ГОСТ 7798-70,5.8,неполная,без покрытия,шт,,,318.24,кг,,,"Болт 22х280 без покрытия DIN 931 ГОСТ 7798-70 КЛ.ПР.5.8 резьба неполная, Кг"
Болт M24x100 DIN 931 ГОСТ 7798-70,Болт,24.0,100.0,DIN 931,ГОСТ 7798-70,10.9,неполная,без покрытия,шт,638.0,справочник ГОСТ,292.6,кг,186.6788,расчёт: 292.6 руб/кг ÷ 1.6 шт/кг,"Болт 24х100 без покрытия DIN 931 ГОСТ 7798-70 кл.пр.10.9 резьба неполная, Кг"
Болт M24x50 DIN 931 ГОСТ 7798-70,Болт,24.0,50.0,DIN 931,ГОСТ 7798-70,5.8,неполная,без покрытия,шт,338.0,справочник ГОСТ,293.92,кг,99.34496,расчёт: 293.92 руб/кг ÷ 3.0 шт/кг,"Болт 24х 50 без покрытия DIN 931 ГОСТ 7798-70 КЛ.ПР.5.8 резьба неполная, Кг"
Болт M24x60 DIN 931 ГОСТ 7798-70,Болт,24.0,60.0,DIN 931,ГОСТ 7798-70,8.8,неполная,без покрытия,шт,398.0,справочник ГОСТ,290,кг,115.42,расчёт: 290 руб/кг ÷ 2.5 шт/кг,"Болт 24х 60 без покрытия DIN 931 ГОСТ 7798-70 кл.пр.8.8 резьба неполная, Кг"
Болт M24x70 DIN 931 ГОСТ 7798-70,Болт,24.0,70.0,DIN 931,ГОСТ 7798-70,10.9,неполная,без покрытия,шт,458.0,справочник ГОСТ,492.43,кг,225.53294,расчёт: 492.43 руб/кг ÷ 2.2 шт/кг,"Болт 24х 70 без покрытия DIN 931 ГОСТ 7798-70 кл.пр.10.9 резьба неполная, Кг"
Болт M24x75 DIN 931 ГОСТ 7798-70,Болт,24.0,75.0,DIN 931,ГОСТ 7798-70,8.8,неполная,без покрытия,шт,488.0,справочник ГОСТ,306.39,кг,149.51832,расчёт: 306.39 руб/кг ÷ 2.0 шт/кг,"Болт 24х 75 без покрытия DIN 931 ГОСТ 7798-70 кл.пр.8.8 резьба неполная, Кг"
Болт M24x80 DIN 931 ГОСТ 7798-70,Болт,24.0,80.0,DIN 931,ГОСТ 7798-70,8.8,неполная,без покрытия,шт,518.0,справочник ГОСТ,357.5,кг,185.185,расчёт: 357.5 руб/кг ÷ 1.9 шт/кг,"Болт 24х 80 без покрытия DIN 931 ГОСТ 7798-70 кл.пр.8.8 резьба неполная, Кг"
Болт M24x110 DIN 933 ГОСТ 7798-70,Болт,24.0,110.0,DIN 933,ГОСТ 7798-70,8.8,полная,без покрытия,шт,698.0,справочник ГОСТ,411.87,кг,287.48526,расчёт: 411.87 руб/кг ÷ 1.4 шт/кг,"Болт 24х110 без покрытия DIN 933 ГОСТ 7798-70 кл.пр.8.8 резьба полная, Кг"
Болт M24x115 DIN 931 ГОСТ 7798-70,Болт,24.0,115.0,DIN 931,ГОСТ 7798-70,5.8,неполная,без покрытия,шт,,,203,кг,,,"Болт 24х115 без покрытия DIN 931 ГОСТ 7798-70 КЛ.ПР.5.8 резьба неполная, Кг"
Болт M24x120 DIN 931 ГОСТ 7798-70,Болт,24.0,120.0,DIN 931,ГОСТ 7798-70,10.9,неполная,без покрытия,шт,758.0,справочник ГОСТ,246.4,кг,186.7712,расчёт: 246.4 руб/кг ÷ 1.3 шт/кг,"Болт 24х120 без покрытия DIN 931 ГОСТ 7798-70 кл.пр.10.9 резьба неполная, Кг"
Болт M24x120 DIN 933 ГОСТ 7798-70,Болт,24.0,120.0,DIN 933,ГОСТ 7798-70,5.8,полная,без покрытия,шт,758.0,справочник ГОСТ,292.49,кг,221.70742,расчёт: 292.49 руб/кг ÷ 1.3 шт/кг,"Болт 24х120 без покрытия DIN 933 ГОСТ 7798-70 КЛ.ПР.5.8 резьба полная, Кг"
Болт M24x140 DIN 931 ГОСТ 7798-70,Болт,24.0,140.0,DIN 931,ГОСТ 7798-70,10.9,неполная,без покрытия,шт,878.0,справочник ГОСТ,377.96,кг,331.84888,расчёт: 377.96 руб/кг ÷ 1.1 шт/кг,"Болт 24х140 без покрытия DIN 931 ГОСТ 7798-70 кл.пр.10.9 резьба неполная, Кг"
Болт M24x160 DIN 931 ГОСТ 7798-70,Болт,24.0,160.0,DIN 931,ГОСТ 7798-70,8.8,неполная,без покрытия,шт,998.0,справочник ГОСТ,400.4,кг,399.5992,расчёт: 400.4 руб/кг ÷ 1.0 шт/кг,"Болт 24х160 без покрытия DIN 931 ГОСТ 7798-70 кл.пр.8.8 резьба неполная, Кг"
Болт M24x160 DIN 933 ГОСТ 7798-70,Болт,24.0,160.0,DIN 933,ГОСТ 7798-70,12.9,полная,без покрытия,шт,998.0,справочник ГОСТ,430.85,кг,429.9883,расчёт: 430.85 руб/кг ÷ 1.0 шт/кг,"Болт 24х160 без покрытия DIN 933 ГОСТ 7798-70 кл.пр.12.9 резьба полная, Кг"
Болт M24x180 DIN 931 ГОСТ 7798-70,Болт,24.0,180.0,DIN 931,ГОСТ 7798-70,5.8,полная,без покрытия,шт,1118.0,справочник ГОСТ,200.46,кг,224.11428,расчёт: 200.46 руб/кг ÷ 0.9 шт/кг,"Болт 24х180 без покрытия DIN 931 ГОСТ 7798-70 КЛ.ПР.5.8 резьба полная, Кг"
Болт M24x190 DIN 931 ГОСТ 7798-70,Болт,24.0,190.0,DIN 931,ГОСТ 7798-70,8.8,неполная,без покрытия,шт,,,343.2,кг,,,"Болт 24х190 без покрытия DIN 931 ГОСТ 7798-70 кл.пр.8.8 резьба неполная, Кг"
Болт M24x200 DIN 931 ГОСТ 7798-70,Болт,24.0,200.0,DIN 931,ГОСТ 7798-70,8.8,неполная,без покрытия,шт,1238.0,справочник ГОСТ,354.2,кг,438.4996,расчёт: 354.2 руб/кг ÷ 0.8 шт/кг,"Болт 24х200 без покрытия DIN 931 ГОСТ 7798-70 кл.пр.8.8 резьба неполная, Кг"
Болт M24x220 DIN 931 ГОСТ 7798-70,Болт,24.0,220.0,DIN 931,ГОСТ 7798-70,8.8,неполная,без покрытия,шт,1358.0,справочник ГОСТ,300.44,кг,407.99752,расчёт: 300.44 руб/кг ÷ 0.7 шт/кг,"Болт 24х220 без покрытия DIN 931 ГОСТ 7798-70 кл.пр.8.8 резьба неполная, Кг"
Болт M24x230 DIN 931 ГОСТ 7798-70,Болт,24.0,230.0,DIN 931,ГОСТ 7798-70,5.8,неполная,без покрытия,шт,,,286,кг,,,"Болт 24х230 без покрытия DIN 931 ГОСТ 7798-70 КЛ.ПР.5.8 резьба неполная, Кг"
Болт M24x240 DIN 931 ГОСТ 7798-70,Болт,24.0,240.0,DIN 931,ГОСТ 7798-70,8.8,неполная,без покрытия,шт,1478.0,справочник ГОСТ,231.73,кг,342.49694,расчёт: 231.73 руб/кг ÷ 0.7 шт/кг,"Болт 24х240 без покрытия DIN 931 ГОСТ 7798-70 кл.пр.8.8 резьба неполная, Кг"
Болт M24x250 DIN 931 ГОСТ 7798-70,Болт,24.0,250.0,DIN 931,ГОСТ 7798-70,12.9,неполная,без покрытия,шт,,,873.18,кг,,,"Болт 24х250 без покрытия DIN 931 ГОСТ 7798-70 кл.пр.12.9 резьба неполная, Кг"
Болт M24x260 DIN 931 ГОСТ 7798-70,Болт,24.0,260.0,DIN 931,ГОСТ 7798-70,5.8,неполная,без покрытия,шт,,,375.14,кг,,,"Болт 24х260 без покрытия DIN 931 ГОСТ 7798-70 КЛ.ПР.5.8 резьба неполная, Кг"
Болт M27x70 DIN 931 ГОСТ 7798-70,Болт,27.0,70.0,DIN 931,ГОСТ 7798-70,5.8,неполная,без покрытия,шт,631.0,справочник ГОСТ,219.53,кг,138.52343,расчёт: 219.53 руб/кг ÷ 1.6 шт/кг,"Болт 27х 70 без покрытия DIN 931 ГОСТ 7798-70 КЛ.ПР.5.8 резьба неполная, Кг"
Болт M27x90 DIN 931 ГОСТ 7798-70,Болт,27.0,90.0,DIN 931,ГОСТ 7798-70,8.8,неполная,без покрытия,шт,799.0,справочник ГОСТ,308.88,кг,246.79512,расчёт: 308.88 руб/кг ÷ 1.3 шт/кг,"Болт 27х 90 без покрытия DIN 931 ГОСТ 7798-70 кл.пр.8.8 резьба неполная, Кг"
Болт M27x110 DIN 931 ГОСТ 7798-70,Болт,27.0,110.0,DIN 931,ГОСТ 7798-70,10.9,неполная,без покрытия,шт,967.0,справочник ГОСТ,293.25,кг,283.57275,расчёт: 293.25 руб/кг ÷ 1.0 шт/кг,"Болт 27х110 без покрытия DIN 931 ГОСТ 7798-70 кл.пр.10.9 резьба неполная, Кг"
Болт M27x115 DIN 931 ГОСТ 7798-70,Болт,27.0,115.0,DIN 931,ГОСТ 7798-70,5.8,неполная,без покрытия,шт,,,206.32,кг,,,"Болт 27х115 без покрытия DIN 931 ГОСТ 7798-70 КЛ.ПР.5.8 резьба неполная, Кг"
Болт M27x120 DIN 931 ГОСТ 7798-70,Болт,27.0,120.0,DIN 931,ГОСТ 7798-70,8.8,неполная,без покрытия,шт,1051.0,справочник ГОСТ,333.5,кг,350.5085,расчёт: 333.5 руб/кг ÷ 1.0 шт/кг,"Болт 27х120 без покрытия DIN 931 ГОСТ 7798-70 кл.пр.8.8 резьба неполная, Кг"
Болт M27x130 DIN 931 ГОСТ 7798-70,Болт,27.0,130.0,DIN 931,ГОСТ 7798-70,8.8,неполная,без покрытия,шт,1135.0,справочник ГОСТ,384.49,кг,436.39615,расчёт: 384.49 руб/кг ÷ 0.9 шт/кг,"Болт 27х130 без покрытия DIN 931 ГОСТ 7798-70 кл.пр.8.8 резьба неполная, Кг"
Болт M27x170 DIN 931 ГОСТ 7798-70,Болт,27.0,170.0,DIN 931,ГОСТ 7798-70,5.8,неполная,без покрытия,шт,,,269.46,кг,,,"Болт 27х170 без покрытия DIN 931 ГОСТ 7798-70 КЛ.ПР.5.8 резьба неполная, Кг"
Болт M27x180 DIN 931 ГОСТ 7798-70,Болт,27.0,180.0,DIN 931,ГОСТ 7798-70,5.8,неполная,без покрытия,шт,,,267.15,кг,,,"Болт 27х180 без покрытия DIN 931 ГОСТ 7798-70 КЛ.ПР.5.8 резьба неполная, Кг"
Болт M27x200 DIN 931 ГОСТ 7798-70,Болт,27.0,200.0,DIN 931,ГОСТ 7798-70,10.9,неполная,без покрытия,шт,,,334.39,кг,,,"Болт 27х200 без покрытия DIN 931 ГОСТ 7798-70 кл.пр.10.9 резьба неполная, Кг"
Болт M30x60 DIN 931 ГОСТ 7798-70,Болт,30.0,60.0,DIN 931,ГОСТ 7798-70,5.8,неполная,без покрытия,шт,727.0,справочник ГОСТ,163.64,кг,118.96628,расчёт: 163.64 руб/кг ÷ 1.4 шт/кг,"Болт 30х 60 без покрытия DIN 931 ГОСТ 7798-70 КЛ.ПР.5.8 резьба неполная, Кг"
Болт M30x80 DIN 931 ГОСТ 7798-70,Болт,30.0,80.0,DIN 931,ГОСТ 7798-70,5.8,неполная,без покрытия,шт,963.0,справочник ГОСТ,275.5,кг,265.3065,расчёт: 275.5 руб/кг ÷ 1.0 шт/кг,"Болт 30х 80 без покрытия DIN 931 ГОСТ 7798-70 КЛ.ПР.5.8 резьба неполная, Кг"
Болт M30x90 DIN 931 ГОСТ 7798-70,Болт,30.0,90.0,DIN 931,ГОСТ 7798-70,8.8,неполная,без покрытия,шт,1081.0,справочник ГОСТ,413.03,кг,446.48543,расчёт: 413.03 руб/кг ÷ 0.9 шт/кг,"Болт 30х 90 без покрытия DIN 931 ГОСТ 7798-70 кл.пр.8.8 резьба неполная, Кг"
Болт M30x90 DIN 933 ГОСТ 7798-70,Болт,30.0,90.0,DIN 933,ГОСТ 7798-70,10.9,полная,без покрытия,шт,1081.0,справочник ГОСТ,368.1,кг,397.9161,расчёт: 368.1 руб/кг ÷ 0.9 шт/кг,"Болт 30х 90 без покрытия DIN 933 ГОСТ 7798-70 кл.пр.10.9 резьба полная, Кг"
Болт M30x115 DIN 931 ГОСТ 7798-70,Болт,30.0,115.0,DIN 931,ГОСТ 7798-70,5.8,неполная,без покрытия,шт,,,210.56,кг,,,"Болт 30х115 без покрытия DIN 931 ГОСТ 7798-70 КЛ.ПР.5.8 резьба неполная, Кг"
Болт M30x120 DIN 931 ГОСТ 7798-70,Болт,30.0,120.0,DIN 931,ГОСТ 7798-70,10.9,неполная,без покрытия,шт,1435.0,справочник ГОСТ,314.6,кг,451.451,расчёт: 314.6 руб/кг ÷ 0.7 шт/кг,"Болт 30х120 без покрытия DIN 931 ГОСТ 7798-70 кл.пр.10.9 резьба неполная, Кг"
Болт M30x125 DIN 931 ГОСТ 7798-70,Болт,30.0,125.0,DIN 931,ГОСТ 7798-70,5.8,неполная,без покрытия,шт,,,243.54,кг,,,"Болт 30х125 без покрытия DIN 931 ГОСТ 7798-70 КЛ.ПР.5.8 резьба неполная, Кг"
Болт M30x140 DIN 931 ГОСТ 7798-70,Болт,30.0,140.0,DIN 931,ГОСТ 7798-70,5.8,неполная,без покрытия,шт,1671.0,справочник ГОСТ,178.04,кг,297.50484,расчёт: 178.04 руб/кг ÷ 0.6 шт/кг,"Болт 30х140 без покрытия DIN 931 ГОСТ 7798-70 КЛ.ПР.5.8 резьба неполная, Кг"
Болт M30x150 DIN 931 ГОСТ 7798-70,Болт,30.0,150.0,DIN 931,ГОСТ 7798-70,5.8,неполная,без покрытия,шт,1789.0,справочник ГОСТ,155.35,кг,277.92115,расчёт: 155.35 руб/кг ÷ 0.6 шт/кг,"Болт 30х150 без покрытия DIN 931 ГОСТ 7798-70 КЛ.ПР.5.8 резьба неполная, Кг"
Болт M30x170 DIN 931 ГОСТ 7798-70,Болт,30.0,170.0,DIN 931,ГОСТ 7798-70,10.9,неполная,без покрытия,шт,,,308.18,кг,,,"Болт 30х170 без покрытия DIN 931 ГОСТ 7798-70 кл.пр.10.9 резьба неполная, Кг"
Болт M30x180 DIN 931 ГОСТ 7798-70,Болт,30.0,180.0,DIN 931,ГОСТ 7798-70,8.8,неполная,без покрытия,шт,2143.0,справочник ГОСТ,371.8,кг,796.7674,расчёт: 371.8 руб/кг ÷ 0.5 шт/кг,"Болт 30х180 без покрытия DIN 931 ГОСТ 7798-70 кл.пр.8.8 резьба неполная, Кг"
Болт M30x200 DIN 931 ГОСТ 7798-70,Болт,30.0,200.0,DIN 931,ГОСТ 7798-70,10.9,неполная,без покрытия,шт,2379.0,справочник ГОСТ,431.04,кг,1025.44416,расчёт: 431.04 руб/кг ÷ 0.4 шт/кг,"Болт 30х200 без покрытия DIN 931 ГОСТ 7798-70 кл.пр.10.9 резьба неполная, Кг"
Болт M30x200 DIN 933 ГОСТ 7798-70,Болт,30.0,200.0,DIN 933,ГОСТ 7798-70,10.9,полная,без покрытия,шт,2379.0,справочник ГОСТ,257.4,кг,612.3546,расчёт: 257.4 руб/кг ÷ 0.4 шт/кг,"Болт 30х200 без покрытия DIN 933 ГОСТ 7798-70 кл.пр.10.9 резьба полная, Кг"
Болт M30x220 DIN 931 ГОСТ 7798-70,Болт,30.0,220.0,DIN 931,ГОСТ 7798-70,5.8,неполная,без покрытия,шт,,,253.08,кг,,,"Болт 30х220 без покрытия DIN 931 ГОСТ 7798-70 КЛ.ПР.5.8 резьба неполная, Кг"
Болт M30x280 DIN 931 ГОСТ 7798-70,Болт,30.0,280.0,DIN 931,ГОСТ 7798-70,5.8,неполная,без покрытия,шт,,,211.12,кг,,,"Болт 30х280 без покрытия DIN 931 ГОСТ 7798-70 КЛ.ПР.5.8 резьба неполная, Кг"
Болт M36x50 DIN 933 ГОСТ 7798-70,Болт,36.0,50.0,DIN 933,ГОСТ 7798-70,5.8,полная,без покрытия,шт,,,256.37,кг,,,"Болт 36х 50 без покрытия DIN 933 ГОСТ 7798-70 КЛ.ПР.5.8 резьба полная, Кг"
Болт M36x100 DIN 931 ГОСТ 7798-70,Болт,36.0,100.0,DIN 931,ГОСТ 7798-70,5.8,неполная,без покрытия,шт,2092.0,справочник ГОСТ,308,кг,644.336,расчёт: 308 руб/кг ÷ 0.5 шт/кг,"Болт 36х100 без покрытия DIN 931 ГОСТ 7798-70 КЛ.ПР.5.8 резьба неполная, Кг"
Болт M36x125 DIN 931 ГОСТ 7798-70,Болт,36.0,125.0,DIN 931,ГОСТ 7798-70,10.9,неполная,без покрытия,шт,,,627.9,кг,,,"Болт 36х125 без покрытия DIN 931 ГОСТ 7798-70 кл.пр.10.9 резьба неполная, Кг"
Болт M36x130 DIN 931 ГОСТ 7798-70,Болт,36.0,130.0,DIN 931,ГОСТ 7798-70,10.9,неполная,без покрытия,шт,2722.0,справочник ГОСТ,356.59,кг,970.63798,расчёт: 356.59 руб/кг ÷ 0.4 шт/кг,"Болт 36х130 без покрытия DIN 931 ГОСТ 7798-70 кл.пр.10.9 резьба неполная, Кг"
Болт M36x140 DIN 931 ГОСТ 7798-70,Болт,36.0,140.0,DIN 931,ГОСТ 7798-70,10.9,неполная,без покрытия,шт,,,350.35,кг,,,"Болт 36х140 без покрытия DIN 931 ГОСТ 7798-70 кл.пр.10.9 резьба неполная, Кг"
Болт M36x160 DIN 931 ГОСТ 7798-70,Болт,36.0,160.0,DIN 931,ГОСТ 7798-70,8.8,неполная,без покрытия,шт,3352.0,справочник ГОСТ,207.71,кг,696.24392,расчёт: 207.71 руб/кг ÷ 0.3 шт/кг,"Болт 36х160 без покрытия DIN 931 ГОСТ 7798-70 кл.пр.8.8 резьба неполная, Кг"
Болт M36x180 DIN 931 ГОСТ 7798-70,Болт,36.0,180.0,DIN 931,ГОСТ 7798-70,10.9,неполная,без покрытия,шт,3772.0,справочник ГОСТ,259.84,кг,980.11648,расчёт: 259.84 руб/кг ÷ 0.3 шт/кг,"Болт 36х180 без покрытия DIN 931 ГОСТ 7798-70 кл.пр.10.9 резьба неполная, Кг"
Болт M36x190 DIN 931 ГОСТ 7798-70,Болт,36.0,190.0,DIN 931,ГОСТ 7798-70,5.8,неполная,без покрытия,шт,,,200.2,кг,,,"Болт 36х190 без покрытия DIN 931 ГОСТ 7798-70 КЛ.ПР.5.8 резьба неполная, Кг"
Болт M36x220 DIN 931 ГОСТ 7798-70,Болт,36.0,220.0,DIN 931,ГОСТ 7798-70,10.9,неполная,без покрытия,шт,,,745.82,кг,,,"Болт 36х220 без покрытия DIN 931 ГОСТ 7798-70 кл.пр.10.9 резьба неполная, Кг"
Болт M36x240 DIN 931 ГОСТ 7798-70,Болт,36.0,240.0,DIN 931,ГОСТ 7798-70,10.9,неполная,без покрытия,шт,,,293.16,кг,,,"Болт 36х240 без покрытия DIN 931 ГОСТ 7798-70 кл.пр.10.9 резьба неполная, Кг"
Болт M42x120 DIN 931 ГОСТ 7798-70,Болт,42.0,120.0,DIN 931,ГОСТ 7798-70,5.8,неполная,без покрытия,шт,,,338.8,кг,,,"Болт 42х120 без покрытия DIN 931 ГОСТ 7798-70 КЛ.ПР.5.8 резьба неполная, Кг"
Болт M42x140 DIN 931 ГОСТ 7798-70,Болт,42.0,140.0,DIN 931,ГОСТ 7798-70,5.8,неполная,без покрытия,шт,,,174.55,кг,,,"Болт 42х140 без покрытия DIN 931 ГОСТ 7798-70 КЛ.ПР.5.8 резьба неполная, Кг"
Болт M42x160 DIN 931 ГОСТ 7798-70,Болт,42.0,160.0,DIN 931,ГОСТ 7798-70,5.8,неполная,без покрытия,шт,,,258.6,кг,,,"Болт 42х160 без покрытия DIN 931 ГОСТ 7798-70 КЛ.ПР.5.8 резьба неполная, Кг"
Болт M42x180 DIN 931 ГОСТ 7798-70,Болт,42.0,180.0,DIN 931,ГОСТ 7798-70,5.8,неполная,без покрытия,шт,,,367.49,кг,,,"Болт 42х180 без покрытия DIN 931 ГОСТ 7798-70 КЛ.ПР.5.8 резьба неполная, Кг"
Болт M42x200 DIN 931 ГОСТ 7798-70,Болт,42.0,200.0,DIN 931,ГОСТ 7798-70,5.8,неполная,без покрытия,шт,,,174.76,кг,,,"Болт 42х200 без покрытия DIN 931 ГОСТ 7798-70 КЛ.ПР.5.8 резьба неполная, Кг"
Болт M42x200 DIN 931 ГОСТ 7798-70 горячий цинк,Болт,42.0,200.0,DIN 931,ГОСТ 7798-70,5.8,неполная,горячий цинк,шт,,,421.77,кг,,,"Болт 42х200 горячее цинкование DIN 931 ГОСТ 7798-70 КЛ.ПР.5.8 резьба неполная, Кг"
Болт M42x220 DIN 931 ГОСТ 7798-70,Болт,42.0,220.0,DIN 931,ГОСТ 7798-70,5.8,неполная,без покрытия,шт,,,174.36,кг,,,"Болт 42х220 без покрытия DIN 931 ГОСТ 7798-70 КЛ.ПР.5.8 резьба неполная, Кг"
Болт M42x300 DIN 931 ГОСТ 7798-70,Болт,42.0,300.0,DIN 931,ГОСТ 7798-70,8.8,неполная,без покрытия,шт,,,445.63,кг,,,"Болт 42х300 без покрытия DIN 931 ГОСТ 7798-70 кл.пр.8.8 резьба неполная, Кг"
Болт M6x10 DIN 931 ГОСТ 7798-70 цинк,Болт,6.0,10.0,DIN 931,ГОСТ 7798-70,5.8,неполная,цинк,шт,1.72,справочник ГОСТ,277.2,кг,0.476784,расчёт: 277.2 руб/кг ÷ 581.4 шт/кг,"Болт  6х 10 цинк DIN 931 ГОСТ 7798-70 КЛ.ПР.5.8 резьба неполная, Кг"
Болт M6x18 DIN 931 ГОСТ 7798-70 цинк,Болт,6.0,18.0,DIN 931,ГОСТ 7798-70,5.8,неполная,цинк,шт,,,249.22,кг,,,"Болт  6х 18 цинк DIN 931 ГОСТ 7798-70 КЛ.ПР.5.8 резьба неполная, Кг"
Болт M6x70 DIN 931 ГОСТ 7798-70 цинк,Болт,6.0,70.0,DIN 931,ГОСТ 7798-70,8.8,неполная,цинк,шт,10.24,справочник ГОСТ,277.2,кг,2.838528,расчёт: 277.2 руб/кг ÷ 97.7 шт/кг,"Болт  6х 70 цинк DIN 931 ГОСТ 7798-70 кл.пр.8.8 резьба неполная, Кг"
Болт M8x16 ГОСТ 7798-70 цинк,Болт,8.0,16.0,,ГОСТ 7798-70,5.8,неполная,цинк,шт,5.54,справочник ГОСТ,203.67,кг,1.128332,расчёт: 203.67 руб/кг ÷ 180.5 шт/кг,"Болт  8х 16 цинк ГОСТ 7798-70 КЛ.ПР.5.8 резьба неполная, Кг"
Болт M8x30 DIN 931 ГОСТ 7798-70 цинк,Болт,8.0,30.0,DIN 931,ГОСТ 7798-70,5.8,неполная,цинк,шт,9.96,справочник ГОСТ,257.4,кг,2.563704,расчёт: 257.4 руб/кг ÷ 100.4 шт/кг,"Болт  8х 30 цинк DIN 931 ГОСТ 7798-70 КЛ.ПР.5.8 резьба неполная, Кг"
Болт M8x40 DIN 931 ГОСТ 7798-70 цинк,Болт,8.0,40.0,DIN 931,ГОСТ 7798-70,10.9,неполная,цинк,шт,13.18,справочник ГОСТ,319,кг,4.20442,расчёт: 319 руб/кг ÷ 75.9 шт/кг,"Болт  8х 40 цинк DIN 931 ГОСТ 7798-70 кл.пр.10.9 резьба неполная, Кг"
Болт M8x50 ГОСТ 7798-70 цинк,Болт,8.0,50.0,,ГОСТ 7798-70,8.8,неполная,цинк,шт,16.4,справочник ГОСТ,283.36,кг,4.647104,расчёт: 283.36 руб/кг ÷ 61.0 шт/кг,"Болт  8х 50 цинк ГОСТ 7798-70 кл.пр.8.8 резьба неполная, Кг"
Болт M8x110 DIN 931 ГОСТ 7798-70 цинк,Болт,8.0,110.0,DIN 931,ГОСТ 7798-70,5.8,неполная,цинк,шт,35.72,справочник ГОСТ,214.5,кг,7.66194,расчёт: 214.5 руб/кг ÷ 28.0 шт/кг,"Болт  8х110 цинк DIN 931 ГОСТ 7798-70 КЛ.ПР.5.8 резьба неполная, Кг"
Болт M10x20 DIN 931 ГОСТ 7798-70 цинк,Болт,10.0,20.0,DIN 931,ГОСТ 7798-70,10.9,неполная,цинк,шт,11.5,справочник ГОСТ,425.04,кг,4.88796,расчёт: 425.04 руб/кг ÷ 87.0 шт/кг,"Болт 10х 20 цинк DIN 931 ГОСТ 7798-70 кл.пр.10.9 резьба неполная, Кг"
Болт M10x30 DIN 931 ГОСТ 7798-70 цинк,Болт,10.0,30.0,DIN 931,ГОСТ 7798-70,5.8,неполная,цинк,шт,17.1,справочник ГОСТ,309.93,кг,5.299803,расчёт: 309.93 руб/кг ÷ 58.5 шт/кг,"Болт 10х 30 цинк DIN 931 ГОСТ 7798-70 КЛ.ПР.5.8 резьба неполная, Кг"
Болт M10x35 DIN 931 ГОСТ 7798-70 цинк,Болт,10.0,35.0,DIN 931,ГОСТ 7798-70,5.8,неполная,цинк,шт,19.9,справочник ГОСТ,214.5,кг,4.26855,расчёт: 214.5 руб/кг ÷ 50.3 шт/кг,"Болт 10х 35 цинк DIN 931 ГОСТ 7798-70 КЛ.ПР.5.8 резьба неполная, Кг"
Болт M10x40 DIN 931 ГОСТ 7798-70 цинк,Болт,10.0,40.0,DIN 931,ГОСТ 7798-70,5.8,неполная,цинк,шт,22.7,справочник ГОСТ,309.93,кг,7.035411,расчёт: 309.93 руб/кг ÷ 44.1 шт/кг,"Болт 10х 40 цинк DIN 931 ГОСТ 7798-70 КЛ.ПР.5.8 резьба неполная, Кг"
Болт M10x55 DIN 931 ГОСТ 7798-70 цинк,Болт,10.0,55.0,DIN 931,ГОСТ 7798-70,5.8,неполная,цинк,шт,31.1,справочник ГОСТ,371.91,кг,11.566401,расчёт: 371.91 руб/кг ÷ 32.2 шт/кг,"Болт 10х 55 цинк DIN 931 ГОСТ 7798-70 КЛ.ПР.5.8 резьба неполная, Кг"
Болт M10x60 DIN 931 ГОСТ 7798-70 цинк,Болт,10.0,60.0,DIN 931,ГОСТ 7798-70,5.8,неполная,цинк,шт,33.9,справочник ГОСТ,215.6,кг,7.30884,расчёт: 215.6 руб/кг ÷ 29.5 шт/кг,"Болт 10х 60 цинк DIN 931 ГОСТ 7798-70 КЛ.ПР.5.8 резьба неполная, Кг"
Болт M10x80 DIN 931 ГОСТ 7798-70 цинк,Болт,10.0,80.0,DIN 931,ГОСТ 7798-70,8.8,неполная,цинк,шт,45.1,справочник ГОСТ,214.5,кг,9.67395,расчёт: 214.5 руб/кг ÷ 22.2 шт/кг,"Болт 10х 80 цинк DIN 931 ГОСТ 7798-70 кл.пр.8.8 резьба неполная, Кг"
Болт M10x110 DIN 931 ГОСТ 7798-70 цинк,Болт,10.0,110.0,DIN 931,ГОСТ 7798-70,10.9,неполная,цинк,шт,61.9,справочник ГОСТ,324.51,кг,20.087169,расчёт: 324.51 руб/кг ÷ 16.2 шт/кг,"Болт 10х110 цинк DIN 931 ГОСТ 7798-70 кл.пр.10.9 резьба неполная, Кг"
Болт M10x190 DIN 931 ГОСТ 7805-70 цинк,Болт,10.0,190.0,DIN 931,ГОСТ 7805-70,8.8,неполная,цинк,шт,,,643.01,кг,,,"Болт 10х190 цинк DIN 931 ГОСТ 7805-70 кл.пр.8.8 резьба неполная, Кг"
Болт M12x20 ГОСТ 7798-70 цинк,Болт,12.0,20.0,,ГОСТ 7798-70,10.9,полная,цинк,шт,,,241,кг,,,"Болт 12х 20 цинк ГОСТ 7798-70 кл.пр.10.9 резьба полная, Кг"
Болт M12x30 ГОСТ 7798-70 цинк,Болт,12.0,30.0,,ГОСТ 7798-70,5.8,неполная,цинк,шт,29.7,справочник ГОСТ,221.38,кг,6.574986,расчёт: 221.38 руб/кг ÷ 33.7 шт/кг,"Болт 12х 30 цинк ГОСТ 7798-70 КЛ.ПР.5.8 резьба неполная, Кг"
Болт M12x35 DIN 931 ГОСТ 7798-70 цинк,Болт,12.0,35.0,DIN 931,ГОСТ 7798-70,5.8,неполная,цинк,шт,34.6,справочник ГОСТ,171.6,кг,5.93736,расчёт: 171.6 руб/кг ÷ 28.9 шт/кг,"Болт 12х 35 цинк DIN 931 ГОСТ 7798-70 КЛ.ПР.5.8 резьба неполная, Кг"
Болт M12x40 DIN 931 ГОСТ 7798-70 горячий цинк,Болт,12.0,40.0,DIN 931,ГОСТ 7798-70,5.8,неполная,горячий цинк,шт,39.5,справочник ГОСТ,319,кг,12.6005,расчёт: 319 руб/кг ÷ 25.3 шт/кг,"Болт 12х 40 горячее цинкование DIN 931 ГОСТ 7798-70 КЛ.ПР.5.8 резьба неполная, Кг"
Болт M12x40 DIN 931 ГОСТ 7798-70 цинк,Болт,12.0,40.0,DIN 931,ГОСТ 7798-70,10.9,неполная,цинк,шт,39.5,справочник ГОСТ,330.73,кг,13.063835,расчёт: 330.73 руб/кг ÷ 25.3 шт/кг,"Болт 12х 40 цинк DIN 931 ГОСТ 7798-70 кл.пр.10.9 резьба неполная, Кг"
Болт M12x45 DIN 931 ГОСТ 7798-70 горячий цинк,Болт,12.0,45.0,DIN 931,ГОСТ 7798-70,8.8,неполная,горячий цинк,шт,44.4,справочник ГОСТ,558.9,кг,24.81516,расчёт: 558.9 руб/кг ÷ 22.5 шт/кг,"Болт 12х 45 горячее цинкование DIN 931 ГОСТ 7798-70 кл.пр.8.8 резьба неполная, Кг"
Болт M12x45 DIN 931 ГОСТ 7798-70 цинк,Болт,12.0,45.0,DIN 931,ГОСТ 7798-70,8.8,неполная,цинк,шт,44.4,справочник ГОСТ,243.1,кг,10.79364,расчёт: 243.1 руб/кг ÷ 22.5 шт/кг,"Болт 12х 45 цинк DIN 931 ГОСТ 7798-70 кл.пр.8.8 резьба неполная, Кг"
Болт M12x50 DIN 931 ГОСТ 7798-70 цинк,Болт,12.0,50.0,DIN 931,ГОСТ 7798-70,5.8,неполная,цинк,шт,49.3,справочник ГОСТ,214.5,кг,10.57485,расчёт: 214.5 руб/кг ÷ 20.3 шт/кг,"Болт 12х 50 цинк DIN 931 ГОСТ 7798-70 КЛ.ПР.5.8 резьба неполная, Кг"
Болт M12x55 DIN 931 ГОСТ 7798-70 цинк,Болт,12.0,55.0,DIN 931,ГОСТ 7798-70,5.8,неполная,цинк,шт,54.2,справочник ГОСТ,221.38,кг,11.998796,расчёт: 221.38 руб/кг ÷ 18.5 шт/кг,"Болт 12х 55 цинк DIN 931 ГОСТ 7798-70 КЛ.ПР.5.8 резьба неполная, Кг"
Болт M12x1 DIN 931 ГОСТ 7798-70 цинк,Болт,12.0,1.25,DIN 931,ГОСТ 7798-70,8.8,полная,цинк,шт,,,708.4,кг,,,"Болт 12х1,25х 70 цинк DIN 931 ГОСТ 7798-70 кл.пр.8.8 резьба полная, Кг"
Болт M12x260 DIN 931 ГОСТ 7798-70 цинк,Болт,12.0,260.0,DIN 931,ГОСТ 7798-70,5.8,неполная,цинк,шт,,,318.78,кг,,,"Болт 12х260 цинк DIN 931 ГОСТ 7798-70 КЛ.ПР.5.8 резьба неполная, Кг"
Болт M14x30 DIN 931 ГОСТ 7798-70 цинк,Болт,14.0,30.0,DIN 931,ГОСТ 7798-70,10.9,неполная,цинк,шт,47.0,справочник ГОСТ,338.8,кг,15.9236,расчёт: 338.8 руб/кг ÷ 21.3 шт/кг,"Болт 14х 30 цинк DIN 931 ГОСТ 7798-70 кл.пр.10.9 резьба неполная, Кг"
Болт M14x40 DIN 931 ГОСТ 7798-70 цинк,Болт,14.0,40.0,DIN 931,ГОСТ 7798-70,10.9,неполная,цинк,шт,62.4,справочник ГОСТ,338.8,кг,21.14112,расчёт: 338.8 руб/кг ÷ 16.0 шт/кг,"Болт 14х 40 цинк DIN 931 ГОСТ 7798-70 кл.пр.10.9 резьба неполная, Кг"
Болт M14x45 DIN 931 ГОСТ 7798-70 цинк,Болт,14.0,45.0,DIN 931,ГОСТ 7798-70,5.8,неполная,цинк,шт,70.1,справочник ГОСТ,309.93,кг,21.726093,расчёт: 309.93 руб/кг ÷ 14.3 шт/кг,"Болт 14х 45 цинк DIN 931 ГОСТ 7798-70 КЛ.ПР.5.8 резьба неполная, Кг"
Болт M14x50 DIN 931 ГОСТ 7798-70 цинк,Болт,14.0,50.0,DIN 931,ГОСТ 7798-70,5.8,неполная,цинк,шт,77.8,справочник ГОСТ,265.65,кг,20.66757,расчёт: 265.65 руб/кг ÷ 12.9 шт/кг,"Болт 14х 50 цинк DIN 931 ГОСТ 7798-70 КЛ.ПР.5.8 резьба неполная, Кг"
Болт M14x55 DIN 931 ГОСТ 7798-70 цинк,Болт,14.0,55.0,DIN 931,ГОСТ 7798-70,5.8,неполная,цинк,шт,85.5,справочник ГОСТ,301.07,кг,25.741485,расчёт: 301.07 руб/кг ÷ 11.7 шт/кг,"Болт 14х 55 цинк DIN 931 ГОСТ 7798-70 КЛ.ПР.5.8 резьба неполная, Кг"
Болт M14x60 DIN 931 ГОСТ 7798-70 цинк,Болт,14.0,60.0,DIN 931,ГОСТ 7798-70,5.8,неполная,цинк,шт,93.2,справочник ГОСТ,253.75,кг,23.6495,расчёт: 253.75 руб/кг ÷ 10.7 шт/кг,"Болт 14х 60 цинк DIN 931 ГОСТ 7798-70 КЛ.ПР.5.8 резьба неполная, Кг"
Болт M14x65 DIN 931 ГОСТ 7798-70 цинк,Болт,14.0,65.0,DIN 931,ГОСТ 7798-70,8.8,неполная,цинк,шт,100.9,справочник ГОСТ,327.7,кг,33.06493,расчёт: 327.7 руб/кг ÷ 9.9 шт/кг,"Болт 14х 65 цинк DIN 931 ГОСТ 7798-70 кл.пр.8.8 резьба неполная, Кг"
Болт M14x70 DIN 931 ГОСТ 7798-70 цинк,Болт,14.0,70.0,DIN 931,ГОСТ 7798-70,5.8,неполная,цинк,шт,108.6,справочник ГОСТ,257.4,кг,27.95364,расчёт: 257.4 руб/кг ÷ 9.2 шт/кг,"Болт 14х 70 цинк DIN 931 ГОСТ 7798-70 КЛ.ПР.5.8 резьба неполная, Кг"
Болт M14x75 DIN 931 ГОСТ 7798-70 цинк,Болт,14.0,75.0,DIN 931,ГОСТ 7798-70,5.8,неполная,цинк,шт,116.3,справочник ГОСТ,336.49,кг,39.133787,расчёт: 336.49 руб/кг ÷ 8.6 шт/кг,"Болт 14х 75 цинк DIN 931 ГОСТ 7798-70 КЛ.ПР.5.8 резьба неполная, Кг"
Болт M16x25 DIN 931 ГОСТ 7798-70 цинк,Болт,16.0,25.0,DIN 931,ГОСТ 7798-70,5.8,неполная,цинк,шт,,,283.36,кг,,,"Болт 16х 25 цинк DIN 931 ГОСТ 7798-70 КЛ.ПР.5.8 резьба неполная, Кг"
Болт M16x35 DIN 931 ГОСТ 7798-70 цинк,Болт,16.0,35.0,DIN 931,ГОСТ 7798-70,5.8,неполная,цинк,шт,76.7,справочник ГОСТ,318.78,кг,24.450426,расчёт: 318.78 руб/кг ÷ 13.0 шт/кг,"Болт 16х 35 цинк DIN 931 ГОСТ 7798-70 КЛ.ПР.5.8 резьба неполная, Кг"
Болт M16x40 DIN 931 ГОСТ 7798-70 цинк,Болт,16.0,40.0,DIN 931,ГОСТ 7798-70,8.8,неполная,цинк,шт,87.4,справочник ГОСТ,301.07,кг,26.313518,расчёт: 301.07 руб/кг ÷ 11.4 шт/кг,"Болт 16х 40 цинк DIN 931 ГОСТ 7798-70 кл.пр.8.8 резьба неполная, Кг"
Болт M16x45 DIN 931 ГОСТ 7798-70 цинк,Болт,16.0,45.0,DIN 931,ГОСТ 7798-70,5.8,неполная,цинк,шт,98.1,справочник ГОСТ,247.94,кг,24.322914,расчёт: 247.94 руб/кг ÷ 10.2 шт/кг,"Болт 16х 45 цинк DIN 931 ГОСТ 7798-70 КЛ.ПР.5.8 резьба неполная, Кг"
Болт M16x50 ГОСТ 7798-70 горячий цинк,Болт,16.0,50.0,,ГОСТ 7798-70,5.8,неполная,горячий цинк,шт,108.8,справочник ГОСТ,708.4,кг,77.07392,расчёт: 708.4 руб/кг ÷ 9.2 шт/кг,"Болт 16х 50 горячее цинкование ГОСТ 7798-70 КЛ.ПР.5.8 резьба неполная, Кг"
Болт M16x50 DIN 931 ГОСТ 7798-70 цинк,Болт,16.0,50.0,DIN 931,ГОСТ 7798-70,8.8,неполная,цинк,шт,108.8,справочник ГОСТ,308,кг,33.5104,расчёт: 308 руб/кг ÷ 9.2 шт/кг,"Болт 16х 50 цинк DIN 931 ГОСТ 7798-70 кл.пр.8.8 резьба неполная, Кг"
Болт M16x55 DIN 931 ГОСТ 7798-70 цинк,Болт,16.0,55.0,DIN 931,ГОСТ 7798-70,8.8,неполная,цинк,шт,119.5,справочник ГОСТ,265.65,кг,31.745175,расчёт: 265.65 руб/кг ÷ 8.4 шт/кг,"Болт 16х 55 цинк DIN 931 ГОСТ 7798-70 кл.пр.8.8 резьба неполная, Кг"
Болт M16x60 DIN 931 ГОСТ 7798-70 цинк,Болт,16.0,60.0,DIN 931,ГОСТ 7798-70,10.9,неполная,цинк,шт,130.2,справочник ГОСТ,340,кг,44.268,расчёт: 340 руб/кг ÷ 7.7 шт/кг,"Болт 16х 60 цинк DIN 931 ГОСТ 7798-70 кл.пр.10.9 резьба неполная, Кг"
Болт M16x60 DIN 931 цинк,Болт,16.0,60.0,DIN 931,,8.8,неполная,цинк,шт,130.2,справочник ГОСТ,404.54,кг,52.671108,расчёт: 404.54 руб/кг ÷ 7.7 шт/кг,"Болт 16х 60 цинк DIN 931 ГОСТ ISO 4014 кл.пр.8.8 резьба неполная, Кг"
Болт M16x65 DIN 931 ГОСТ 7798-70 цинк,Болт,16.0,65.0,DIN 931,ГОСТ 7798-70,8.8,неполная,цинк,шт,140.9,справочник ГОСТ,257.4,кг,36.26766,расчёт: 257.4 руб/кг ÷ 7.1 шт/кг,"Болт 16х 65 цинк DIN 931 ГОСТ 7798-70 кл.пр.8.8 резьба неполная, Кг"
Болт M16x70 DIN 931 ГОСТ 7798-70 цинк,Болт,16.0,70.0,DIN 931,ГОСТ 7798-70,8.8,неполная,цинк,шт,151.6,справочник ГОСТ,247.94,кг,37.587704,расчёт: 247.94 руб/кг ÷ 6.6 шт/кг,"Болт 16х 70 цинк DIN 931 ГОСТ 7798-70 кл.пр.8.8 резьба неполная, Кг"
Болт M16x75 DIN 931 ГОСТ 7798-70 цинк,Болт,16.0,75.0,DIN 931,ГОСТ 7798-70,8.8,неполная,цинк,шт,162.3,справочник ГОСТ,398.48,кг,64.673304,расчёт: 398.48 руб/кг ÷ 6.2 шт/кг,"Болт 16х 75 цинк DIN 931 ГОСТ 7798-70 кл.пр.8.8 резьба неполная, Кг"
Болт M16x90 ГОСТ 7798-70 горячий цинк,Болт,16.0,90.0,,ГОСТ 7798-70,8.8,неполная,горячий цинк,шт,194.4,справочник ГОСТ,434.14,кг,84.396816,расчёт: 434.14 руб/кг ÷ 5.1 шт/кг,"Болт 16х 90 горячее цинкование ГОСТ 7798-70 кл.пр.8.8 резьба неполная, Кг"
Болт M16x120 DIN 931 ГОСТ 7798-70 цинк,Болт,16.0,120.0,DIN 931,ГОСТ 7798-70,5.8,неполная,цинк,шт,258.6,справочник ГОСТ,154,кг,39.8244,расчёт: 154 руб/кг ÷ 3.9 шт/кг,"Болт 16х120 цинк DIN 931 ГОСТ 7798-70 КЛ.ПР.5.8 резьба неполная, Кг"
Болт M16x125 DIN 931 ГОСТ 7798-70 цинк,Болт,16.0,125.0,DIN 931,ГОСТ 7798-70,5.8,неполная,цинк,шт,,,438.9,кг,,,"Болт 16х125 цинк DIN 931 ГОСТ 7798-70 КЛ.ПР.5.8 резьба неполная, Кг"
Болт M16x130 DIN 931 ГОСТ 7798-70 цинк,Болт,16.0,130.0,DIN 931,ГОСТ 7798-70,8.8,неполная,цинк,шт,280.0,справочник ГОСТ,265.65,кг,74.382,расчёт: 265.65 руб/кг ÷ 3.6 шт/кг,"Болт 16х130 цинк DIN 931 ГОСТ 7798-70 кл.пр.8.8 резьба неполная, Кг"
Болт M16x140 DIN 931 ГОСТ 7798-70 цинк,Болт,16.0,140.0,DIN 931,ГОСТ 7798-70,8.8,неполная,цинк,шт,301.4,справочник ГОСТ,265.65,кг,80.06691,расчёт: 265.65 руб/кг ÷ 3.3 шт/кг,"Болт 16х140 цинк DIN 931 ГОСТ 7798-70 кл.пр.8.8 резьба неполная, Кг"
Болт M16x150 DIN 931 ГОСТ 7798-70 цинк,Болт,16.0,150.0,DIN 931,ГОСТ 7798-70,8.8,неполная,цинк,шт,322.8,справочник ГОСТ,282.3,кг,91.12644,расчёт: 282.3 руб/кг ÷ 3.1 шт/кг,"Болт 16х150 цинк DIN 931 ГОСТ 7798-70 кл.пр.8.8 резьба неполная, Кг"
Болт M16x190 DIN 931 ГОСТ 7798-70 цинк,Болт,16.0,190.0,DIN 931,ГОСТ 7798-70,8.8,неполная,цинк,шт,,,377,кг,,,"Болт 16х190 цинк DIN 931 ГОСТ 7798-70 кл.пр.8.8 резьба неполная, Кг"
Болт M16x320 DIN 931 ГОСТ 7798-70 цинк,Болт,16.0,320.0,DIN 931,ГОСТ 7798-70,8.8,неполная,цинк,шт,,,442.75,кг,,,"Болт 16х320 цинк DIN 931 ГОСТ 7798-70 кл.пр.8.8 резьба неполная, Кг"
Болт M18x70 DIN 931 ГОСТ 7798-70 цинк,Болт,18.0,70.0,DIN 931,ГОСТ 7798-70,8.8,неполная,цинк,шт,205.0,справочник ГОСТ,323.4,кг,66.297,расчёт: 323.4 руб/кг ÷ 4.9 шт/кг,"Болт 18х 70 цинк DIN 931 ГОСТ 7798-70 кл.пр.8.8 резьба неполная, Кг"
Болт M18x80 DIN 931 ГОСТ 7798-70 цинк,Болт,18.0,80.0,DIN 931,ГОСТ 7798-70,5.8,неполная,цинк,шт,233.0,справочник ГОСТ,389.62,кг,90.78146,расчёт: 389.62 руб/кг ÷ 4.3 шт/кг,"Болт 18х 80 цинк DIN 931 ГОСТ 7798-70 КЛ.ПР.5.8 резьба неполная, Кг"
Болт M18x90 DIN 931 ГОСТ 7798-70 цинк,Болт,18.0,90.0,DIN 931,ГОСТ 7798-70,8.8,неполная,цинк,шт,261.0,справочник ГОСТ,371.98,кг,97.08678,расчёт: 371.98 руб/кг ÷ 3.8 шт/кг,"Болт 18х 90 цинк DIN 931 ГОСТ 7798-70 кл.пр.8.8 резьба неполная, Кг"
Болт M18x120 DIN 931 ГОСТ 7798-70 цинк,Болт,18.0,120.0,DIN 931,ГОСТ 7798-70,8.8,неполная,цинк,шт,345.0,справочник ГОСТ,293.28,кг,101.1816,расчёт: 293.28 руб/кг ÷ 2.9 шт/кг,"Болт 18х120 цинк DIN 931 ГОСТ 7798-70 кл.пр.8.8 резьба неполная, Кг"
Болт M18x150 DIN 931 ГОСТ 7798-70 цинк,Болт,18.0,150.0,DIN 931,ГОСТ 7798-70,10.9,неполная,цинк,шт,429.0,справочник ГОСТ,331.69,кг,142.29501,расчёт: 331.69 руб/кг ÷ 2.3 шт/кг,"Болт 18х150 цинк DIN 931 ГОСТ 7798-70 кл.пр.10.9 резьба неполная, Кг"
Болт M20x50 DIN 931 ГОСТ 7798-70,Болт,20.0,50.0,DIN 931,ГОСТ 7798-70,8.8,неполная,без покрытия,шт,199.0,справочник ГОСТ,308,кг,61.292,расчёт: 308 руб/кг ÷ 5.0 шт/кг,"Болт 20х 50 без покрытия DIN 931 ГОСТ 7798-70 кл.пр.8.8 резьба неполная, Кг"
Болт M20x55 DIN 931 ГОСТ 7798-70 цинк,Болт,20.0,55.0,DIN 931,ГОСТ 7798-70,5.8,неполная,цинк,шт,217.0,справочник ГОСТ,247.94,кг,53.80298,расчёт: 247.94 руб/кг ÷ 4.6 шт/кг,"Болт 20х 55 цинк DIN 931 ГОСТ 7798-70 КЛ.ПР.5.8 резьба неполная, Кг"
Болт M20x65 DIN 931 ГОСТ 7798-70 цинк,Болт,20.0,65.0,DIN 931,ГОСТ 7798-70,8.8,неполная,цинк,шт,253.0,справочник ГОСТ,336.49,кг,85.13197,расчёт: 336.49 руб/кг ÷ 4.0 шт/кг,"Болт 20х 65 цинк DIN 931 ГОСТ 7798-70 кл.пр.8.8 резьба неполная, Кг"
Болт M20x70 DIN 931 ГОСТ 7798-70 цинк,Болт,20.0,70.0,DIN 931,ГОСТ 7798-70,10.9,неполная,цинк,шт,271.0,справочник ГОСТ,385,кг,104.335,расчёт: 385 руб/кг ÷ 3.7 шт/кг,"Болт 20х 70 цинк DIN 931 ГОСТ 7798-70 кл.пр.10.9 резьба неполная, Кг"
Болт M20x70 цинк,Болт,20.0,70.0,,,8.8,неполная,цинк,шт,271.0,справочник ГОСТ,390.17,кг,105.73607,расчёт: 390.17 руб/кг ÷ 3.7 шт/кг,"Болт 20х 70 цинк ГОСТ ISO 4014 кл.пр.8.8 резьба неполная, Кг"
Болт M20x75 цинк,Болт,20.0,75.0,,,8.8,неполная,цинк,шт,289.0,справочник ГОСТ,390.17,кг,112.75913,расчёт: 390.17 руб/кг ÷ 3.5 шт/кг,"Болт 20х 75 цинк ГОСТ ISO 4014 кл.пр.8.8 резьба неполная, Кг"
Болт M20x80 DIN 931 ГОСТ 7798-70 цинк,Болт,20.0,80.0,DIN 931,ГОСТ 7798-70,8.8,неполная,цинк,шт,307.0,справочник ГОСТ,462,кг,141.834,расчёт: 462 руб/кг ÷ 3.3 шт/кг,"Болт 20х 80 цинк DIN 931 ГОСТ 7798-70 кл.пр.8.8 резьба неполная, Кг"
Болт M20x85 DIN 931 ГОСТ 7798-70 цинк,Болт,20.0,85.0,DIN 931,ГОСТ 7798-70,8.8,неполная,цинк,шт,,,407.33,кг,,,"Болт 20х 85 цинк DIN 931 ГОСТ 7798-70 кл.пр.8.8 резьба неполная, Кг"
Болт M20x90 цинк,Болт,20.0,90.0,,,8.8,неполная,цинк,шт,343.0,справочник ГОСТ,390.17,кг,133.82831,расчёт: 390.17 руб/кг ÷ 2.9 шт/кг,"Болт 20х 90 цинк ГОСТ ISO 4014 кл.пр.8.8 резьба неполная, Кг"
Болт M20x95 DIN 931 ГОСТ 7798-70 цинк,Болт,20.0,95.0,DIN 931,ГОСТ 7798-70,5.8,неполная,цинк,шт,,,247.94,кг,,,"Болт 20х 95 цинк DIN 931 ГОСТ 7798-70 КЛ.ПР.5.8 резьба неполная, Кг"
Болт M20x130 DIN 931 ГОСТ 7798-70 цинк,Болт,20.0,130.0,DIN 931,ГОСТ 7798-70,8.8,неполная,цинк,шт,487.0,справочник ГОСТ,257.4,кг,125.3538,расчёт: 257.4 руб/кг ÷ 2.1 шт/кг,"Болт 20х130 цинк DIN 931 ГОСТ 7798-70 кл.пр.8.8 резьба неполная, Кг"
Болт M20x150 DIN 931 ГОСТ 7798-70 цинк,Болт,20.0,150.0,DIN 931,ГОСТ 7798-70,5.8,неполная,цинк,шт,559.0,справочник ГОСТ,214.5,кг,119.9055,расчёт: 214.5 руб/кг ÷ 1.8 шт/кг,"Болт 20х150 цинк DIN 931 ГОСТ 7798-70 КЛ.ПР.5.8 резьба неполная, Кг"
Болт M20x160 цинк,Болт,20.0,160.0,,,8.8,неполная,цинк,шт,595.0,справочник ГОСТ,390.17,кг,232.15115,расчёт: 390.17 руб/кг ÷ 1.7 шт/кг,"Болт 20х160 цинк ГОСТ ISO 4014 кл.пр.8.8 резьба неполная, Кг"
Болт M20x180 цинк,Болт,20.0,180.0,,,8.8,неполная,цинк,шт,667.0,справочник ГОСТ,390.17,кг,260.24339,расчёт: 390.17 руб/кг ÷ 1.5 шт/кг,"Болт 20х180 цинк ГОСТ ISO 4014 кл.пр.8.8 резьба неполная, Кг"
Болт M20x280 DIN 931 ГОСТ 7798-70 цинк,Болт,20.0,280.0,DIN 931,ГОСТ 7798-70,8.8,неполная,цинк,шт,,,343.2,кг,,,"Болт 20х280 цинк DIN 931 ГОСТ 7798-70 кл.пр.8.8 резьба неполная, Кг"
Болт M22x80 DIN 931 ГОСТ 7798-70 цинк,Болт,22.0,80.0,DIN 931,ГОСТ 7798-70,5.8,неполная,цинк,шт,395.0,справочник ГОСТ,178.72,кг,70.5944,расчёт: 178.72 руб/кг ÷ 2.5 шт/кг,"Болт 22х 80 цинк DIN 931 ГОСТ 7798-70 КЛ.ПР.5.8 резьба неполная, Кг"
Болт M22x110 DIN 931 ГОСТ 7798-70 цинк,Болт,22.0,110.0,DIN 931,ГОСТ 7798-70,5.8,неполная,цинк,шт,533.0,справочник ГОСТ,177.08,кг,94.38364,расчёт: 177.08 руб/кг ÷ 1.9 шт/кг,"Болт 22х110 цинк DIN 931 ГОСТ 7798-70 КЛ.ПР.5.8 резьба неполная, Кг"
Болт M22x200 DIN 931 ГОСТ 7798-70 цинк,Болт,22.0,200.0,DIN 931,ГОСТ 7798-70,8.8,неполная,цинк,шт,947.0,справочник ГОСТ,318.93,кг,302.02671,расчёт: 318.93 руб/кг ÷ 1.1 шт/кг,"Болт 22х200 цинк DIN 931 ГОСТ 7798-70 кл.пр.8.8 резьба неполная, Кг"
Болт M24x55 DIN 931 ГОСТ 7798-70 цинк,Болт,24.0,55.0,DIN 931,ГОСТ 7798-70,5.8,неполная,цинк,шт,368.0,справочник ГОСТ,354.2,кг,130.3456,расчёт: 354.2 руб/кг ÷ 2.7 шт/кг,"Болт 24х 55 цинк DIN 931 ГОСТ 7798-70 КЛ.ПР.5.8 резьба неполная, Кг"
Болт M24x85 DIN 931 ГОСТ 7798-70 цинк,Болт,24.0,85.0,DIN 931,ГОСТ 7798-70,5.8,неполная,цинк,шт,,,286,кг,,,"Болт 24х 85 цинк DIN 931 ГОСТ 7798-70 КЛ.ПР.5.8 резьба неполная, Кг"
Болт M24x90 DIN 931 ГОСТ 7798-70 цинк,Болт,24.0,90.0,DIN 931,ГОСТ 7798-70,5.8,неполная,цинк,шт,578.0,справочник ГОСТ,286,кг,165.308,расчёт: 286 руб/кг ÷ 1.7 шт/кг,"Болт 24х 90 цинк DIN 931 ГОСТ 7798-70 КЛ.ПР.5.8 резьба неполная, Кг"
Болт M24x100 DIN 931 ГОСТ 7798-70 цинк,Болт,24.0,100.0,DIN 931,ГОСТ 7798-70,8.8,неполная,цинк,шт,638.0,справочник ГОСТ,300.3,кг,191.5914,расчёт: 300.3 руб/кг ÷ 1.6 шт/кг,"Болт 24х100 цинк DIN 931 ГОСТ 7798-70 кл.пр.8.8 резьба неполная, Кг"
Болт M24x125 DIN 931 ГОСТ 7798-70 цинк,Болт,24.0,125.0,DIN 931,ГОСТ 7798-70,10.9,неполная,цинк,шт,,,522,кг,,,"Болт 24х125 цинк DIN 931 ГОСТ 7798-70 кл.пр.10.9 резьба неполная, Кг"
Болт M24x140 DIN 931 ГОСТ 7798-70 цинк,Болт,24.0,140.0,DIN 931,ГОСТ 7798-70,10.9,неполная,цинк,шт,878.0,справочник ГОСТ,308,кг,270.424,расчёт: 308 руб/кг ÷ 1.1 шт/кг,"Болт 24х140 цинк DIN 931 ГОСТ 7798-70 кл.пр.10.9 резьба неполная, Кг"
Болт M24x160 DIN 931 ГОСТ 7798-70 цинк,Болт,24.0,160.0,DIN 931,ГОСТ 7798-70,5.8,неполная,цинк,шт,998.0,справочник ГОСТ,283.36,кг,282.79328,расчёт: 283.36 руб/кг ÷ 1.0 шт/кг,"Болт 24х160 цинк DIN 931 ГОСТ 7798-70 КЛ.ПР.5.8 резьба неполная, Кг"
Болт M24x170 DIN 931 ГОСТ 7798-70 цинк,Болт,24.0,170.0,DIN 931,ГОСТ 7798-70,5.8,неполная,цинк,шт,,,354.2,кг,,,"Болт 24х170 цинк DIN 931 ГОСТ 7798-70 КЛ.ПР.5.8 резьба неполная, Кг"
Болт M24x180 DIN 931 ГОСТ 7798-70 цинк,Болт,24.0,180.0,DIN 931,ГОСТ 7798-70,10.9,неполная,цинк,шт,1118.0,справочник ГОСТ,324.19,кг,362.44442,расчёт: 324.19 руб/кг ÷ 0.9 шт/кг,"Болт 24х180 цинк DIN 931 ГОСТ 7798-70 кл.пр.10.9 резьба неполная, Кг"
Болт M24x210 DIN 931 ГОСТ 7798-70 цинк,Болт,24.0,210.0,DIN 931,ГОСТ 7798-70,5.8,неполная,цинк,шт,,,389.62,кг,,,"Болт 24х210 цинк DIN 931 ГОСТ 7798-70 КЛ.ПР.5.8 резьба неполная, Кг"
Болт M24x220 DIN 931 ГОСТ 7798-70 цинк,Болт,24.0,220.0,DIN 931,ГОСТ 7798-70,5.8,неполная,цинк,шт,1358.0,справочник ГОСТ,247.94,кг,336.70252,расчёт: 247.94 руб/кг ÷ 0.7 шт/кг,"Болт 24х220 цинк DIN 931 ГОСТ 7798-70 КЛ.ПР.5.8 резьба неполная, Кг"
Болт M24x260 DIN 931 ГОСТ 7798-70 цинк,Болт,24.0,260.0,DIN 931,ГОСТ 7798-70,5.8,неполная,цинк,шт,,,278.85,кг,,,"Болт 24х260 цинк DIN 931 ГОСТ 7798-70 КЛ.ПР.5.8 резьба неполная, Кг"
Болт M27x60 ГОСТ 7798-70 цинк,Болт,27.0,60.0,,ГОСТ 7798-70,5.8,полная,цинк,шт,547.0,справочник ГОСТ,286,кг,156.442,расчёт: 286 руб/кг ÷ 1.8 шт/кг,"Болт 27х 60 цинк ГОСТ 7798-70 КЛ.ПР.5.8 резьба полная, Кг"
Болт M27x70 ГОСТ 7798-70 цинк,Болт,27.0,70.0,,ГОСТ 7798-70,5.8,неполная,цинк,шт,631.0,справочник ГОСТ,247.94,кг,156.45014,расчёт: 247.94 руб/кг ÷ 1.6 шт/кг,"Болт 27х 70 цинк ГОСТ 7798-70 КЛ.ПР.5.8 резьба неполная, Кг"
Болт M27x90 ГОСТ 7798-70 цинк,Болт,27.0,90.0,,ГОСТ 7798-70,5.8,неполная,цинк,шт,799.0,справочник ГОСТ,303.67,кг,242.63233,расчёт: 303.67 руб/кг ÷ 1.3 шт/кг,"Болт 27х 90 цинк ГОСТ 7798-70 КЛ.ПР.5.8 резьба неполная, Кг"
Болт M27x110 DIN 931 ГОСТ 7798-70 цинк,Болт,27.0,110.0,DIN 931,ГОСТ 7798-70,8.8,неполная,цинк,шт,967.0,справочник ГОСТ,321.75,кг,311.13225,расчёт: 321.75 руб/кг ÷ 1.0 шт/кг,"Болт 27х110 цинк DIN 931 ГОСТ 7798-70 кл.пр.8.8 резьба неполная, Кг"
Болт M27x125 DIN 931 ГОСТ 7798-70 цинк,Болт,27.0,125.0,DIN 931,ГОСТ 7798-70,5.8,неполная,цинк,шт,,,442.75,кг,,,"Болт 27х125 цинк DIN 931 ГОСТ 7798-70 КЛ.ПР.5.8 резьба неполная, Кг"
Болт M27x130 DIN 931 ГОСТ 7798-70 цинк,Болт,27.0,130.0,DIN 931,ГОСТ 7798-70,5.8,неполная,цинк,шт,1135.0,справочник ГОСТ,346.5,кг,393.2775,расчёт: 346.5 руб/кг ÷ 0.9 шт/кг,"Болт 27х130 цинк DIN 931 ГОСТ 7798-70 КЛ.ПР.5.8 резьба неполная, Кг"
Болт M27x150 DIN 931 ГОСТ 7798-70 цинк,Болт,27.0,150.0,DIN 931,ГОСТ 7798-70,5.8,неполная,цинк,шт,1303.0,справочник ГОСТ,371.91,кг,484.59873,расчёт: 371.91 руб/кг ÷ 0.8 шт/кг,"Болт 27х150 цинк DIN 931 ГОСТ 7798-70 КЛ.ПР.5.8 резьба неполная, Кг"
Болт M30x70 DIN 931 ГОСТ 7798-70 цинк,Болт,30.0,70.0,DIN 931,ГОСТ 7798-70,5.8,неполная,цинк,шт,845.0,справочник ГОСТ,354.2,кг,299.299,расчёт: 354.2 руб/кг ÷ 1.2 шт/кг,"Болт 30х 70 цинк DIN 931 ГОСТ 7798-70 КЛ.ПР.5.8 резьба неполная, Кг"
Болт M30x90 DIN 931 ГОСТ 7798-70 цинк,Болт,30.0,90.0,DIN 931,ГОСТ 7798-70,8.8,неполная,цинк,шт,1081.0,справочник ГОСТ,300.3,кг,324.6243,расчёт: 300.3 руб/кг ÷ 0.9 шт/кг,"Болт 30х 90 цинк DIN 931 ГОСТ 7798-70 кл.пр.8.8 резьба неполная, Кг"
Болт M30x120 DIN 931 ГОСТ 7798-70 цинк,Болт,30.0,120.0,DIN 931,ГОСТ 7798-70,5.8,неполная,цинк,шт,1435.0,справочник ГОСТ,298,кг,427.63,расчёт: 298 руб/кг ÷ 0.7 шт/кг,"Болт 30х120 цинк DIN 931 ГОСТ 7798-70 КЛ.ПР.5.8 резьба неполная, Кг"
Болт M30x130 DIN 931 ГОСТ 7798-70 цинк,Болт,30.0,130.0,DIN 931,ГОСТ 7798-70,5.8,неполная,цинк,шт,1553.0,справочник ГОСТ,235.96,кг,366.44588,расчёт: 235.96 руб/кг ÷ 0.6 шт/кг,"Болт 30х130 цинк DIN 931 ГОСТ 7798-70 КЛ.ПР.5.8 резьба неполная, Кг"
Болт M30x140 DIN 931 ГОСТ 7798-70 цинк,Болт,30.0,140.0,DIN 931,ГОСТ 7798-70,8.8,неполная,цинк,шт,1671.0,справочник ГОСТ,508.2,кг,849.2022,расчёт: 508.2 руб/кг ÷ 0.6 шт/кг,"Болт 30х140 цинк DIN 931 ГОСТ 7798-70 кл.пр.8.8 резьба неполная, Кг"
Болт M30x140 DIN 933 ГОСТ 7798-70 цинк,Болт,30.0,140.0,DIN 933,ГОСТ 7798-70,5.8,полная,цинк,шт,1671.0,справочник ГОСТ,331.53,шт,331.53,цена за шт от поставщика,"Болт 30х140 цинк DIN 933 ГОСТ 7798-70 КЛ.ПР.5.8 резьба полная, Шт"
Болт M30x150 DIN 931 ГОСТ 7798-70 цинк,Болт,30.0,150.0,DIN 931,ГОСТ 7798-70,5.8,неполная,цинк,шт,1789.0,справочник ГОСТ,261,кг,466.929,расчёт: 261 руб/кг ÷ 0.6 шт/кг,"Болт 30х150 цинк DIN 931 ГОСТ 7798-70 КЛ.ПР.5.8 резьба неполная, Кг"
Болт M30x160 DIN 931 ГОСТ 7798-70 цинк,Болт,30.0,160.0,DIN 931,ГОСТ 7798-70,10.9,неполная,цинк,шт,1907.0,справочник ГОСТ,375.48,кг,716.04036,расчёт: 375.48 руб/кг ÷ 0.5 шт/кг,"Болт 30х160 цинк DIN 931 ГОСТ 7798-70 кл.пр.10.9 резьба неполная, Кг"
Болт M30x200 DIN 931 ГОСТ 7798-70 цинк,Болт,30.0,200.0,DIN 931,ГОСТ 7798-70,10.9,неполная,цинк,шт,2379.0,справочник ГОСТ,664.13,кг,1579.96527,расчёт: 664.13 руб/кг ÷ 0.4 шт/кг,"Болт 30х200 цинк DIN 931 ГОСТ 7798-70 кл.пр.10.9 резьба неполная, Кг"
Болт M36x110 DIN 931 ГОСТ 7798-70 цинк,Болт,36.0,110.0,DIN 931,ГОСТ 7798-70,5.8,неполная,цинк,шт,2302.0,справочник ГОСТ,277.2,кг,638.1144,расчёт: 277.2 руб/кг ÷ 0.4 шт/кг,"Болт 36х110 цинк DIN 931 ГОСТ 7798-70 КЛ.ПР.5.8 резьба неполная, Кг"
Болт M36x150 DIN 931 ГОСТ 7798-70 цинк,Болт,36.0,150.0,DIN 931,ГОСТ 7798-70,5.8,неполная,цинк,шт,3142.0,справочник ГОСТ,307.45,кг,966.0079,расчёт: 307.45 руб/кг ÷ 0.3 шт/кг,"Болт 36х150 цинк DIN 931 ГОСТ 7798-70 КЛ.ПР.5.8 резьба неполная, Кг"
Болт M36x160 DIN 931 ГОСТ 7798-70 цинк,Болт,36.0,160.0,DIN 931,ГОСТ 7798-70,5.8,неполная,цинк,шт,3352.0,справочник ГОСТ,246.4,кг,825.9328,расчёт: 246.4 руб/кг ÷ 0.3 шт/кг,"Болт 36х160 цинк DIN 931 ГОСТ 7798-70 КЛ.ПР.5.8 резьба неполная, Кг"
Болт M36x220 DIN 931 ГОСТ 7798-70 цинк,Болт,36.0,220.0,DIN 931,ГОСТ 7798-70,10.9,неполная,цинк,шт,,,2125.2,кг,,,"Болт 36х220 цинк DIN 931 ГОСТ 7798-70 кл.пр.10.9 резьба неполная, Кг"
Болт M48x200 DIN 931 ГОСТ 7798-70 цинк,Болт,48.0,200.0,DIN 931,ГОСТ 7798-70,8.8,неполная,цинк,шт,,,431.2,кг,,,"Болт 48х200 цинк DIN 931 ГОСТ 7798-70 кл.пр.8.8 резьба неполная, Кг"
Болт M3x25 DIN 933 ГОСТ 7798-70 цинк,Болт,3.0,25.0,DIN 933,ГОСТ 7798-70,5.8,полная,цинк,шт,,,696,кг,,,"Болт  3х 25 цинк DIN 933 ГОСТ 7798-70 КЛ.ПР.5.8 резьба полная, Кг"
Болт M4x16 DIN 933 цинк,Болт,4.0,16.0,DIN 933,,4.8,полная,цинк,шт,1.04,справочник ГОСТ,2.57,шт,2.57,цена за шт от поставщика,"Болт  4х 16 цинк DIN 933 кл.пр.4.8 резьба полная, Шт"
Болт M4x25 DIN 933 цинк,Болт,4.0,25.0,DIN 933,,5.8,полная,цинк,шт,1.47,справочник ГОСТ,942.5,кг,1.385475,расчёт: 942.5 руб/кг ÷ 680.3 шт/кг,"Болт  4х 25 цинк DIN 933 КЛ.ПР.5.8 резьба полная, Кг"
Болт M5x16 DIN 933 ГОСТ 7798-70 цинк,Болт,5.0,16.0,DIN 933,ГОСТ 7798-70,5.8,полная,цинк,шт,1.8,справочник ГОСТ,265.65,кг,0.47817,расчёт: 265.65 руб/кг ÷ 555.6 шт/кг,"Болт  5х 16 цинк DIN 933 ГОСТ 7798-70 КЛ.ПР.5.8 резьба полная, Кг"
Болт M5x25 DIN 933 ГОСТ 7798-70 цинк,Болт,5.0,25.0,DIN 933,ГОСТ 7798-70,5.8,полная,цинк,шт,2.61,справочник ГОСТ,362.5,кг,0.946125,расчёт: 362.5 руб/кг ÷ 383.1 шт/кг,"Болт  5х 25 цинк DIN 933 ГОСТ 7798-70 КЛ.ПР.5.8 резьба полная, Кг"
Болт M5x45 DIN 933 ГОСТ 7798-70 цинк,Болт,5.0,45.0,DIN 933,ГОСТ 7798-70,5.8,полная,цинк,шт,4.41,справочник ГОСТ,257.4,кг,1.135134,расчёт: 257.4 руб/кг ÷ 226.8 шт/кг,"Болт  5х 45 цинк DIN 933 ГОСТ 7798-70 КЛ.ПР.5.8 резьба полная, Кг"
Болт M5x70 DIN 933 ГОСТ 7798-70 цинк,Болт,5.0,70.0,DIN 933,ГОСТ 7798-70,5.8,полная,цинк,шт,,,257.4,кг,,,"Болт  5х 70 цинк DIN 933 ГОСТ 7798-70 КЛ.ПР.5.8 резьба полная, Кг"
Болт M6x10 DIN 933 ГОСТ 7798-70 цинк,Болт,6.0,10.0,DIN 933,ГОСТ 7798-70,5.8,полная,цинк,шт,1.72,справочник ГОСТ,277.2,кг,0.476784,расчёт: 277.2 руб/кг ÷ 581.4 шт/кг,"Болт  6х 10 цинк DIN 933 ГОСТ 7798-70 КЛ.ПР.5.8 резьба полная, Кг"
Болт M6x12 DIN 933 ГОСТ 7798-70 цинк,Болт,6.0,12.0,DIN 933,ГОСТ 7798-70,5.8,полная,цинк,шт,2.01,справочник ГОСТ,243.1,кг,0.488631,расчёт: 243.1 руб/кг ÷ 497.5 шт/кг,"Болт  6х 12 цинк DIN 933 ГОСТ 7798-70 КЛ.ПР.5.8 резьба полная, Кг"
Болт M6x14 DIN 931 ГОСТ 7798-70 цинк,Болт,6.0,14.0,DIN 931,ГОСТ 7798-70,5.8,неполная,цинк,шт,2.29,справочник ГОСТ,265.65,кг,0.608339,расчёт: 265.65 руб/кг ÷ 436.7 шт/кг,"Болт  6х 14 цинк DIN 931 ГОСТ 7798-70 КЛ.ПР.5.8 резьба неполная, Кг"
Болт M6x30 DIN 933 ГОСТ 7798-70 цинк,Болт,6.0,30.0,DIN 933,ГОСТ 7798-70,5.8,полная,цинк,шт,4.56,справочник ГОСТ,301.07,кг,1.372879,расчёт: 301.07 руб/кг ÷ 219.3 шт/кг,"Болт  6х 30 цинк DIN 933 ГОСТ 7798-70 КЛ.ПР.5.8 резьба полная, Кг"
Болт M6x35 DIN 933 ГОСТ 7798-70 цинк,Болт,6.0,35.0,DIN 933,ГОСТ 7798-70,5.8,полная,цинк,шт,5.27,справочник ГОСТ,171.6,кг,0.904332,расчёт: 171.6 руб/кг ÷ 189.8 шт/кг,"Болт  6х 35 цинк DIN 933 ГОСТ 7798-70 КЛ.ПР.5.8 резьба полная, Кг"
Болт M6x55 DIN 933 ГОСТ 7798-70 цинк,Болт,6.0,55.0,DIN 933,ГОСТ 7798-70,5.8,полная,цинк,шт,8.11,справочник ГОСТ,166.78,кг,1.352586,расчёт: 166.78 руб/кг ÷ 123.3 шт/кг,"Болт  6х 55 цинк DIN 933 ГОСТ 7798-70 КЛ.ПР.5.8 резьба полная, Кг"
Болт M6x130 DIN 933 ГОСТ 7798-70 цинк,Болт,6.0,130.0,DIN 933,ГОСТ 7798-70,5.8,полная,цинк,шт,,,121.63,кг,,,"Болт  6х130 цинк DIN 933 ГОСТ 7798-70 КЛ.ПР.5.8 резьба полная, Кг"
Болт M8x14 DIN 933 ГОСТ 7798-70 цинк,Болт,8.0,14.0,DIN 933,ГОСТ 7798-70,5.8,полная,цинк,шт,,,338.8,кг,,,"Болт  8х 14 цинк DIN 933 ГОСТ 7798-70 КЛ.ПР.5.8 резьба полная, Кг"
Болт M8x16 DIN 933 ГОСТ 7798-70 цинк,Болт,8.0,16.0,DIN 933,ГОСТ 7798-70,5.8,полная,цинк,шт,5.54,справочник ГОСТ,308,кг,1.70632,расчёт: 308 руб/кг ÷ 180.5 шт/кг,"Болт  8х 16 цинк DIN 933 ГОСТ 7798-70 КЛ.ПР.5.8 резьба полная, Кг"
Болт M8x55 DIN 933 ГОСТ 7798-70 цинк,Болт,8.0,55.0,DIN 933,ГОСТ 7798-70,5.8,полная,цинк,шт,18.01,справочник ГОСТ,221.38,кг,3.987054,расчёт: 221.38 руб/кг ÷ 55.5 шт/кг,"Болт  8х 55 цинк DIN 933 ГОСТ 7798-70 КЛ.ПР.5.8 резьба полная, Кг"
Болт M8x75 DIN 933 ГОСТ 7798-70 цинк,Болт,8.0,75.0,DIN 933,ГОСТ 7798-70,5.8,полная,цинк,шт,24.45,справочник ГОСТ,185.9,кг,4.545255,расчёт: 185.9 руб/кг ÷ 40.9 шт/кг,"Болт  8х 75 цинк DIN 933 ГОСТ 7798-70 КЛ.ПР.5.8 резьба полная, Кг"
Болт M8x85 DIN 933 ГОСТ 7798-70 цинк,Болт,8.0,85.0,DIN 933,ГОСТ 7798-70,5.8,полная,цинк,шт,,,246.4,кг,,,"Болт  8х 85 цинк DIN 933 ГОСТ 7798-70 КЛ.ПР.5.8 резьба полная, Кг"
Болт M8x90 DIN 933 ГОСТ 7798-70 цинк,Болт,8.0,90.0,DIN 933,ГОСТ 7798-70,5.8,полная,цинк,шт,29.28,справочник ГОСТ,178.75,кг,5.2338,расчёт: 178.75 руб/кг ÷ 34.2 шт/кг,"Болт  8х 90 цинк DIN 933 ГОСТ 7798-70 КЛ.ПР.5.8 резьба полная, Кг"
Болт M8x100 DIN 933 ГОСТ 7798-70 цинк,Болт,8.0,100.0,DIN 933,ГОСТ 7798-70,5.8,полная,цинк,шт,32.5,справочник ГОСТ,183.04,кг,5.9488,расчёт: 183.04 руб/кг ÷ 30.8 шт/кг,"Болт  8х100 цинк DIN 933 ГОСТ 7798-70 КЛ.ПР.5.8 резьба полная, Кг"
Болт M8x120 DIN 933 ГОСТ 7798-70 цинк,Болт,8.0,120.0,DIN 933,ГОСТ 7798-70,5.8,полная,цинк,шт,38.94,справочник ГОСТ,336.49,кг,13.102921,расчёт: 336.49 руб/кг ÷ 25.7 шт/кг,"Болт  8х120 цинк DIN 933 ГОСТ 7798-70 КЛ.ПР.5.8 резьба полная, Кг"
Болт M8x150 DIN 933 ГОСТ 7798-70 цинк,Болт,8.0,150.0,DIN 933,ГОСТ 7798-70,5.8,полная,цинк,шт,48.6,справочник ГОСТ,145,кг,7.047,расчёт: 145 руб/кг ÷ 20.6 шт/кг,"Болт  8х150 цинк DIN 933 ГОСТ 7798-70 КЛ.ПР.5.8 резьба полная, Кг"
Болт M10x16 DIN 933 ГОСТ 7798-70 цинк,Болт,10.0,16.0,DIN 933,ГОСТ 7798-70,5.8,полная,цинк,шт,,,343.88,кг,,,"Болт 10х 16 цинк DIN 933 ГОСТ 7798-70 КЛ.ПР.5.8 резьба полная, Кг"
Болт M10x35 DIN 933 ГОСТ 7798-70 цинк,Болт,10.0,35.0,DIN 933,ГОСТ 7798-70,5.8,полная,цинк,шт,19.9,справочник ГОСТ,336.49,кг,6.696151,расчёт: 336.49 руб/кг ÷ 50.3 шт/кг,"Болт 10х 35 цинк DIN 933 ГОСТ 7798-70 КЛ.ПР.5.8 резьба полная, Кг"
Болт M10x50 DIN 933 ГОСТ 7798-70 цинк,Болт,10.0,50.0,DIN 933,ГОСТ 7798-70,5.8,полная,цинк,шт,28.3,справочник ГОСТ,180.18,кг,5.099094,расчёт: 180.18 руб/кг ÷ 35.3 шт/кг,"Болт 10х 50 цинк DIN 933 ГОСТ 7798-70 КЛ.ПР.5.8 резьба полная, Кг"
Болт M10x60 DIN 933 ГОСТ 7798-70 цинк,Болт,10.0,60.0,DIN 933,ГОСТ 7798-70,5.8,полная,цинк,шт,33.9,справочник ГОСТ,277.2,кг,9.39708,расчёт: 277.2 руб/кг ÷ 29.5 шт/кг,"Болт 10х 60 цинк DIN 933 ГОСТ 7798-70 КЛ.ПР.5.8 резьба полная, Кг"
Болт M10x80 DIN 933 ГОСТ 7798-70 цинк,Болт,10.0,80.0,DIN 933,ГОСТ 7798-70,5.8,полная,цинк,шт,45.1,справочник ГОСТ,247.94,кг,11.182094,расчёт: 247.94 руб/кг ÷ 22.2 шт/кг,"Болт 10х 80 цинк DIN 933 ГОСТ 7798-70 КЛ.ПР.5.8 резьба полная, Кг"
Болт M10x90 DIN 933 ГОСТ 7798-70 цинк,Болт,10.0,90.0,DIN 933,ГОСТ 7798-70,5.8,полная,цинк,шт,50.7,справочник ГОСТ,277.2,кг,14.05404,расчёт: 277.2 руб/кг ÷ 19.7 шт/кг,"Болт 10х 90 цинк DIN 933 ГОСТ 7798-70 КЛ.ПР.5.8 резьба полная, Кг"
Болт M10x120 DIN 933 ГОСТ 7798-70 цинк,Болт,10.0,120.0,DIN 933,ГОСТ 7798-70,5.8,полная,цинк,шт,67.5,справочник ГОСТ,162.89,кг,10.995075,расчёт: 162.89 руб/кг ÷ 14.8 шт/кг,"Болт 10х120 цинк DIN 933 ГОСТ 7798-70 КЛ.ПР.5.8 резьба полная, Кг"
Болт M10x160 DIN 933 ГОСТ 7798-70 цинк,Болт,10.0,160.0,DIN 933,ГОСТ 7798-70,5.8,полная,цинк,шт,89.9,справочник ГОСТ,162.89,кг,14.643811,расчёт: 162.89 руб/кг ÷ 11.1 шт/кг,"Болт 10х160 цинк DIN 933 ГОСТ 7798-70 КЛ.ПР.5.8 резьба полная, Кг"
Болт M10x180 DIN 933 ГОСТ 7798-70 цинк,Болт,10.0,180.0,DIN 933,ГОСТ 7798-70,5.8,полная,цинк,шт,101.1,справочник ГОСТ,357.5,кг,36.14325,расчёт: 357.5 руб/кг ÷ 9.9 шт/кг,"Болт 10х180 цинк DIN 933 ГОСТ 7798-70 КЛ.ПР.5.8 резьба полная, Кг"
Болт M10x200 DIN 933 ГОСТ 7798-70 цинк,Болт,10.0,200.0,DIN 933,ГОСТ 7798-70,5.8,полная,цинк,шт,112.3,справочник ГОСТ,257.4,кг,28.90602,расчёт: 257.4 руб/кг ÷ 8.9 шт/кг,"Болт 10х200 цинк DIN 933 ГОСТ 7798-70 КЛ.ПР.5.8 резьба полная, Кг"
Болт M12x20 DIN 933 ГОСТ 7798-70 цинк,Болт,12.0,20.0,DIN 933,ГОСТ 7798-70,5.8,полная,цинк,шт,,,114.4,кг,,,"Болт 12х 20 цинк DIN 933 ГОСТ 7798-70 КЛ.ПР.5.8 резьба полная, Кг"
Болт M12x40 DIN 933 ГОСТ 7798-70 цинк,Болт,12.0,40.0,DIN 933,ГОСТ 7798-70,5.8,полная,цинк,шт,39.5,справочник ГОСТ,265.65,кг,10.493175,расчёт: 265.65 руб/кг ÷ 25.3 шт/кг,"Болт 12х 40 цинк DIN 933 ГОСТ 7798-70 КЛ.ПР.5.8 резьба полная, Кг"
Болт M12x45 DIN 933 ГОСТ 7798-70 цинк,Болт,12.0,45.0,DIN 933,ГОСТ 7798-70,5.8,полная,цинк,шт,44.4,справочник ГОСТ,277.2,кг,12.30768,расчёт: 277.2 руб/кг ÷ 22.5 шт/кг,"Болт 12х 45 цинк DIN 933 ГОСТ 7798-70 КЛ.ПР.5.8 резьба полная, Кг"
Болт M12x50 DIN 933 ГОСТ 7798-70 цинк,Болт,12.0,50.0,DIN 933,ГОСТ 7798-70,5.8,полная,цинк,шт,49.3,справочник ГОСТ,308,кг,15.1844,расчёт: 308 руб/кг ÷ 20.3 шт/кг,"Болт 12х 50 цинк DIN 933 ГОСТ 7798-70 КЛ.ПР.5.8 резьба полная, Кг"
Болт M12x60 DIN 933 ГОСТ 7798-70 цинк,Болт,12.0,60.0,DIN 933,ГОСТ 7798-70,5.8,полная,цинк,шт,59.1,справочник ГОСТ,290.15,кг,17.147865,расчёт: 290.15 руб/кг ÷ 16.9 шт/кг,"Болт 12х 60 цинк DIN 933 ГОСТ 7798-70 КЛ.ПР.5.8 резьба полная, Кг"
Болт M12x75 DIN 933 ГОСТ 7798-70 цинк,Болт,12.0,75.0,DIN 933,ГОСТ 7798-70,5.8,полная,цинк,шт,73.8,справочник ГОСТ,247.94,кг,18.297972,расчёт: 247.94 руб/кг ÷ 13.6 шт/кг,"Болт 12х 75 цинк DIN 933 ГОСТ 7798-70 КЛ.ПР.5.8 резьба полная, Кг"
Болт M12x110 DIN 933 ГОСТ 7798-70 цинк,Болт,12.0,110.0,DIN 933,ГОСТ 7798-70,5.8,полная,цинк,шт,108.1,справочник ГОСТ,138.23,кг,14.942663,расчёт: 138.23 руб/кг ÷ 9.3 шт/кг,"Болт 12х110 цинк DIN 933 ГОСТ 7798-70 КЛ.ПР.5.8 резьба полная, Кг"
Болт M12x120 DIN 933 ГОСТ 7798-70 цинк,Болт,12.0,120.0,DIN 933,ГОСТ 7798-70,5.8,полная,цинк,шт,117.9,справочник ГОСТ,257.4,кг,30.34746,расчёт: 257.4 руб/кг ÷ 8.5 шт/кг,"Болт 12х120 цинк DIN 933 ГОСТ 7798-70 КЛ.ПР.5.8 резьба полная, Кг"
Болт M12x130 DIN 933 ГОСТ 7798-70 цинк,Болт,12.0,130.0,DIN 933,ГОСТ 7798-70,5.8,полная,цинк,шт,127.7,справочник ГОСТ,265.65,кг,33.923505,расчёт: 265.65 руб/кг ÷ 7.8 шт/кг,"Болт 12х130 цинк DIN 933 ГОСТ 7798-70 КЛ.ПР.5.8 резьба полная, Кг"
Болт M12x140 DIN 933 ГОСТ 7798-70 цинк,Болт,12.0,140.0,DIN 933,ГОСТ 7798-70,5.8,полная,цинк,шт,137.5,справочник ГОСТ,265.65,кг,36.526875,расчёт: 265.65 руб/кг ÷ 7.3 шт/кг,"Болт 12х140 цинк DIN 933 ГОСТ 7798-70 КЛ.ПР.5.8 резьба полная, Кг"
Болт M12x160 DIN 933 ГОСТ 7798-70 цинк,Болт,12.0,160.0,DIN 933,ГОСТ 7798-70,5.8,полная,цинк,шт,157.1,справочник ГОСТ,162.89,кг,25.590019,расчёт: 162.89 руб/кг ÷ 6.4 шт/кг,"Болт 12х160 цинк DIN 933 ГОСТ 7798-70 КЛ.ПР.5.8 резьба полная, Кг"
Болт M14x25 DIN 933 ГОСТ 7798-70 цинк,Болт,14.0,25.0,DIN 933,ГОСТ 7798-70,5.8,полная,цинк,шт,,,261.8,кг,,,"Болт 14х 25. цинк DIN 933 ГОСТ 7798-70 КЛ.ПР.5.8 резьба полная, Кг"
Болт M14x35 DIN 931 ГОСТ 7798-70 цинк,Болт,14.0,35.0,DIN 931,ГОСТ 7798-70,5.8,неполная,цинк,шт,54.7,справочник ГОСТ,257.4,кг,14.07978,расчёт: 257.4 руб/кг ÷ 18.3 шт/кг,"Болт 14х 35 цинк DIN 931 ГОСТ 7798-70 КЛ.ПР.5.8 резьба неполная, Кг"
Болт M14x35 DIN 933 ГОСТ 7798-70 цинк,Болт,14.0,35.0,DIN 933,ГОСТ 7798-70,5.8,полная,цинк,шт,54.7,справочник ГОСТ,246.4,кг,13.47808,расчёт: 246.4 руб/кг ÷ 18.3 шт/кг,"Болт 14х 35 цинк DIN 933 ГОСТ 7798-70 КЛ.ПР.5.8 резьба полная, Кг"
Болт M14x50 DIN 933 ГОСТ 7798-70 цинк,Болт,14.0,50.0,DIN 933,ГОСТ 7798-70,5.8,полная,цинк,шт,77.8,справочник ГОСТ,308,кг,23.9624,расчёт: 308 руб/кг ÷ 12.9 шт/кг,"Болт 14х 50 цинк DIN 933 ГОСТ 7798-70 КЛ.ПР.5.8 резьба полная, Кг"
Болт M14x160 DIN 933 ГОСТ 7798-70 цинк,Болт,14.0,160.0,DIN 933,ГОСТ 7798-70,5.8,полная,цинк,шт,247.2,справочник ГОСТ,366.98,кг,90.717456,расчёт: 366.98 руб/кг ÷ 4.0 шт/кг,"Болт 14х160 цинк DIN 933 ГОСТ 7798-70 КЛ.ПР.5.8 резьба полная, Кг"
Болт M14x180 DIN 933 ГОСТ 7798-70 цинк,Болт,14.0,180.0,DIN 933,ГОСТ 7798-70,5.8,полная,цинк,шт,278.0,справочник ГОСТ,372.8,кг,103.6384,расчёт: 372.8 руб/кг ÷ 3.6 шт/кг,"Болт 14х180 цинк DIN 933 ГОСТ 7798-70 КЛ.ПР.5.8 резьба полная, Кг"
Болт M16x30 DIN 933 ГОСТ 7798-70 цинк,Болт,16.0,30.0,DIN 933,ГОСТ 7798-70,5.8,полная,цинк,шт,66.0,справочник ГОСТ,277.2,кг,18.2952,расчёт: 277.2 руб/кг ÷ 15.2 шт/кг,"Болт 16х 30 цинк DIN 933 ГОСТ 7798-70 КЛ.ПР.5.8 резьба полная, Кг"
Болт M16x45 DIN 933 ГОСТ 7798-70 цинк,Болт,16.0,45.0,DIN 933,ГОСТ 7798-70,5.8,полная,цинк,шт,98.1,справочник ГОСТ,184.8,кг,18.12888,расчёт: 184.8 руб/кг ÷ 10.2 шт/кг,"Болт 16х 45 цинк DIN 933 ГОСТ 7798-70 КЛ.ПР.5.8 резьба полная, Кг"
Болт M16x110 DIN 933 ГОСТ 7798-70 цинк,Болт,16.0,110.0,DIN 933,ГОСТ 7798-70,5.8,полная,цинк,шт,237.2,справочник ГОСТ,265.65,кг,63.01218,расчёт: 265.65 руб/кг ÷ 4.2 шт/кг,"Болт 16х110 цинк DIN 933 ГОСТ 7798-70 КЛ.ПР.5.8 резьба полная, Кг"
Болт M16x130 DIN 933 ГОСТ 7798-70 цинк,Болт,16.0,130.0,DIN 933,ГОСТ 7798-70,5.8,полная,цинк,шт,280.0,справочник ГОСТ,95.7,кг,26.796,расчёт: 95.7 руб/кг ÷ 3.6 шт/кг,"Болт 16х130 цинк DIN 933 ГОСТ 7798-70 КЛ.ПР.5.8 резьба полная, Кг"
Болт M16x140 DIN 933 ГОСТ 7798-70 цинк,Болт,16.0,140.0,DIN 933,ГОСТ 7798-70,5.8,полная,цинк,шт,301.4,справочник ГОСТ,228.8,кг,68.96032,расчёт: 228.8 руб/кг ÷ 3.3 шт/кг,"Болт 16х140 цинк DIN 933 ГОСТ 7798-70 КЛ.ПР.5.8 резьба полная, Кг"
Болт M16x150 DIN 933 ГОСТ 7798-70 цинк,Болт,16.0,150.0,DIN 933,ГОСТ 7798-70,5.8,полная,цинк,шт,322.8,справочник ГОСТ,267.31,кг,86.287668,расчёт: 267.31 руб/кг ÷ 3.1 шт/кг,"Болт 16х150 цинк DIN 933 ГОСТ 7798-70 КЛ.ПР.5.8 резьба полная, Кг"
Болт M16x170 DIN 933 ГОСТ 7798-70 цинк,Болт,16.0,170.0,DIN 933,ГОСТ 7798-70,5.8,полная,цинк,шт,,,249.92,кг,,,"Болт 16х170 цинк DIN 933 ГОСТ 7798-70 КЛ.ПР.5.8 резьба полная, Кг"
Болт M16x220 DIN 933 ГОСТ 7798-70 цинк,Болт,16.0,220.0,DIN 933,ГОСТ 7798-70,5.8,полная,цинк,шт,472.6,справочник ГОСТ,290.97,кг,137.512422,расчёт: 290.97 руб/кг ÷ 2.1 шт/кг,"Болт 16х220 цинк DIN 933 ГОСТ 7798-70 КЛ.ПР.5.8 резьба полная, Кг"
Болт M16x230 DIN 933 ГОСТ 7798-70 цинк,Болт,16.0,230.0,DIN 933,ГОСТ 7798-70,5.8,полная,цинк,шт,,,257.4,кг,,,"Болт 16х230 цинк DIN 933 ГОСТ 7798-70 КЛ.ПР.5.8 резьба полная, Кг"
Болт M16x260 DIN 933 ГОСТ 7798-70 цинк,Болт,16.0,260.0,DIN 933,ГОСТ 7798-70,5.8,полная,цинк,шт,,,286,кг,,,"Болт 16х260 цинк DIN 933 ГОСТ 7798-70 КЛ.ПР.5.8 резьба полная, Кг"
Болт M18x50 DIN 933 ГОСТ 7798-70 цинк,Болт,18.0,50.0,DIN 933,ГОСТ 7798-70,5.8,полная,цинк,шт,149.0,справочник ГОСТ,283.36,кг,42.22064,расчёт: 283.36 руб/кг ÷ 6.7 шт/кг,"Болт 18х 50 цинк DIN 933 ГОСТ 7798-70 КЛ.ПР.5.8 резьба полная, Кг"
Болт M18x60 DIN 933 ГОСТ 7798-70 цинк,Болт,18.0,60.0,DIN 933,ГОСТ 7798-70,5.8,полная,цинк,шт,177.0,справочник ГОСТ,281.66,кг,49.85382,расчёт: 281.66 руб/кг ÷ 5.6 шт/кг,"Болт 18х 60 цинк DIN 933 ГОСТ 7798-70 КЛ.ПР.5.8 резьба полная, Кг"
Болт M18x70 DIN 933 ГОСТ 7798-70 цинк,Болт,18.0,70.0,DIN 933,ГОСТ 7798-70,5.8,полная,цинк,шт,205.0,справочник ГОСТ,371.91,кг,76.24155,расчёт: 371.91 руб/кг ÷ 4.9 шт/кг,"Болт 18х 70 цинк DIN 933 ГОСТ 7798-70 КЛ.ПР.5.8 резьба полная, Кг"
Болт M18x90 DIN 933 ГОСТ 7798-70 цинк,Болт,18.0,90.0,DIN 933,ГОСТ 7798-70,5.8,полная,цинк,шт,261.0,справочник ГОСТ,431.2,кг,112.5432,расчёт: 431.2 руб/кг ÷ 3.8 шт/кг,"Болт 18х 90 цинк DIN 933 ГОСТ 7798-70 КЛ.ПР.5.8 резьба полная, Кг"
Болт M20x65 DIN 933 ГОСТ 7798-70 цинк,Болт,20.0,65.0,DIN 933,ГОСТ 7798-70,5.8,полная,цинк,шт,253.0,справочник ГОСТ,184.8,кг,46.7544,расчёт: 184.8 руб/кг ÷ 4.0 шт/кг,"Болт 20х 65 цинк DIN 933 ГОСТ 7798-70 КЛ.ПР.5.8 резьба полная, Кг"
Болт M20x100 DIN 933 ГОСТ 7798-70 цинк,Болт,20.0,100.0,DIN 933,ГОСТ 7798-70,5.8,полная,цинк,шт,379.0,справочник ГОСТ,301.07,кг,114.10553,расчёт: 301.07 руб/кг ÷ 2.6 шт/кг,"Болт 20х100 цинк DIN 933 ГОСТ 7798-70 КЛ.ПР.5.8 резьба полная, Кг"
Болт M20x120 DIN 933 ГОСТ 7798-70 цинк,Болт,20.0,120.0,DIN 933,ГОСТ 7798-70,5.8,полная,цинк,шт,451.0,справочник ГОСТ,247.94,кг,111.82094,расчёт: 247.94 руб/кг ÷ 2.2 шт/кг,"Болт 20х120 цинк DIN 933 ГОСТ 7798-70 КЛ.ПР.5.8 резьба полная, Кг"
Болт M20x140 DIN 933 ГОСТ 7798-70 цинк,Болт,20.0,140.0,DIN 933,ГОСТ 7798-70,5.8,полная,цинк,шт,523.0,справочник ГОСТ,231,кг,120.813,расчёт: 231 руб/кг ÷ 1.9 шт/кг,"Болт 20х140 цинк DIN 933 ГОСТ 7798-70 КЛ.ПР.5.8 резьба полная, Кг"
Болт M20x180 DIN 933 ГОСТ 7798-70 цинк,Болт,20.0,180.0,DIN 933,ГОСТ 7798-70,5.8,полная,цинк,шт,667.0,справочник ГОСТ,247.94,кг,165.37598,расчёт: 247.94 руб/кг ÷ 1.5 шт/кг,"Болт 20х180 цинк DIN 933 ГОСТ 7798-70 КЛ.ПР.5.8 резьба полная, Кг"
Болт M22x70 DIN 933 ГОСТ 7798-70 цинк,Болт,22.0,70.0,DIN 933,ГОСТ 7798-70,5.8,полная,цинк,шт,349.0,справочник ГОСТ,406,кг,141.694,расчёт: 406 руб/кг ÷ 2.9 шт/кг,"Болт 22х 70 цинк DIN 933 ГОСТ 7798-70 КЛ.ПР.5.8 резьба полная, Кг"
Болт M22x100 DIN 933 ГОСТ 7798-70 цинк,Болт,22.0,100.0,DIN 933,ГОСТ 7798-70,5.8,полная,цинк,шт,487.0,справочник ГОСТ,246.4,кг,119.9968,расчёт: 246.4 руб/кг ÷ 2.1 шт/кг,"Болт 22х100 цинк DIN 933 ГОСТ 7798-70 КЛ.ПР.5.8 резьба полная, Кг"
Болт M24x70 DIN 933 ГОСТ 7798-70 цинк,Болт,24.0,70.0,DIN 933,ГОСТ 7798-70,4.8,полная,цинк,шт,458.0,справочник ГОСТ,431.2,кг,197.4896,расчёт: 431.2 руб/кг ÷ 2.2 шт/кг,"Болт 24х 70 цинк DIN 933 ГОСТ 7798-70 кл.пр.4.8 резьба полная, Кг"
Болт M24x100 DIN 933 ГОСТ 7798-70 цинк,Болт,24.0,100.0,DIN 933,ГОСТ 7798-70,5.8,полная,цинк,шт,638.0,справочник ГОСТ,336.49,кг,214.68062,расчёт: 336.49 руб/кг ÷ 1.6 шт/кг,"Болт 24х100 цинк DIN 933 ГОСТ 7798-70 КЛ.ПР.5.8 резьба полная, Кг"
Болт M24x150 DIN 933 ГОСТ 7798-70 цинк,Болт,24.0,150.0,DIN 933,ГОСТ 7798-70,5.8,полная,цинк,шт,938.0,справочник ГОСТ,247.94,кг,232.56772,расчёт: 247.94 руб/кг ÷ 1.1 шт/кг,"Болт 24х150 цинк DIN 933 ГОСТ 7798-70 КЛ.ПР.5.8 резьба полная, Кг"
Болт M24x180 DIN 933 ГОСТ 7798-70 цинк,Болт,24.0,180.0,DIN 933,ГОСТ 7798-70,5.8,полная,цинк,шт,1118.0,справочник ГОСТ,277.17,кг,309.87606,расчёт: 277.17 руб/кг ÷ 0.9 шт/кг,"Болт 24х180 цинк DIN 933 ГОСТ 7798-70 КЛ.ПР.5.8 резьба полная, Кг"
Болт M27x130 DIN 933 ГОСТ 7798-70 цинк,Болт,27.0,130.0,DIN 933,ГОСТ 7798-70,5.8,полная,цинк,шт,1135.0,справочник ГОСТ,339.64,кг,385.4914,расчёт: 339.64 руб/кг ÷ 0.9 шт/кг,"Болт 27х130 цинк DIN 933 ГОСТ 7798-70 КЛ.ПР.5.8 резьба полная, Кг"
Болт M27x160 DIN 933 ГОСТ 7798-70 цинк,Болт,27.0,160.0,DIN 933,ГОСТ 7798-70,5.8,полная,цинк,шт,1387.0,справочник ГОСТ,296.01,кг,410.56587,расчёт: 296.01 руб/кг ÷ 0.7 шт/кг,"Болт 27х160 цинк DIN 933 ГОСТ 7798-70 КЛ.ПР.5.8 резьба полная, Кг"
Болт M27x250 DIN 933 ГОСТ 7798-70 цинк,Болт,27.0,250.0,DIN 933,ГОСТ 7798-70,5.8,полная,цинк,шт,,,309.93,кг,,,"Болт 27х250 цинк DIN 933 ГОСТ 7798-70 КЛ.ПР.5.8 резьба полная, Кг"
Болт M30x120 ГОСТ 7798-70 цинк,Болт,30.0,120.0,,ГОСТ 7798-70,5.8,полная,цинк,шт,1435.0,справочник ГОСТ,453.69,кг,651.04515,расчёт: 453.69 руб/кг ÷ 0.7 шт/кг,"Болт 30х120 цинк ГОСТ 7798-70 КЛ.ПР.5.8 резьба полная, Кг"
Болт M30x130 ГОСТ 7798-70 цинк,Болт,30.0,130.0,,ГОСТ 7798-70,5.8,полная,цинк,шт,1553.0,справочник ГОСТ,231,кг,358.743,расчёт: 231 руб/кг ÷ 0.6 шт/кг,"Болт 30х130 цинк ГОСТ 7798-70 КЛ.ПР.5.8 резьба полная, Кг"
Болт M30x150 DIN 933 ГОСТ 7798-70,Болт,30.0,150.0,DIN 933,ГОСТ 7798-70,5.8,полная,без покрытия,шт,1789.0,справочник ГОСТ,421.31,кг,753.72359,расчёт: 421.31 руб/кг ÷ 0.6 шт/кг,"Болт 30х150 без покрытия DIN 933 ГОСТ 7798-70 КЛ.ПР.5.8 резьба полная, Кг"
Болт M30x220 ГОСТ 7798-70 цинк,Болт,30.0,220.0,,ГОСТ 7798-70,5.8,полная,цинк,шт,,,303.27,кг,,,"Болт 30х220 цинк ГОСТ 7798-70 КЛ.ПР.5.8 резьба полная, Кг"
Болт M30x320 ГОСТ 7798-70 цинк,Болт,30.0,320.0,,ГОСТ 7798-70,5.8,полная,цинк,шт,,,373.88,кг,,,"Болт 30х320 цинк ГОСТ 7798-70 КЛ.ПР.5.8 резьба полная, Кг"
Болт M3x30 DIN 933 ГОСТ 7798-70 цинк,Болт,3.0,30.0,DIN 933,ГОСТ 7798-70,8.8,полная,цинк,шт,,,333.5,кг,,,"Болт  3х 30 цинк DIN 933 ГОСТ 7798-70 кл.пр.8.8 резьба полная, Кг"
Болт M4x20 DIN 933 цинк,Болт,4.0,20.0,DIN 933,,8.8,полная,цинк,шт,1.23,справочник ГОСТ,4.04,шт,4.04,цена за шт от поставщика,"Болт  4х 20 цинк DIN 933 кл.пр.8.8 резьба полная, Шт"
Болт M4x50 DIN 933 цинк,Болт,4.0,50.0,DIN 933,,8.8,полная,цинк,шт,2.69,справочник ГОСТ,2280,кг,6.1332,расчёт: 2280 руб/кг ÷ 371.7 шт/кг,"Болт  4х 50 цинк DIN 933 кл.пр.8.8 резьба полная, Кг"
Болт M4x60 DIN 933 ГОСТ 7798-70 цинк,Болт,4.0,60.0,DIN 933,ГОСТ 7798-70,8.8,полная,цинк,шт,,,301.1,кг,,,"Болт  4х 60 цинк DIN 933 ГОСТ 7798-70 кл.пр.8.8 резьба полная, Кг"
Болт M5x20 DIN 933 ГОСТ 7798-70 цинк,Болт,5.0,20.0,DIN 933,ГОСТ 7798-70,8.8,полная,цинк,шт,2.16,справочник ГОСТ,479,кг,1.03464,расчёт: 479 руб/кг ÷ 463.0 шт/кг,"Болт  5х 20 цинк DIN 933 ГОСТ 7798-70 кл.пр.8.8 резьба полная, Кг"
Болт M5x30 DIN 933 ГОСТ 7798-70 цинк,Болт,5.0,30.0,DIN 933,ГОСТ 7798-70,8.8,полная,цинк,шт,3.06,справочник ГОСТ,319,кг,0.97614,расчёт: 319 руб/кг ÷ 326.8 шт/кг,"Болт  5х 30 цинк DIN 933 ГОСТ 7798-70 кл.пр.8.8 резьба полная, Кг"
Болт M5x40 DIN 933 ГОСТ 7798-70 цинк,Болт,5.0,40.0,DIN 933,ГОСТ 7798-70,8.8,полная,цинк,шт,3.96,справочник ГОСТ,348,кг,1.37808,расчёт: 348 руб/кг ÷ 252.5 шт/кг,"Болт  5х 40 цинк DIN 933 ГОСТ 7798-70 кл.пр.8.8 резьба полная, Кг"
Болт M5x50 DIN 933 ГОСТ 7798-70 цинк,Болт,5.0,50.0,DIN 933,ГОСТ 7798-70,8.8,полная,цинк,шт,4.86,справочник ГОСТ,319,кг,1.55034,расчёт: 319 руб/кг ÷ 205.8 шт/кг,"Болт  5х 50 цинк DIN 933 ГОСТ 7798-70 кл.пр.8.8 резьба полная, Кг"
Болт M5x60 DIN 933 ГОСТ 7798-70 цинк,Болт,5.0,60.0,DIN 933,ГОСТ 7798-70,8.8,полная,цинк,шт,,,354.2,кг,,,"Болт  5х 60 цинк DIN 933 ГОСТ 7798-70 кл.пр.8.8 резьба полная, Кг"
Болт M6x14 DIN 933 ГОСТ 7798-70 цинк,Болт,6.0,14.0,DIN 933,ГОСТ 7798-70,8.8,полная,цинк,шт,2.29,справочник ГОСТ,963.82,кг,2.207148,расчёт: 963.82 руб/кг ÷ 436.7 шт/кг,"Болт  6х 14 цинк DIN 933 ГОСТ 7798-70 кл.пр.8.8 резьба полная, Кг"
Болт M6x16 DIN 933 ГОСТ 7798-70 цинк,Болт,6.0,16.0,DIN 933,ГОСТ 7798-70,8.8,полная,цинк,шт,2.57,справочник ГОСТ,232,кг,0.59624,расчёт: 232 руб/кг ÷ 389.1 шт/кг,"Болт  6х 16 цинк DIN 933 ГОСТ 7798-70 кл.пр.8.8 резьба полная, Кг"
Болт M6x20 DIN 933 ГОСТ 7798-70 цинк,Болт,6.0,20.0,DIN 933,ГОСТ 7798-70,8.8,полная,цинк,шт,3.14,справочник ГОСТ,247,кг,0.77558,расчёт: 247 руб/кг ÷ 318.5 шт/кг,"Болт  6х 20 цинк DIN 933 ГОСТ 7798-70 кл.пр.8.8 резьба полная, Кг"
Болт M6x25 DIN 933 ГОСТ 7798-70 цинк,Болт,6.0,25.0,DIN 933,ГОСТ 7798-70,10.9,полная,цинк,шт,3.85,справочник ГОСТ,325.44,кг,1.252944,расчёт: 325.44 руб/кг ÷ 259.7 шт/кг,"Болт  6х 25 цинк DIN 933 ГОСТ 7798-70 кл.пр.10.9 резьба полная, Кг"
Болт M6x40 DIN 933 ГОСТ 7798-70 цинк,Болт,6.0,40.0,DIN 933,ГОСТ 7798-70,8.8,полная,цинк,шт,5.98,справочник ГОСТ,225,кг,1.3455,расчёт: 225 руб/кг ÷ 167.2 шт/кг,"Болт  6х 40 цинк DIN 933 ГОСТ 7798-70 кл.пр.8.8 резьба полная, Кг"
Болт M6x45 DIN 933 ГОСТ 7798-70 цинк,Болт,6.0,45.0,DIN 933,ГОСТ 7798-70,8.8,полная,цинк,шт,6.69,справочник ГОСТ,290,кг,1.9401,расчёт: 290 руб/кг ÷ 149.5 шт/кг,"Болт  6х 45 цинк DIN 933 ГОСТ 7798-70 кл.пр.8.8 резьба полная, Кг"
Болт M6x50 DIN 933 ГОСТ 7798-70 цинк,Болт,6.0,50.0,DIN 933,ГОСТ 7798-70,10.9,полная,цинк,шт,7.4,справочник ГОСТ,327,кг,2.4198,расчёт: 327 руб/кг ÷ 135.1 шт/кг,"Болт  6х 50 цинк DIN 933 ГОСТ 7798-70 кл.пр.10.9 резьба полная, Кг"
Болт M6x60 DIN 933 ГОСТ 7798-70 цинк,Болт,6.0,60.0,DIN 933,ГОСТ 7798-70,8.8,полная,цинк,шт,8.82,справочник ГОСТ,217.5,кг,1.91835,расчёт: 217.5 руб/кг ÷ 113.4 шт/кг,"Болт  6х 60 цинк DIN 933 ГОСТ 7798-70 кл.пр.8.8 резьба полная, Кг"
Болт M6x65 DIN 933 ГОСТ 7798-70 цинк,Болт,6.0,65.0,DIN 933,ГОСТ 7798-70,8.8,полная,цинк,шт,9.53,справочник ГОСТ,338.8,кг,3.228764,расчёт: 338.8 руб/кг ÷ 104.9 шт/кг,"Болт  6х 65 цинк DIN 933 ГОСТ 7798-70 кл.пр.8.8 резьба полная, Кг"
Болт M6x70 DIN 933 ГОСТ 7798-70 цинк,Болт,6.0,70.0,DIN 933,ГОСТ 7798-70,8.8,полная,цинк,шт,10.24,справочник ГОСТ,311.75,кг,3.19232,расчёт: 311.75 руб/кг ÷ 97.7 шт/кг,"Болт  6х 70 цинк DIN 933 ГОСТ 7798-70 кл.пр.8.8 резьба полная, Кг"
Болт M6x80 DIN 933 ГОСТ 7798-70 цинк,Болт,6.0,80.0,DIN 933,ГОСТ 7798-70,8.8,полная,цинк,шт,11.66,справочник ГОСТ,232,кг,2.70512,расчёт: 232 руб/кг ÷ 85.8 шт/кг,"Болт  6х 80 цинк DIN 933 ГОСТ 7798-70 кл.пр.8.8 резьба полная, Кг"
Болт M6x90 DIN 933 ГОСТ 7798-70 цинк,Болт,6.0,90.0,DIN 933,ГОСТ 7798-70,8.8,полная,цинк,шт,13.08,справочник ГОСТ,257.4,кг,3.366792,расчёт: 257.4 руб/кг ÷ 76.5 шт/кг,"Болт  6х 90 цинк DIN 933 ГОСТ 7798-70 кл.пр.8.8 резьба полная, Кг"
Болт M6x100 DIN 933 ГОСТ 7798-70 цинк,Болт,6.0,100.0,DIN 933,ГОСТ 7798-70,8.8,полная,цинк,шт,14.5,справочник ГОСТ,264.55,кг,3.835975,расчёт: 264.55 руб/кг ÷ 69.0 шт/кг,"Болт  6х100 цинк DIN 933 ГОСТ 7798-70 кл.пр.8.8 резьба полная, Кг"
Болт M6x120 DIN 933 ГОСТ 7798-70 цинк,Болт,6.0,120.0,DIN 933,ГОСТ 7798-70,8.8,полная,цинк,шт,,,333.5,кг,,,"Болт  6х120 цинк DIN 933 ГОСТ 7798-70 кл.пр.8.8 резьба полная, Кг"
Болт M6x140 DIN 933 ГОСТ 7798-70 цинк,Болт,6.0,140.0,DIN 933,ГОСТ 7798-70,8.8,полная,цинк,шт,,,338.8,кг,,,"Болт  6х140 цинк DIN 933 ГОСТ 7798-70 кл.пр.8.8 резьба полная, Кг"
Болт M8x12 DIN 933 ГОСТ 7798-70 цинк,Болт,8.0,12.0,DIN 933,ГОСТ 7798-70,8.8,полная,цинк,шт,,,290,кг,,,"Болт  8х 12 цинк DIN 933 ГОСТ 7798-70 кл.пр.8.8 резьба полная, Кг"
Болт M8x20 DIN 933 ГОСТ 7798-70 цинк,Болт,8.0,20.0,DIN 933,ГОСТ 7798-70,8.8,полная,цинк,шт,6.74,справочник ГОСТ,232,кг,1.56368,расчёт: 232 руб/кг ÷ 148.4 шт/кг,"Болт  8х 20 цинк DIN 933 ГОСТ 7798-70 кл.пр.8.8 резьба полная, Кг"
Болт M8x25 DIN 933 ГОСТ 7798-70 цинк,Болт,8.0,25.0,DIN 933,ГОСТ 7798-70,8.8,полная,цинк,шт,8.35,справочник ГОСТ,232,кг,1.9372,расчёт: 232 руб/кг ÷ 119.8 шт/кг,"Болт  8х 25 цинк DIN 933 ГОСТ 7798-70 кл.пр.8.8 резьба полная, Кг"
Болт M8x30 DIN 933 ГОСТ 7798-70 цинк,Болт,8.0,30.0,DIN 933,ГОСТ 7798-70,8.8,полная,цинк,шт,9.96,справочник ГОСТ,232,кг,2.31072,расчёт: 232 руб/кг ÷ 100.4 шт/кг,"Болт  8х 30 цинк DIN 933 ГОСТ 7798-70 кл.пр.8.8 резьба полная, Кг"
Болт M8x35 DIN 933 ГОСТ 7798-70 цинк,Болт,8.0,35.0,DIN 933,ГОСТ 7798-70,8.8,полная,цинк,шт,11.57,справочник ГОСТ,261,кг,3.01977,расчёт: 261 руб/кг ÷ 86.4 шт/кг,"Болт  8х 35 цинк DIN 933 ГОСТ 7798-70 кл.пр.8.8 резьба полная, Кг"
Болт M8x40 DIN 933 ГОСТ 7798-70 цинк,Болт,8.0,40.0,DIN 933,ГОСТ 7798-70,10.9,полная,цинк,шт,13.18,справочник ГОСТ,290,кг,3.8222,расчёт: 290 руб/кг ÷ 75.9 шт/кг,"Болт  8х 40 цинк DIN 933 ГОСТ 7798-70 кл.пр.10.9 резьба полная, Кг"
Болт M8x45 DIN 933 ГОСТ 7798-70 цинк,Болт,8.0,45.0,DIN 933,ГОСТ 7798-70,8.8,полная,цинк,шт,14.79,справочник ГОСТ,257.4,кг,3.806946,расчёт: 257.4 руб/кг ÷ 67.6 шт/кг,"Болт  8х 45 цинк DIN 933 ГОСТ 7798-70 кл.пр.8.8 резьба полная, Кг"
Болт M8x50 DIN 933 ГОСТ 7798-70 цинк,Болт,8.0,50.0,DIN 933,ГОСТ 7798-70,8.8,полная,цинк,шт,16.4,справочник ГОСТ,218,кг,3.5752,расчёт: 218 руб/кг ÷ 61.0 шт/кг,"Болт  8х 50 цинк DIN 933 ГОСТ 7798-70 кл.пр.8.8 резьба полная, Кг"
Болт M8x60 DIN 933 ГОСТ 7798-70 цинк,Болт,8.0,60.0,DIN 933,ГОСТ 7798-70,10.9,полная,цинк,шт,19.62,справочник ГОСТ,277.2,кг,5.438664,расчёт: 277.2 руб/кг ÷ 51.0 шт/кг,"Болт  8х 60 цинк DIN 933 ГОСТ 7798-70 кл.пр.10.9 резьба полная, Кг"
Болт M8x70 DIN 933 ГОСТ 7798-70 цинк,Болт,8.0,70.0,DIN 933,ГОСТ 7798-70,8.8,полная,цинк,шт,22.84,справочник ГОСТ,217.5,кг,4.9677,расчёт: 217.5 руб/кг ÷ 43.8 шт/кг,"Болт  8х 70 цинк DIN 933 ГОСТ 7798-70 кл.пр.8.8 резьба полная, Кг"
Болт M8x80 DIN 933 ГОСТ 7798-70 цинк,Болт,8.0,80.0,DIN 933,ГОСТ 7798-70,8.8,полная,цинк,шт,26.06,справочник ГОСТ,203,кг,5.29018,расчёт: 203 руб/кг ÷ 38.4 шт/кг,"Болт  8х 80 цинк DIN 933 ГОСТ 7798-70 кл.пр.8.8 резьба полная, Кг"
Болт M10x20 DIN 933 ГОСТ 7798-70,Болт,10.0,20.0,DIN 933,ГОСТ 7798-70,10.9,полная,без покрытия,шт,11.5,справочник ГОСТ,291.17,кг,3.348455,расчёт: 291.17 руб/кг ÷ 87.0 шт/кг,"Болт 10х 20 без покрытия DIN 933 ГОСТ 7798-70 кл.пр.10.9 резьба полная, Кг"
Болт M10x20 DIN 933 ГОСТ 7798-70 цинк,Болт,10.0,20.0,DIN 933,ГОСТ 7798-70,8.8,полная,цинк,шт,11.5,справочник ГОСТ,261,кг,3.0015,расчёт: 261 руб/кг ÷ 87.0 шт/кг,"Болт 10х 20 цинк DIN 933 ГОСТ 7798-70 кл.пр.8.8 резьба полная, Кг"
Болт M10x25 DIN 933 ГОСТ 7798-70 цинк,Болт,10.0,25.0,DIN 933,ГОСТ 7798-70,10.9,полная,цинк,шт,14.3,справочник ГОСТ,330.37,кг,4.724291,расчёт: 330.37 руб/кг ÷ 69.9 шт/кг,"Болт 10х 25 цинк DIN 933 ГОСТ 7798-70 кл.пр.10.9 резьба полная, Кг"
Болт M10x30 DIN 933 ГОСТ 7798-70 цинк,Болт,10.0,30.0,DIN 933,ГОСТ 7798-70,8.8,полная,цинк,шт,17.1,справочник ГОСТ,232,кг,3.9672,расчёт: 232 руб/кг ÷ 58.5 шт/кг,"Болт 10х 30 цинк DIN 933 ГОСТ 7798-70 кл.пр.8.8 резьба полная, Кг"
Болт M10x40 DIN 933 ГОСТ 7798-70 цинк,Болт,10.0,40.0,DIN 933,ГОСТ 7798-70,8.8,полная,цинк,шт,22.7,справочник ГОСТ,232,кг,5.2664,расчёт: 232 руб/кг ÷ 44.1 шт/кг,"Болт 10х 40 цинк DIN 933 ГОСТ 7798-70 кл.пр.8.8 резьба полная, Кг"
Болт M10x45 DIN 933 ГОСТ 7798-70 цинк,Болт,10.0,45.0,DIN 933,ГОСТ 7798-70,10.9,полная,цинк,шт,25.5,справочник ГОСТ,290,кг,7.395,расчёт: 290 руб/кг ÷ 39.2 шт/кг,"Болт 10х 45 цинк DIN 933 ГОСТ 7798-70 кл.пр.10.9 резьба полная, Кг"
Болт M10x55 DIN 933 ГОСТ 7798-70 цинк,Болт,10.0,55.0,DIN 933,ГОСТ 7798-70,8.8,полная,цинк,шт,31.1,справочник ГОСТ,261,кг,8.1171,расчёт: 261 руб/кг ÷ 32.2 шт/кг,"Болт 10х 55 цинк DIN 933 ГОСТ 7798-70 кл.пр.8.8 резьба полная, Кг"
Болт M10x65 DIN 933 ГОСТ 7798-70 цинк,Болт,10.0,65.0,DIN 933,ГОСТ 7798-70,8.8,полная,цинк,шт,36.7,справочник ГОСТ,228.8,кг,8.39696,расчёт: 228.8 руб/кг ÷ 27.2 шт/кг,"Болт 10х 65 цинк DIN 933 ГОСТ 7798-70 кл.пр.8.8 резьба полная, Кг"
Болт M10x70 DIN 933 ГОСТ 7798-70 цинк,Болт,10.0,70.0,DIN 933,ГОСТ 7798-70,8.8,полная,цинк,шт,39.5,справочник ГОСТ,218,кг,8.611,расчёт: 218 руб/кг ÷ 25.3 шт/кг,"Болт 10х 70 цинк DIN 933 ГОСТ 7798-70 кл.пр.8.8 резьба полная, Кг"
Болт M10x100 DIN 933 ГОСТ 7798-70 цинк,Болт,10.0,100.0,DIN 933,ГОСТ 7798-70,8.8,полная,цинк,шт,56.3,справочник ГОСТ,261,кг,14.6943,расчёт: 261 руб/кг ÷ 17.8 шт/кг,"Болт 10х100 цинк DIN 933 ГОСТ 7798-70 кл.пр.8.8 резьба полная, Кг"
Болт M10x150 DIN 933 ГОСТ 7798-70 цинк,Болт,10.0,150.0,DIN 933,ГОСТ 7798-70,10.9,полная,цинк,шт,84.3,справочник ГОСТ,1340.15,кг,112.974645,расчёт: 1340.15 руб/кг ÷ 11.9 шт/кг,"Болт 10х150 цинк DIN 933 ГОСТ 7798-70 кл.пр.10.9 резьба полная, Кг"
Болт M12x25 DIN 933 ГОСТ 7798-70 цинк,Болт,12.0,25.0,DIN 933,ГОСТ 7798-70,10.9,полная,цинк,шт,24.8,справочник ГОСТ,286,кг,7.0928,расчёт: 286 руб/кг ÷ 40.3 шт/кг,"Болт 12х 25 цинк DIN 933 ГОСТ 7798-70 кл.пр.10.9 резьба полная, Кг"
Болт M12x30 DIN 933 ГОСТ 7798-70 цинк,Болт,12.0,30.0,DIN 933,ГОСТ 7798-70,12.9,полная,цинк,шт,29.7,справочник ГОСТ,286,кг,8.4942,расчёт: 286 руб/кг ÷ 33.7 шт/кг,"Болт 12х 30 цинк DIN 933 ГОСТ 7798-70 кл.пр.12.9 резьба полная, Кг"
Болт M12x35 DIN 933 ГОСТ 7798-70 цинк,Болт,12.0,35.0,DIN 933,ГОСТ 7798-70,10.9,полная,цинк,шт,34.6,справочник ГОСТ,304.5,кг,10.5357,расчёт: 304.5 руб/кг ÷ 28.9 шт/кг,"Болт 12х 35 цинк DIN 933 ГОСТ 7798-70 кл.пр.10.9 резьба полная, Кг"
Болт M12x55 DIN 933 ГОСТ 7798-70 цинк,Болт,12.0,55.0,DIN 933,ГОСТ 7798-70,8.8,полная,цинк,шт,54.2,справочник ГОСТ,338.8,кг,18.36296,расчёт: 338.8 руб/кг ÷ 18.5 шт/кг,"Болт 12х 55 цинк DIN 933 ГОСТ 7798-70 кл.пр.8.8 резьба полная, Кг"
Болт M12x65 DIN 933 ГОСТ 7798-70 цинк,Болт,12.0,65.0,DIN 933,ГОСТ 7798-70,8.8,полная,цинк,шт,64.0,справочник ГОСТ,261.32,кг,16.72448,расчёт: 261.32 руб/кг ÷ 15.6 шт/кг,"Болт 12х 65 цинк DIN 933 ГОСТ 7798-70 кл.пр.8.8 резьба полная, Кг"
Болт M12x70 DIN 933 ГОСТ 7798-70 цинк,Болт,12.0,70.0,DIN 933,ГОСТ 7798-70,8.8,полная,цинк,шт,68.9,справочник ГОСТ,192,кг,13.2288,расчёт: 192 руб/кг ÷ 14.5 шт/кг,"Болт 12х 70 цинк DIN 933 ГОСТ 7798-70 кл.пр.8.8 резьба полная, Кг"
Болт M12x80 DIN 933 ГОСТ 7798-70 цинк,Болт,12.0,80.0,DIN 933,ГОСТ 7798-70,10.9,полная,цинк,шт,78.7,справочник ГОСТ,286,кг,22.5082,расчёт: 286 руб/кг ÷ 12.7 шт/кг,"Болт 12х 80 цинк DIN 933 ГОСТ 7798-70 кл.пр.10.9 резьба полная, Кг"
Болт M12x90 DIN 933 ГОСТ 7798-70 цинк,Болт,12.0,90.0,DIN 933,ГОСТ 7798-70,8.8,полная,цинк,шт,88.5,справочник ГОСТ,189,кг,16.7265,расчёт: 189 руб/кг ÷ 11.3 шт/кг,"Болт 12х 90 цинк DIN 933 ГОСТ 7798-70 кл.пр.8.8 резьба полная, Кг"
Болт M12x100 DIN 933 ГОСТ 7798-70 цинк,Болт,12.0,100.0,DIN 933,ГОСТ 7798-70,8.8,полная,цинк,шт,98.3,справочник ГОСТ,203,кг,19.9549,расчёт: 203 руб/кг ÷ 10.2 шт/кг,"Болт 12х100 цинк DIN 933 ГОСТ 7798-70 кл.пр.8.8 резьба полная, Кг"
Болт M12x150 DIN 933 ГОСТ 7798-70 цинк,Болт,12.0,150.0,DIN 933,ГОСТ 7798-70,10.9,полная,цинк,шт,147.3,справочник ГОСТ,406,кг,59.8038,расчёт: 406 руб/кг ÷ 6.8 шт/кг,"Болт 12х150 цинк DIN 933 ГОСТ 7798-70 кл.пр.10.9 резьба полная, Кг"
Болт M12x300 DIN 933 ГОСТ 7798-70 цинк,Болт,12.0,300.0,DIN 933,ГОСТ 7798-70,8.8,полная,цинк,шт,,,936.05,кг,,,"Болт 12х300 цинк DIN 933 ГОСТ 7798-70 кл.пр.8.8 резьба полная, Кг"
Болт M14x30 DIN 933 ГОСТ 7798-70 цинк,Болт,14.0,30.0,DIN 933,ГОСТ 7798-70,10.9,полная,цинк,шт,47.0,справочник ГОСТ,290,кг,13.63,расчёт: 290 руб/кг ÷ 21.3 шт/кг,"Болт 14х 30 цинк DIN 933 ГОСТ 7798-70 кл.пр.10.9 резьба полная, Кг"
Болт M14x40 DIN 933 ГОСТ 7798-70 цинк,Болт,14.0,40.0,DIN 933,ГОСТ 7798-70,10.9,полная,цинк,шт,62.4,справочник ГОСТ,290,кг,18.096,расчёт: 290 руб/кг ÷ 16.0 шт/кг,"Болт 14х 40 цинк DIN 933 ГОСТ 7798-70 кл.пр.10.9 резьба полная, Кг"
Болт M14x45 DIN 933 ГОСТ 7798-70 цинк,Болт,14.0,45.0,DIN 933,ГОСТ 7798-70,8.8,полная,цинк,шт,70.1,справочник ГОСТ,246.4,кг,17.27264,расчёт: 246.4 руб/кг ÷ 14.3 шт/кг,"Болт 14х 45 цинк DIN 933 ГОСТ 7798-70 кл.пр.8.8 резьба полная, Кг"
Болт M14x55 DIN 933 ГОСТ 7798-70 цинк,Болт,14.0,55.0,DIN 933,ГОСТ 7798-70,8.8,полная,цинк,шт,85.5,справочник ГОСТ,294.35,кг,25.166925,расчёт: 294.35 руб/кг ÷ 11.7 шт/кг,"Болт 14х 55 цинк DIN 933 ГОСТ 7798-70 кл.пр.8.8 резьба полная, Кг"
Болт M14x60 DIN 933 ГОСТ 7798-70 цинк,Болт,14.0,60.0,DIN 933,ГОСТ 7798-70,10.9,полная,цинк,шт,93.2,справочник ГОСТ,283.48,кг,26.420336,расчёт: 283.48 руб/кг ÷ 10.7 шт/кг,"Болт 14х 60 цинк DIN 933 ГОСТ 7798-70 кл.пр.10.9 резьба полная, Кг"
Болт M14x75 DIN 933 ГОСТ 7798-70 цинк,Болт,14.0,75.0,DIN 933,ГОСТ 7798-70,8.8,полная,цинк,шт,116.3,справочник ГОСТ,257.4,кг,29.93562,расчёт: 257.4 руб/кг ÷ 8.6 шт/кг,"Болт 14х 75 цинк DIN 933 ГОСТ 7798-70 кл.пр.8.8 резьба полная, Кг"
Болт M14x100 DIN 933 ГОСТ 7798-70 цинк,Болт,14.0,100.0,DIN 933,ГОСТ 7798-70,10.9,полная,цинк,шт,154.8,справочник ГОСТ,290,кг,44.892,расчёт: 290 руб/кг ÷ 6.5 шт/кг,"Болт 14х100 цинк DIN 933 ГОСТ 7798-70 кл.пр.10.9 резьба полная, Кг"
Болт M14x110 DIN 933 ГОСТ 7798-70 цинк,Болт,14.0,110.0,DIN 933,ГОСТ 7798-70,8.8,полная,цинк,шт,170.2,справочник ГОСТ,328.9,кг,55.97878,расчёт: 328.9 руб/кг ÷ 5.9 шт/кг,"Болт 14х110 цинк DIN 933 ГОСТ 7798-70 кл.пр.8.8 резьба полная, Кг"
Болт M14x120 DIN 933 ГОСТ 7798-70 цинк,Болт,14.0,120.0,DIN 933,ГОСТ 7798-70,8.8,полная,цинк,шт,185.6,справочник ГОСТ,287.94,кг,53.441664,расчёт: 287.94 руб/кг ÷ 5.4 шт/кг,"Болт 14х120 цинк DIN 933 ГОСТ 7798-70 кл.пр.8.8 резьба полная, Кг"
Болт M14x140 DIN 933 ГОСТ 7798-70 цинк,Болт,14.0,140.0,DIN 933,ГОСТ 7798-70,8.8,полная,цинк,шт,216.4,справочник ГОСТ,251,кг,54.3164,расчёт: 251 руб/кг ÷ 4.6 шт/кг,"Болт 14х140 цинк DIN 933 ГОСТ 7798-70 кл.пр.8.8 резьба полная, Кг"
Болт M14x200 DIN 933 ГОСТ 7798-70 цинк,Болт,14.0,200.0,DIN 933,ГОСТ 7798-70,10.9,полная,цинк,шт,308.8,справочник ГОСТ,290,кг,89.552,расчёт: 290 руб/кг ÷ 3.2 шт/кг,"Болт 14х200 цинк DIN 933 ГОСТ 7798-70 кл.пр.10.9 резьба полная, Кг"
Болт M16x40 DIN 933 ГОСТ 7798-70 цинк,Болт,16.0,40.0,DIN 933,ГОСТ 7798-70,10.9,полная,цинк,шт,87.4,справочник ГОСТ,348,кг,30.4152,расчёт: 348 руб/кг ÷ 11.4 шт/кг,"Болт 16х 40 цинк DIN 933 ГОСТ 7798-70 кл.пр.10.9 резьба полная, Кг"
Болт M16x60 DIN 933 ГОСТ 7798-70 цинк,Болт,16.0,60.0,DIN 933,ГОСТ 7798-70,8.8,полная,цинк,шт,130.2,справочник ГОСТ,261,кг,33.9822,расчёт: 261 руб/кг ÷ 7.7 шт/кг,"Болт 16х 60 цинк DIN 933 ГОСТ 7798-70 кл.пр.8.8 резьба полная, Кг"
Болт M16x65 DIN 933 ГОСТ 7798-70 цинк,Болт,16.0,65.0,DIN 933,ГОСТ 7798-70,8.8,полная,цинк,шт,140.9,справочник ГОСТ,218,кг,30.7162,расчёт: 218 руб/кг ÷ 7.1 шт/кг,"Болт 16х 65 цинк DIN 933 ГОСТ 7798-70 кл.пр.8.8 резьба полная, Кг"
Болт M16x80 DIN 933 ГОСТ 7798-70 цинк,Болт,16.0,80.0,DIN 933,ГОСТ 7798-70,8.8,полная,цинк,шт,173.0,справочник ГОСТ,276,кг,47.748,расчёт: 276 руб/кг ÷ 5.8 шт/кг,"Болт 16х 80 цинк DIN 933 ГОСТ 7798-70 кл.пр.8.8 резьба полная, Кг"
Болт M16x90 DIN 933 ГОСТ 7798-70 цинк,Болт,16.0,90.0,DIN 933,ГОСТ 7798-70,10.9,полная,цинк,шт,194.4,справочник ГОСТ,314.6,кг,61.15824,расчёт: 314.6 руб/кг ÷ 5.1 шт/кг,"Болт 16х 90 цинк DIN 933 ГОСТ 7798-70 кл.пр.10.9 резьба полная, Кг"
Болт M16x95 DIN 933 ГОСТ 7798-70 цинк,Болт,16.0,95.0,DIN 933,ГОСТ 7798-70,8.8,полная,цинк,шт,,,271.7,кг,,,"Болт 16х 95 цинк DIN 933 ГОСТ 7798-70 кл.пр.8.8 резьба полная, Кг"
Болт M16x1 DIN 933 ГОСТ 7798-70 цинк,Болт,16.0,1.5,DIN 933,ГОСТ 7798-70,8.8,полная,цинк,шт,,,626.05,кг,,,"Болт 16х1,5х 50 цинк DIN 933 ГОСТ 7798-70 кл.пр.8.8 резьба полная, Кг"
Болт M16x160 DIN 933 ГОСТ 7798-70 цинк,Болт,16.0,160.0,DIN 933,ГОСТ 7798-70,10.9,полная,цинк,шт,344.2,справочник ГОСТ,377,кг,129.7634,расчёт: 377 руб/кг ÷ 2.9 шт/кг,"Болт 16х160 цинк DIN 933 ГОСТ 7798-70 кл.пр.10.9 резьба полная, Кг"
Болт M16x240 DIN 933 ГОСТ 7798-70 цинк,Болт,16.0,240.0,DIN 933,ГОСТ 7798-70,10.9,полная,цинк,шт,515.4,справочник ГОСТ,278.68,кг,143.631672,расчёт: 278.68 руб/кг ÷ 1.9 шт/кг,"Болт 16х240 цинк DIN 933 ГОСТ 7798-70 кл.пр.10.9 резьба полная, Кг"
Болт M16x300 DIN 933 ГОСТ 7798-70 цинк,Болт,16.0,300.0,DIN 933,ГОСТ 7798-70,8.8,полная,цинк,шт,,,1677.71,кг,,,"Болт 16х300 цинк DIN 933 ГОСТ 7798-70 кл.пр.8.8 резьба полная, Кг"
Болт M18x65 DIN 933 ГОСТ 7798-70 цинк,Болт,18.0,65.0,DIN 933,ГОСТ 7798-70,8.8,полная,цинк,шт,191.0,справочник ГОСТ,420.5,кг,80.3155,расчёт: 420.5 руб/кг ÷ 5.2 шт/кг,"Болт 18х 65 цинк DIN 933 ГОСТ 7798-70 кл.пр.8.8 резьба полная, Кг"
Болт M18x80 DIN 933 ГОСТ 7798-70 цинк,Болт,18.0,80.0,DIN 933,ГОСТ 7798-70,8.8,полная,цинк,шт,233.0,справочник ГОСТ,276,кг,64.308,расчёт: 276 руб/кг ÷ 4.3 шт/кг,"Болт 18х 80 цинк DIN 933 ГОСТ 7798-70 кл.пр.8.8 резьба полная, Кг"
Болт M18x130 DIN 933 ГОСТ 7798-70 цинк,Болт,18.0,130.0,DIN 933,ГОСТ 7798-70,8.8,полная,цинк,шт,373.0,справочник ГОСТ,446.6,кг,166.5818,расчёт: 446.6 руб/кг ÷ 2.7 шт/кг,"Болт 18х130 цинк DIN 933 ГОСТ 7798-70 кл.пр.8.8 резьба полная, Кг"
Болт M18x200 DIN 933 ГОСТ 7798-70 цинк,Болт,18.0,200.0,DIN 933,ГОСТ 7798-70,8.8,полная,цинк,шт,569.0,справочник ГОСТ,1214.17,кг,690.86273,расчёт: 1214.17 руб/кг ÷ 1.8 шт/кг,"Болт 18х200 цинк DIN 933 ГОСТ 7798-70 кл.пр.8.8 резьба полная, Кг"
Болт M20x35 DIN 933 ГОСТ 7798-70 цинк,Болт,20.0,35.0,DIN 933,ГОСТ 7798-70,10.9,полная,цинк,шт,,,263.06,кг,,,"Болт 20х 35 цинк DIN 933 ГОСТ 7798-70 кл.пр.10.9 резьба полная, Кг"
Болт M20x55 DIN 933 ГОСТ 7798-70 цинк,Болт,20.0,55.0,DIN 933,ГОСТ 7798-70,8.8,полная,цинк,шт,217.0,справочник ГОСТ,246.5,кг,53.4905,расчёт: 246.5 руб/кг ÷ 4.6 шт/кг,"Болт 20х 55 цинк DIN 933 ГОСТ 7798-70 кл.пр.8.8 резьба полная, Кг"
Болт M20x80 DIN 933 ГОСТ 7798-70 цинк,Болт,20.0,80.0,DIN 933,ГОСТ 7798-70,4.8,полная,цинк,шт,307.0,справочник ГОСТ,318.78,кг,97.86546,расчёт: 318.78 руб/кг ÷ 3.3 шт/кг,"Болт 20х 80 цинк DIN 933 ГОСТ 7798-70 кл.пр.4.8 резьба полная, Кг"
Болт M20x130 DIN 933 ГОСТ 7798-70 цинк,Болт,20.0,130.0,DIN 933,ГОСТ 7798-70,8.8,полная,цинк,шт,487.0,справочник ГОСТ,348,кг,169.476,расчёт: 348 руб/кг ÷ 2.1 шт/кг,"Болт 20х130 цинк DIN 933 ГОСТ 7798-70 кл.пр.8.8 резьба полная, Кг"
Болт M20x150 DIN 933 ГОСТ 7798-70 цинк,Болт,20.0,150.0,DIN 933,ГОСТ 7798-70,8.8,полная,цинк,шт,559.0,справочник ГОСТ,268.25,кг,149.95175,расчёт: 268.25 руб/кг ÷ 1.8 шт/кг,"Болт 20х150 цинк DIN 933 ГОСТ 7798-70 кл.пр.8.8 резьба полная, Кг"
Болт M20x160 DIN 933 ГОСТ 7798-70 цинк,Болт,20.0,160.0,DIN 933,ГОСТ 7798-70,8.8,полная,цинк,шт,595.0,справочник ГОСТ,286.75,кг,170.61625,расчёт: 286.75 руб/кг ÷ 1.7 шт/кг,"Болт 20х160 цинк DIN 933 ГОСТ 7798-70 кл.пр.8.8 резьба полная, Кг"
Болт M20x190 DIN 933 ГОСТ 7798-70 цинк,Болт,20.0,190.0,DIN 933,ГОСТ 7798-70,8.8,полная,цинк,шт,,,271.7,кг,,,"Болт 20х190 цинк DIN 933 ГОСТ 7798-70 кл.пр.8.8 резьба полная, Кг"
Болт M20x280 DIN 933 ГОСТ 7798-70 цинк,Болт,20.0,280.0,DIN 933,ГОСТ 7798-70,8.8,полная,цинк,шт,,,305.62,кг,,,"Болт 20х280 цинк DIN 933 ГОСТ 7798-70 кл.пр.8.8 резьба полная, Кг"
Болт M20x300 DIN 933 ГОСТ 7798-70 цинк,Болт,20.0,300.0,DIN 933,ГОСТ 7798-70,8.8,полная,цинк,шт,,,1189,кг,,,"Болт 20х300 цинк DIN 933 ГОСТ 7798-70 кл.пр.8.8 резьба полная, Кг"
Болт M22x110 DIN 933 ГОСТ 7798-70 цинк,Болт,22.0,110.0,DIN 933,ГОСТ 7798-70,8.8,полная,цинк,шт,533.0,справочник ГОСТ,346,кг,184.418,расчёт: 346 руб/кг ÷ 1.9 шт/кг,"Болт 22х110 цинк DIN 933 ГОСТ 7798-70 кл.пр.8.8 резьба полная, Кг"
Болт M22x180 DIN 933 ГОСТ 7798-70 цинк,Болт,22.0,180.0,DIN 933,ГОСТ 7798-70,5.8,полная,цинк,шт,855.0,справочник ГОСТ,442.79,кг,378.58545,расчёт: 442.79 руб/кг ÷ 1.2 шт/кг,"Болт 22х180 цинк DIN 933 ГОСТ 7798-70 КЛ.ПР.5.8 резьба полная, Кг"
Болт M22x200 DIN 933 ГОСТ 7798-70 цинк,Болт,22.0,200.0,DIN 933,ГОСТ 7798-70,8.8,полная,цинк,шт,947.0,справочник ГОСТ,364.65,кг,345.32355,расчёт: 364.65 руб/кг ÷ 1.1 шт/кг,"Болт 22х200 цинк DIN 933 ГОСТ 7798-70 кл.пр.8.8 резьба полная, Кг"
Болт M24x45 DIN 933 ГОСТ 7798-70 цинк,Болт,24.0,45.0,DIN 933,ГОСТ 7798-70,10.9,полная,цинк,шт,,,296.52,кг,,,"Болт 24х 45 цинк DIN 933 ГОСТ 7798-70 кл.пр.10.9 резьба полная, Кг"
Болт M24x75 DIN 931 ГОСТ 7798-70 цинк,Болт,24.0,75.0,DIN 931,ГОСТ 7798-70,8.8,неполная,цинк,шт,488.0,справочник ГОСТ,257.4,кг,125.6112,расчёт: 257.4 руб/кг ÷ 2.0 шт/кг,"Болт 24х 75 цинк DIN 931 ГОСТ 7798-70 кл.пр.8.8 резьба неполная, Кг"
Болт M24x75 DIN 933 ГОСТ 7798-70 цинк,Болт,24.0,75.0,DIN 933,ГОСТ 7798-70,8.8,полная,цинк,шт,488.0,справочник ГОСТ,431.2,кг,210.4256,расчёт: 431.2 руб/кг ÷ 2.0 шт/кг,"Болт 24х 75 цинк DIN 933 ГОСТ 7798-70 кл.пр.8.8 резьба полная, Кг"
Болт M24x90 DIN 933 ГОСТ 7805-70 цинк,Болт,24.0,90.0,DIN 933,ГОСТ 7805-70,8.8,полная,цинк,шт,578.0,справочник ГОСТ,290,кг,167.62,расчёт: 290 руб/кг ÷ 1.7 шт/кг,"Болт 24х 90 цинк DIN 933 ГОСТ 7805-70 кл.пр.8.8 резьба полная, Кг"
Болт M24x110 DIN 933 ГОСТ 7798-70 цинк,Болт,24.0,110.0,DIN 933,ГОСТ 7798-70,8.8,полная,цинк,шт,698.0,справочник ГОСТ,471.9,кг,329.3862,расчёт: 471.9 руб/кг ÷ 1.4 шт/кг,"Болт 24х110 цинк DIN 933 ГОСТ 7798-70 кл.пр.8.8 резьба полная, Кг"
Болт M24x120 DIN 933 ГОСТ 7798-70 цинк,Болт,24.0,120.0,DIN 933,ГОСТ 7798-70,8.8,полная,цинк,шт,758.0,справочник ГОСТ,305,кг,231.19,расчёт: 305 руб/кг ÷ 1.3 шт/кг,"Болт 24х120 цинк DIN 933 ГОСТ 7798-70 кл.пр.8.8 резьба полная, Кг"
Болт M24x130 DIN 933 ГОСТ 7798-70 цинк,Болт,24.0,130.0,DIN 933,ГОСТ 7798-70,8.8,полная,цинк,шт,818.0,справочник ГОСТ,362.5,кг,296.525,расчёт: 362.5 руб/кг ÷ 1.2 шт/кг,"Болт 24х130 цинк DIN 933 ГОСТ 7798-70 кл.пр.8.8 резьба полная, Кг"
Болт M24x140 DIN 933 ГОСТ 7798-70 цинк,Болт,24.0,140.0,DIN 933,ГОСТ 7798-70,8.8,полная,цинк,шт,878.0,справочник ГОСТ,457.6,кг,401.7728,расчёт: 457.6 руб/кг ÷ 1.1 шт/кг,"Болт 24х140 цинк DIN 933 ГОСТ 7798-70 кл.пр.8.8 резьба полная, Кг"
Болт M24x190 DIN 933 ГОСТ 7798-70 цинк,Болт,24.0,190.0,DIN 933,ГОСТ 7798-70,10.9,полная,цинк,шт,,,354.2,кг,,,"Болт 24х190 цинк DIN 933 ГОСТ 7798-70 кл.пр.10.9 резьба полная, Кг"
Болт M24x200 DIN 933 ГОСТ 7798-70 цинк,Болт,24.0,200.0,DIN 933,ГОСТ 7798-70,8.8,полная,цинк,шт,1238.0,справочник ГОСТ,242.34,кг,300.01692,расчёт: 242.34 руб/кг ÷ 0.8 шт/кг,"Болт 24х200 цинк DIN 933 ГОСТ 7798-70 кл.пр.8.8 резьба полная, Кг"
Болт M24x220 DIN 933 ГОСТ 7798-70 цинк,Болт,24.0,220.0,DIN 933,ГОСТ 7798-70,8.8,полная,цинк,шт,1358.0,справочник ГОСТ,664.2,кг,901.9836,расчёт: 664.2 руб/кг ÷ 0.7 шт/кг,"Болт 24х220 цинк DIN 933 ГОСТ 7798-70 кл.пр.8.8 резьба полная, Кг"
Болт M27x90 DIN 933 ГОСТ 7798-70 цинк,Болт,27.0,90.0,DIN 933,ГОСТ 7798-70,8.8,полная,цинк,шт,799.0,справочник ГОСТ,290,кг,231.71,расчёт: 290 руб/кг ÷ 1.3 шт/кг,"Болт 27х 90 цинк DIN 933 ГОСТ 7798-70 кл.пр.8.8 резьба полная, Кг"
Болт M27x100 DIN 933 ГОСТ 7798-70 цинк,Болт,27.0,100.0,DIN 933,ГОСТ 7798-70,8.8,полная,цинк,шт,883.0,справочник ГОСТ,529.31,кг,467.38073,расчёт: 529.31 руб/кг ÷ 1.1 шт/кг,"Болт 27х100 цинк DIN 933 ГОСТ 7798-70 кл.пр.8.8 резьба полная, Кг"
Болт M27x110 DIN 933 ГОСТ 7798-70 цинк,Болт,27.0,110.0,DIN 933,ГОСТ 7798-70,8.8,полная,цинк,шт,967.0,справочник ГОСТ,294.58,кг,284.85886,расчёт: 294.58 руб/кг ÷ 1.0 шт/кг,"Болт 27х110 цинк DIN 933 ГОСТ 7798-70 кл.пр.8.8 резьба полная, Кг"
Болт M27x150 DIN 933 ГОСТ 7798-70 цинк,Болт,27.0,150.0,DIN 933,ГОСТ 7798-70,8.8,полная,цинк,шт,1303.0,справочник ГОСТ,494.48,кг,644.30744,расчёт: 494.48 руб/кг ÷ 0.8 шт/кг,"Болт 27х150 цинк DIN 933 ГОСТ 7798-70 кл.пр.8.8 резьба полная, Кг"
Болт M27x180 DIN 933 ГОСТ 7798-70 цинк,Болт,27.0,180.0,DIN 933,ГОСТ 7798-70,8.8,полная,цинк,шт,,,405.51,кг,,,"Болт 27х180 цинк DIN 933 ГОСТ 7798-70 кл.пр.8.8 резьба полная, Кг"
Болт M30x100 DIN 933,Болт,30.0,100.0,DIN 933,,8.8,полная,без покрытия,шт,1199.0,справочник ГОСТ,417.86,кг,501.01414,расчёт: 417.86 руб/кг ÷ 0.8 шт/кг,"Болт 30х100 без покрытия DIN 933 кл.пр.8.8 резьба полная, Кг"
Болт M30x110 DIN 933,Болт,30.0,110.0,DIN 933,,12.9,полная,без покрытия,шт,1317.0,справочник ГОСТ,286,кг,376.662,расчёт: 286 руб/кг ÷ 0.8 шт/кг,"Болт 30х110 без покрытия DIN 933 кл.пр.12.9 резьба полная, Кг"
Болт M30x120 DIN 933 ГОСТ 7798-70,Болт,30.0,120.0,DIN 933,ГОСТ 7798-70,8.8,полная,без покрытия,шт,1435.0,справочник ГОСТ,355.25,кг,509.78375,расчёт: 355.25 руб/кг ÷ 0.7 шт/кг,"Болт 30х120 без покрытия DIN 933 ГОСТ 7798-70 кл.пр.8.8 резьба полная, Кг"
Болт M30x170 DIN 933,Болт,30.0,170.0,DIN 933,,8.8,полная,без покрытия,шт,,,271.7,кг,,,"Болт 30х170 без покрытия DIN 933 кл.пр.8.8 резьба полная, Кг"
Болт M30x180 DIN 933 ГОСТ 7798-70,Болт,30.0,180.0,DIN 933,ГОСТ 7798-70,8.8,полная,без покрытия,шт,2143.0,справочник ГОСТ,531.35,кг,1138.68305,расчёт: 531.35 руб/кг ÷ 0.5 шт/кг,"Болт 30х180 без покрытия DIN 933 ГОСТ 7798-70 кл.пр.8.8 резьба полная, Кг"
Болт M36x180 DIN 933 ГОСТ 7798-70 цинк,Болт,36.0,180.0,DIN 933,ГОСТ 7798-70,8.8,полная,цинк,шт,3772.0,справочник ГОСТ,376.8,кг,1421.2896,расчёт: 376.8 руб/кг ÷ 0.3 шт/кг,"Болт 36х180 цинк DIN 933 ГОСТ 7798-70 кл.пр.8.8 резьба полная, Кг"
Болт M36x300 DIN 933 ГОСТ 7798-70 цинк,Болт,36.0,300.0,DIN 933,ГОСТ 7798-70,8.8,полная,цинк,шт,,,419.66,кг,,,"Болт 36х300 цинк DIN 933 ГОСТ 7798-70 кл.пр.8.8 резьба полная, Кг"
Болт M42x130 DIN 933 ГОСТ 7798-70 цинк,Болт,42.0,130.0,DIN 933,ГОСТ 7798-70,10.9,полная,цинк,шт,,,435,кг,,,"Болт 42х130 цинк DIN 933 ГОСТ 7798-70 кл.пр.10.9 резьба полная, Кг"
Болт M6x65 ГОСТ 28778-90,Болт,6.0,65.0,,ГОСТ 28778-90,,,,шт,9.53,справочник ГОСТ,92.22,шт,92.22,цена за шт от поставщика,"Болт  6х 65 БСР ГОСТ 28778-90, Шт"
Болт M8x85 ГОСТ 28778-90,Болт,8.0,85.0,,ГОСТ 28778-90,,,,шт,,,101.5,шт,101.5,цена за шт от поставщика,"Болт  8х 85 БСР ГОСТ 28778-90, Шт"
Болт M10x100 ГОСТ 28778-90,Болт,10.0,100.0,,ГОСТ 28778-90,,,,шт,56.3,справочник ГОСТ,100.1,шт,100.1,цена за шт от поставщика,"Болт 10х100 БСР ГОСТ 28778-90, Шт"
Болт M10x110 ГОСТ 28778-90,Болт,10.0,110.0,,ГОСТ 28778-90,,,,шт,61.9,справочник ГОСТ,105.49,шт,105.49,цена за шт от поставщика,"Болт 10х110 БСР ГОСТ 28778-90, Шт"
Болт M12x100 ГОСТ 28778-90,Болт,12.0,100.0,,ГОСТ 28778-90,,,,шт,98.3,справочник ГОСТ,75.08,шт,75.08,цена за шт от поставщика,"Болт 12х100 БСР ГОСТ 28778-90, Шт"
Болт M12x110 ГОСТ 28778-90,Болт,12.0,110.0,,ГОСТ 28778-90,,,,шт,108.1,справочник ГОСТ,159.5,шт,159.5,цена за шт от поставщика,"Болт 12х110 БСР ГОСТ 28778-90, Шт"
Болт M12x250 ГОСТ 28778-90,Болт,12.0,250.0,,ГОСТ 28778-90,,,,шт,,,430.65,шт,430.65,цена за шт от поставщика,"Болт 12х250 БСР ГОСТ 28778-90, Шт"
Болт M14x100 ГОСТ 28778-90,Болт,14.0,100.0,,ГОСТ 28778-90,,,,шт,154.8,справочник ГОСТ,97.6,шт,97.6,цена за шт от поставщика,"Болт 14х100 БСР ГОСТ 28778-90, Шт"
Болт M16x150 ГОСТ 28778-90,Болт,16.0,150.0,,ГОСТ 28778-90,,,,шт,322.8,справочник ГОСТ,217.5,шт,217.5,цена за шт от поставщика,"Болт 16х150 БСР ГОСТ 28778-90, Шт"
Болт M20x200 ГОСТ 28778-90,Болт,20.0,200.0,,ГОСТ 28778-90,,,,шт,739.0,справочник ГОСТ,355.25,шт,355.25,цена за шт от поставщика,"Болт 20х200 БСР ГОСТ 28778-90, Шт"
Болт M12x35 ГОСТ 7798-70,Болт,12.0,35.0,,ГОСТ 7798-70,10.9,полная,,шт,34.6,справочник ГОСТ,406,кг,14.0476,расчёт: 406 руб/кг ÷ 28.9 шт/кг,"Болт 12х 35 ГОСТ 7798-70 кл.пр.10.9 резьба полная, Кг"
Болт M18x60 ГОСТ 52644-2006,Болт,18.0,60.0,,ГОСТ 52644-2006,10.9,неполная,без покрытия,шт,177.0,справочник ГОСТ,487.03,кг,86.20431,расчёт: 487.03 руб/кг ÷ 5.6 шт/кг,"Болт 18х 60 без покрытия ГОСТ 52644-2006 кл.пр.10.9 резьба неполная, Кг"
Болт M18x100 ГОСТ 7805-70 цинк,Болт,18.0,100.0,,ГОСТ 7805-70,10.9,неполная,цинк,шт,289.0,справочник ГОСТ,435,кг,125.715,расчёт: 435 руб/кг ÷ 3.5 шт/кг,"Болт 18х100 цинк ГОСТ 7805-70 кл.пр.10.9 резьба неполная, Кг"
Болт M20x75 ГОСТ 52644-2006,Болт,20.0,75.0,,ГОСТ 52644-2006,10.9,неполная,без покрытия,шт,289.0,справочник ГОСТ,566.86,кг,163.82254,расчёт: 566.86 руб/кг ÷ 3.5 шт/кг,"Болт 20х 75 без покрытия ГОСТ 52644-2006 кл.пр.10.9 резьба неполная, Кг"
Болт M20x80 ГОСТ 52644-2006,Болт,20.0,80.0,,ГОСТ 52644-2006,10.9,неполная,без покрытия,шт,307.0,справочник ГОСТ,462.05,кг,141.84935,расчёт: 462.05 руб/кг ÷ 3.3 шт/кг,"Болт 20х 80 без покрытия ГОСТ 52644-2006 кл.пр.10.9 резьба неполная, Кг"
Болт M20x90 DIN 931 ГОСТ 7798-70 цинк,Болт,20.0,90.0,DIN 931,ГОСТ 7798-70,10.9,неполная,цинк,шт,343.0,справочник ГОСТ,531.3,кг,182.2359,расчёт: 531.3 руб/кг ÷ 2.9 шт/кг,"Болт 20х 90 цинк DIN 931 ГОСТ 7798-70 кл.пр.10.9 резьба неполная, Кг"
Болт M20x140 ГОСТ 52644-2006,Болт,20.0,140.0,,ГОСТ 52644-2006,10.9,неполная,без покрытия,шт,523.0,справочник ГОСТ,502.26,кг,262.68198,расчёт: 502.26 руб/кг ÷ 1.9 шт/кг,"Болт 20х140 без покрытия ГОСТ 52644-2006 кл.пр.10.9 резьба неполная, Кг"
Болт M20x160 ГОСТ 52644-2006,Болт,20.0,160.0,,ГОСТ 52644-2006,10.9,неполная,без покрытия,шт,595.0,справочник ГОСТ,620,кг,368.9,расчёт: 620 руб/кг ÷ 1.7 шт/кг,"Болт 20х160 без покрытия ГОСТ 52644-2006 кл.пр.10.9 резьба неполная ХЛ К, Кг"
Болт M20x180 ГОСТ 52644-2006,Болт,20.0,180.0,,ГОСТ 52644-2006,10.9,неполная,без покрытия,шт,667.0,справочник ГОСТ,458,кг,305.486,расчёт: 458 руб/кг ÷ 1.5 шт/кг,"Болт 20х180 без покрытия ГОСТ 52644-2006 кл.пр.10.9 резьба неполная ХЛ К, Кг"
Болт M22x60 ГОСТ 53664-2009,Болт,22.0,60.0,,ГОСТ 53664-2009,10.9,неполная,без покрытия,шт,303.0,справочник ГОСТ,471.9,кг,142.9857,расчёт: 471.9 руб/кг ÷ 3.3 шт/кг,"Болт 22х 60 без покрытия ГОСТ 53664-2009 кл.пр.10.9 резьба неполная ХЛ К, Кг"
Болт M22x65 ГОСТ 52644-2006,Болт,22.0,65.0,,ГОСТ 52644-2006,10.9,неполная,без покрытия,шт,326.0,справочник ГОСТ,525.92,кг,171.44992,расчёт: 525.92 руб/кг ÷ 3.1 шт/кг,"Болт 22х 65 без покрытия ГОСТ 52644-2006 кл.пр.10.9 резьба неполная ХЛ К, Кг"
Болт M22x70 ГОСТ 53664-2009,Болт,22.0,70.0,,ГОСТ 53664-2009,10.9,неполная,без покрытия,шт,349.0,справочник ГОСТ,514.8,кг,179.6652,расчёт: 514.8 руб/кг ÷ 2.9 шт/кг,"Болт 22х 70 без покрытия ГОСТ 53664-2009 кл.пр.10.9 резьба неполная ХЛ К, Кг"
Болт M22x75 ГОСТ 53664-2009,Болт,22.0,75.0,,ГОСТ 53664-2009,10.9,неполная,без покрытия,шт,,,595.74,кг,,,"Болт 22х 75 без покрытия ГОСТ 53664-2009 кл.пр.10.9 резьба неполная, Кг"
Болт M22x80 ГОСТ 53664-2009,Болт,22.0,80.0,,ГОСТ 53664-2009,10.9,,без покрытия,шт,395.0,справочник ГОСТ,552.13,кг,218.09135,расчёт: 552.13 руб/кг ÷ 2.5 шт/кг,"Болт 22х 80 без покрытия ГОСТ 53664-2009 кл.пр.10.9, Кг"
Болт M22x80 ГОСТ 52644-2006 цинк,Болт,22.0,80.0,,ГОСТ 52644-2006,10.9,неполная,цинк,шт,395.0,справочник ГОСТ,491.35,кг,194.08325,расчёт: 491.35 руб/кг ÷ 2.5 шт/кг,"Болт 22х 80 цинк ГОСТ 52644-2006 кл.пр.10.9 резьба неполная, Кг"
Болт M22x85 ГОСТ 52644-2006,Болт,22.0,85.0,,ГОСТ 52644-2006,10.9,неполная,без покрытия,шт,,,500.25,кг,,,"Болт 22х 85 без покрытия ГОСТ 52644-2006 кл.пр.10.9 резьба неполная, Кг"
Болт M22x85 ГОСТ 53664-2009,Болт,22.0,85.0,,ГОСТ 53664-2009,10.9,неполная,без покрытия,шт,,,507.65,кг,,,"Болт 22х 85 без покрытия ГОСТ 53664-2009 кл.пр.10.9 резьба неполная, Кг"
Болт M22x90 ГОСТ 53664-2009,Болт,22.0,90.0,,ГОСТ 53664-2009,10.9,неполная,без покрытия,шт,441.0,справочник ГОСТ,449.02,кг,198.01782,расчёт: 449.02 руб/кг ÷ 2.3 шт/кг,"Болт 22х 90 без покрытия ГОСТ 53664-2009 кл.пр.10.9 резьба неполная ХЛ К, Кг"
Болт M22x95 ГОСТ 52644-2006,Болт,22.0,95.0,,ГОСТ 52644-2006,10.9,неполная,без покрытия,шт,,,531.3,кг,,,"Болт 22х 95 без покрытия ГОСТ 52644-2006 кл.пр.10.9 резьба неполная, Кг"
Болт M22x100 ГОСТ 52644-2006,Болт,22.0,100.0,,ГОСТ 52644-2006,10.9,неполная,без покрытия,шт,487.0,справочник ГОСТ,462,кг,224.994,расчёт: 462 руб/кг ÷ 2.1 шт/кг,"Болт 22х100 без покрытия ГОСТ 52644-2006 кл.пр.10.9 резьба неполная, Кг"
Болт M22x105 ГОСТ 52644-2006,Болт,22.0,105.0,,ГОСТ 52644-2006,10.9,,без покрытия,шт,,,531.3,кг,,,"Болт 22х105 без покрытия ГОСТ 52644-2006 кл.пр.10.9, Кг"
Болт M22x115 ГОСТ 52644-2006,Болт,22.0,115.0,,ГОСТ 52644-2006,10.9,,без покрытия,шт,,,531.3,кг,,,"Болт 22х115 без покрытия ГОСТ 52644-2006 кл.пр.10.9, Кг"
Болт M22x150 ГОСТ 32484,Болт,22.0,150.0,,ГОСТ 32484,10.9,неполная,без покрытия,шт,717.0,справочник ГОСТ,585,кг,419.445,расчёт: 585 руб/кг ÷ 1.4 шт/кг,"Болт 22х150 без покрытия ГОСТ 32484.1 кл.пр.10.9 резьба неполная ХЛ К, Кг"
Болт M24x70 ГОСТ 52644-2006,Болт,24.0,70.0,,ГОСТ 52644-2006,10.9,неполная,без покрытия,шт,458.0,справочник ГОСТ,462,кг,211.596,расчёт: 462 руб/кг ÷ 2.2 шт/кг,"Болт 24х 70 без покрытия ГОСТ 52644-2006 кл.пр.10.9 резьба неполная, Кг"
Болт M24x75 ГОСТ 52644-2006,Болт,24.0,75.0,,ГОСТ 52644-2006,10.9,неполная,без покрытия,шт,488.0,справочник ГОСТ,462,кг,225.456,расчёт: 462 руб/кг ÷ 2.0 шт/кг,"Болт 24х 75 без покрытия ГОСТ 52644-2006 кл.пр.10.9 резьба неполная, Кг"
Болт M24x80 ГОСТ 52644-2006,Болт,24.0,80.0,,ГОСТ 52644-2006,10.9,неполная,без покрытия,шт,518.0,справочник ГОСТ,565.5,кг,292.929,расчёт: 565.5 руб/кг ÷ 1.9 шт/кг,"Болт 24х 80 без покрытия ГОСТ 52644-2006 кл.пр.10.9 резьба неполная, Кг"
Болт M24x180 ГОСТ 52644-2006,Болт,24.0,180.0,,ГОСТ 52644-2006,10.9,неполная,без покрытия,шт,1118.0,справочник ГОСТ,448,кг,500.864,расчёт: 448 руб/кг ÷ 0.9 шт/кг,"Болт 24х180 без покрытия ГОСТ 52644-2006 кл.пр.10.9 резьба неполная ХЛ К, Кг"
Болт M24x200 ГОСТ 53664-2009,Болт,24.0,200.0,,ГОСТ 53664-2009,11.0,неполная,без покрытия,шт,1238.0,справочник ГОСТ,543.96,кг,673.42248,расчёт: 543.96 руб/кг ÷ 0.8 шт/кг,"Болт 24х200 без покрытия ГОСТ 53664-2009 кл.пр.11.0 резьба неполная, Кг"
Болт M24x300 ГОСТ 52644-2006,Болт,24.0,300.0,,ГОСТ 52644-2006,10.9,неполная,без покрытия,шт,,,796.95,кг,,,"Болт 24х300 без покрытия ГОСТ 52644-2006 кл.пр.10.9 резьба неполная, Кг"
Болт M27x95 ГОСТ 52644-2006,Болт,27.0,95.0,,ГОСТ 52644-2006,10.9,неполная,без покрытия,шт,,,616,кг,,,"Болт 27х 95 без покрытия ГОСТ 52644-2006 кл.пр.10.9 резьба неполная, Кг"
Болт M27x150 ГОСТ 52644-2006,Болт,27.0,150.0,,ГОСТ 52644-2006,10.9,неполная,без покрытия,шт,1303.0,справочник ГОСТ,796.95,кг,1038.42585,расчёт: 796.95 руб/кг ÷ 0.8 шт/кг,"Болт 27х150 без покрытия ГОСТ 52644-2006 кл.пр.10.9 резьба неполная, Кг"
Болт M30x90 ГОСТ 52644-2006,Болт,30.0,90.0,,ГОСТ 52644-2006,10.9,неполная,без покрытия,шт,1081.0,справочник ГОСТ,540,кг,583.74,расчёт: 540 руб/кг ÷ 0.9 шт/кг,"Болт 30х 90 без покрытия ГОСТ 52644-2006 кл.пр.10.9 резьба неполная, Кг"
Болт M30x120 ГОСТ 52644-2006,Болт,30.0,120.0,,ГОСТ 52644-2006,10.9,неполная,без покрытия,шт,1435.0,справочник ГОСТ,572,кг,820.82,расчёт: 572 руб/кг ÷ 0.7 шт/кг,"Болт 30х120 без покрытия ГОСТ 52644-2006 кл.пр.10.9 резьба неполная, Кг"
Болт M30x140 ГОСТ 52644-2006,Болт,30.0,140.0,,ГОСТ 52644-2006,10.9,неполная,без покрытия,шт,1671.0,справочник ГОСТ,604.89,кг,1010.77119,расчёт: 604.89 руб/кг ÷ 0.6 шт/кг,"Болт 30х140 без покрытия ГОСТ 52644-2006 кл.пр.10.9 резьба неполная, Кг"
Болт M30x150 ГОСТ 52644-2006,Болт,30.0,150.0,,ГОСТ 52644-2006,10.9,неполная,без покрытия,шт,1789.0,справочник ГОСТ,605,кг,1082.345,расчёт: 605 руб/кг ÷ 0.6 шт/кг,"Болт 30х150 без покрытия ГОСТ 52644-2006 кл.пр.10.9 резьба неполная, Кг"
Болт M30x180 ГОСТ 52644-2006,Болт,30.0,180.0,,ГОСТ 52644-2006,10.9,неполная,без покрытия,шт,2143.0,справочник ГОСТ,572,кг,1225.796,расчёт: 572 руб/кг ÷ 0.5 шт/кг,"Болт 30х180 без покрытия ГОСТ 52644-2006 кл.пр.10.9 резьба неполная, Кг"
Болт M30x230 ГОСТ 52644-2006,Болт,30.0,230.0,,ГОСТ 52644-2006,10.9,неполная,без покрытия,шт,,,393.88,кг,,,"Болт 30х230 без покрытия ГОСТ 52644-2006 кл.пр.10.9 резьба неполная, Кг"
Болт M36x180 ГОСТ 52644-2006,Болт,36.0,180.0,,ГОСТ 52644-2006,10.9,неполная,без покрытия,шт,3772.0,справочник ГОСТ,477.4,кг,1800.7528,расчёт: 477.4 руб/кг ÷ 0.3 шт/кг,"Болт 36х180 без покрытия ГОСТ 52644-2006 кл.пр.10.9 резьба неполная, Кг"
Болт M36x190 ГОСТ 52644-2006 цинк,Болт,36.0,190.0,,ГОСТ 52644-2006,10.9,неполная,цинк,шт,,,631.4,кг,,,"Болт 36х190 цинк ГОСТ 52644-2006 кл.пр.10.9 резьба неполная, Кг"
Болт M36x200 ГОСТ 52644-2006 цинк,Болт,36.0,200.0,,ГОСТ 52644-2006,10.9,неполная,цинк,шт,4192.0,справочник ГОСТ,631.4,кг,2646.8288,расчёт: 631.4 руб/кг ÷ 0.2 шт/кг,"Болт 36х200 цинк ГОСТ 52644-2006 кл.пр.10.9 резьба неполная, Кг"
Болт M42x120 ГОСТ 52644-2006,Болт,42.0,120.0,,ГОСТ 52644-2006,10.9,неполная,без покрытия,шт,,,460.46,кг,,,"Болт 42х120 без покрытия ГОСТ 52644-2006 кл.пр.10.9 резьба неполная, Кг"
Болт M42x140 ГОСТ 52644-2006,Болт,42.0,140.0,,ГОСТ 52644-2006,10.9,неполная,без покрытия,шт,,,457.6,кг,,,"Болт 42х140 без покрытия ГОСТ 52644-2006 кл.пр.10.9 резьба неполная ХЛ К, Кг"
Болт M42x160 ГОСТ 52644-2006,Болт,42.0,160.0,,ГОСТ 52644-2006,10.9,неполная,без покрытия,шт,,,460.46,кг,,,"Болт 42х160 без покрытия ГОСТ 52644-2006 кл.пр.10.9 резьба неполная, Кг"
Болт M42x180 ГОСТ 52644-2006,Болт,42.0,180.0,,ГОСТ 52644-2006,10.9,неполная,без покрытия,шт,,,885.5,кг,,,"Болт 42х180 без покрытия ГОСТ 52644-2006 кл.пр.10.9 резьба неполная, Кг"
Болт M42x240 ГОСТ 52644-2006,Болт,42.0,240.0,,ГОСТ 52644-2006,10.9,неполная,без покрытия,шт,,,956.34,кг,,,"Болт 42х240 без покрытия ГОСТ 52644-2006 кл.пр.10.9 резьба неполная, Кг"
Болт M4x16 DIN 933,Болт,4.0,16.0,DIN 933,,,полная,,шт,1.04,справочник ГОСТ,5.22,шт,5.22,цена за шт от поставщика,"Болт  4х 16 DIN 933 резьба полная A2, Шт"
Болт M4x20 DIN 933,Болт,4.0,20.0,DIN 933,,,полная,,шт,1.23,справочник ГОСТ,5.84,шт,5.84,цена за шт от поставщика,"Болт  4х 20 DIN 933 резьба полная A2, Шт"
Болт M4x25 DIN 933,Болт,4.0,25.0,DIN 933,,,полная,,шт,1.47,справочник ГОСТ,4.62,шт,4.62,цена за шт от поставщика,"Болт  4х 25 DIN 933 резьба полная A2, Шт"
Болт M4x30 DIN 933,Болт,4.0,30.0,DIN 933,,,полная,,шт,1.72,справочник ГОСТ,8.34,шт,8.34,цена за шт от поставщика,"Болт  4х 30 DIN 933 резьба полная A2, Шт"
Болт M4x40 DIN 933,Болт,4.0,40.0,DIN 933,,,полная,,шт,2.2,справочник ГОСТ,8.7,шт,8.7,цена за шт от поставщика,"Болт  4х 40 DIN 933 резьба полная A2, Шт"
Болт M4x50 DIN 933,Болт,4.0,50.0,DIN 933,,,полная,,шт,2.69,справочник ГОСТ,7.6,шт,7.6,цена за шт от поставщика,"Болт  4х 50 DIN 933 резьба полная A2, Шт"
Болт M5x12 DIN 933,Болт,5.0,12.0,DIN 933,,,полная,,шт,1.44,справочник ГОСТ,5.31,шт,5.31,цена за шт от поставщика,"Болт  5х 12 DIN 933 резьба полная A2, Шт"
Болт M5x16 DIN 933,Болт,5.0,16.0,DIN 933,,,полная,,шт,1.8,справочник ГОСТ,4.43,шт,4.43,цена за шт от поставщика,"Болт  5х 16 DIN 933 резьба полная A2, Шт"
Болт M5x20 DIN 933,Болт,5.0,20.0,DIN 933,,,полная,,шт,2.16,справочник ГОСТ,5.22,шт,5.22,цена за шт от поставщика,"Болт  5х 20 DIN 933 резьба полная A2, Шт"
Болт M5x25 DIN 933,Болт,5.0,25.0,DIN 933,,,полная,,шт,2.61,справочник ГОСТ,7.51,шт,7.51,цена за шт от поставщика,"Болт  5х 25 DIN 933 резьба полная A2, Шт"
Болт M5x35 DIN 933,Болт,5.0,35.0,DIN 933,,,полная,,шт,3.51,справочник ГОСТ,7.7,кг,0.027027,расчёт: 7.7 руб/кг ÷ 284.9 шт/кг,"Болт  5х 35 DIN 933 резьба полная A2, Кг"
Болт M5x40 DIN 933,Болт,5.0,40.0,DIN 933,,,полная,,шт,3.96,справочник ГОСТ,10.01,шт,10.01,цена за шт от поставщика,"Болт  5х 40 DIN 933 резьба полная A2, Шт"
Болт M5x50 DIN 933,Болт,5.0,50.0,DIN 933,,,полная,,шт,4.86,справочник ГОСТ,8.58,шт,8.58,цена за шт от поставщика,"Болт  5х 50 DIN 933 резьба полная A2, Шт"
Болт M6x16 DIN 933,Болт,6.0,16.0,DIN 933,,,полная,,шт,2.57,справочник ГОСТ,7.25,шт,7.25,цена за шт от поставщика,"Болт  6х 16 DIN 933 резьба полная A2, Шт"
Болт M6x20 DIN 933,Болт,6.0,20.0,DIN 933,,,полная,,шт,3.14,справочник ГОСТ,7.25,шт,7.25,цена за шт от поставщика,"Болт  6х 20 DIN 933 резьба полная A2, Шт"
Болт M6x25 DIN 933,Болт,6.0,25.0,DIN 933,,,полная,,шт,3.85,справочник ГОСТ,5.87,шт,5.87,цена за шт от поставщика,"Болт  6х 25 DIN 933 резьба полная A2, Шт"
Болт M6x30 DIN 933,Болт,6.0,30.0,DIN 933,,,полная,,шт,4.56,справочник ГОСТ,6.09,шт,6.09,цена за шт от поставщика,"Болт  6х 30 DIN 933 резьба полная A2, Шт"
Болт M6x35 DIN 933,Болт,6.0,35.0,DIN 933,,,полная,,шт,5.27,справочник ГОСТ,7.24,шт,7.24,цена за шт от поставщика,"Болт  6х 35 DIN 933 резьба полная A2, Шт"
Болт M6x40 DIN 933,Болт,6.0,40.0,DIN 933,,,полная,,шт,5.98,справочник ГОСТ,8.7,шт,8.7,цена за шт от поставщика,"Болт  6х 40 DIN 933 резьба полная A2, Шт"
Болт M6x50 DIN 933,Болт,6.0,50.0,DIN 933,,,полная,,шт,7.4,справочник ГОСТ,10.88,шт,10.88,цена за шт от поставщика,"Болт  6х 50 DIN 933 резьба полная A2, Шт"
Болт M6x60 DIN 933,Болт,6.0,60.0,DIN 933,,,полная,,шт,8.82,справочник ГОСТ,14.5,шт,14.5,цена за шт от поставщика,"Болт  6х 60 DIN 933 резьба полная A2, Шт"
Болт M6x70 DIN 933,Болт,6.0,70.0,DIN 933,,,полная,,шт,10.24,справочник ГОСТ,15.95,шт,15.95,цена за шт от поставщика,"Болт  6х 70 DIN 933 резьба полная A2, Шт"
Болт M6x80 DIN 933,Болт,6.0,80.0,DIN 933,,,полная,,шт,11.66,справочник ГОСТ,18.85,шт,18.85,цена за шт от поставщика,"Болт  6х 80 DIN 933 резьба полная A2, Шт"
Болт M8x20 DIN 933,Болт,8.0,20.0,DIN 933,,,полная,,шт,6.74,справочник ГОСТ,17.4,шт,17.4,цена за шт от поставщика,"Болт  8х 20 DIN 933 резьба полная A2, Шт"
Болт M8x25 DIN 933,Болт,8.0,25.0,DIN 933,,,полная,,шт,8.35,справочник ГОСТ,27.55,шт,27.55,цена за шт от поставщика,"Болт  8х 25 DIN 933 резьба полная A2, Шт"
Болт M8x30 DIN 933,Болт,8.0,30.0,DIN 933,,,полная,,шт,9.96,справочник ГОСТ,21.75,шт,21.75,цена за шт от поставщика,"Болт  8х 30 DIN 933 резьба полная A2, Шт"
Болт M8x35 DIN 933,Болт,8.0,35.0,DIN 933,,,полная,,шт,11.57,справочник ГОСТ,13.77,шт,13.77,цена за шт от поставщика,"Болт  8х 35 DIN 933 резьба полная A2, Шт"
Болт M8x40 DIN 931,Болт,8.0,40.0,DIN 931,,,неполная,,шт,13.18,справочник ГОСТ,27.72,шт,27.72,цена за шт от поставщика,"Болт  8х 40 DIN 931 резьба неполная A2, Шт"
Болт M8x40 DIN 933,Болт,8.0,40.0,DIN 933,,,полная,,шт,13.18,справочник ГОСТ,29.23,шт,29.23,цена за шт от поставщика,"Болт  8х 40 DIN 933 резьба полная A2, Шт"
Болт M8x45 DIN 933,Болт,8.0,45.0,DIN 933,,,полная,,шт,14.79,справочник ГОСТ,16.57,шт,16.57,цена за шт от поставщика,"Болт  8х 45 DIN 933 резьба полная A2, Шт"
Болт M8x50 DIN 933,Болт,8.0,50.0,DIN 933,,,полная,,шт,16.4,справочник ГОСТ,23.1,шт,23.1,цена за шт от поставщика,"Болт  8х 50 DIN 933 резьба полная A2, Шт"
Болт M8x55 DIN 933,Болт,8.0,55.0,DIN 933,,,полная,,шт,18.01,справочник ГОСТ,23.1,шт,23.1,цена за шт от поставщика,"Болт  8х 55 DIN 933 резьба полная A2, Шт"
Болт M8x60 DIN 933,Болт,8.0,60.0,DIN 933,,,полная,,шт,19.62,справочник ГОСТ,29,шт,29,цена за шт от поставщика,"Болт  8х 60 DIN 933 резьба полная A2, Шт"
Болт M8x75 DIN 933,Болт,8.0,75.0,DIN 933,,,полная,,шт,24.45,справочник ГОСТ,23.17,шт,23.17,цена за шт от поставщика,"Болт  8х 75 DIN 933 резьба полная A2, Шт"
Болт M8x80 DIN 933,Болт,8.0,80.0,DIN 933,,,полная,,шт,26.06,справочник ГОСТ,28.96,шт,28.96,цена за шт от поставщика,"Болт  8х 80 DIN 933 резьба полная A2, Шт"
Болт M8x90 DIN 933,Болт,8.0,90.0,DIN 933,,,полная,,шт,29.28,справочник ГОСТ,51.36,шт,51.36,цена за шт от поставщика,"Болт  8х 90 DIN 933 резьба полная A2, Шт"
Болт M8x100 DIN 933,Болт,8.0,100.0,DIN 933,,,полная,,шт,32.5,справочник ГОСТ,26.1,шт,26.1,цена за шт от поставщика,"Болт  8х100 DIN 933 резьба полная A2, Шт"
Болт M8x120 DIN 933,Болт,8.0,120.0,DIN 933,,,полная,,шт,38.94,справочник ГОСТ,58,шт,58,цена за шт от поставщика,"Болт  8х120 DIN 933 резьба полная A2, Шт"
Болт M8x130 DIN 931,Болт,8.0,130.0,DIN 931,,,неполная,,шт,42.16,справочник ГОСТ,58,шт,58,цена за шт от поставщика,"Болт  8х130 DIN 931 резьба неполная A2, Шт"
Болт M10x20 DIN 933,Болт,10.0,20.0,DIN 933,,,полная,,шт,11.5,справочник ГОСТ,33.35,шт,33.35,цена за шт от поставщика,"Болт 10х 20 DIN 933 резьба полная A2, Шт"
Болт M10x25 DIN 933,Болт,10.0,25.0,DIN 933,,,полная,,шт,14.3,справочник ГОСТ,18.85,шт,18.85,цена за шт от поставщика,"Болт 10х 25 DIN 933 резьба полная A2, Шт"
Болт M10x30 DIN 933,Болт,10.0,30.0,DIN 933,,,полная,,шт,17.1,справочник ГОСТ,1086.8,кг,18.58428,расчёт: 1086.8 руб/кг ÷ 58.5 шт/кг,"Болт 10х 30 DIN 933 резьба полная A2, Кг"
Болт M10x40 DIN 933,Болт,10.0,40.0,DIN 933,,,полная,,шт,22.7,справочник ГОСТ,29,шт,29,цена за шт от поставщика,"Болт 10х 40 DIN 933 резьба полная A2, Шт"
Болт M10x50 DIN 931,Болт,10.0,50.0,DIN 931,,,полная,,шт,28.3,справочник ГОСТ,46.2,шт,46.2,цена за шт от поставщика,"Болт 10х 50 DIN 931 резьба полная A2, Шт"
Болт M10x50 DIN 933,Болт,10.0,50.0,DIN 933,,,полная,,шт,28.3,справочник ГОСТ,42.9,шт,42.9,цена за шт от поставщика,"Болт 10х 50 DIN 933 резьба полная A2, Шт"
Болт M10x60 DIN 933,Болт,10.0,60.0,DIN 933,,,полная,,шт,33.9,справочник ГОСТ,56.67,шт,56.67,цена за шт от поставщика,"Болт 10х 60 DIN 933 резьба полная A2, Шт"
Болт M10x70 DIN 933,Болт,10.0,70.0,DIN 933,,,полная,,шт,39.5,справочник ГОСТ,42.9,шт,42.9,цена за шт от поставщика,"Болт 10х 70 DIN 933 резьба полная A2, Шт"
Болт M10x75 DIN 933,Болт,10.0,75.0,DIN 933,,,полная,,шт,42.3,справочник ГОСТ,38.47,шт,38.47,цена за шт от поставщика,"Болт 10х 75 DIN 933 резьба полная A2, Шт"
Болт M10x80 DIN 933,Болт,10.0,80.0,DIN 933,,,полная,,шт,45.1,справочник ГОСТ,57.2,шт,57.2,цена за шт от поставщика,"Болт 10х 80 DIN 933 резьба полная A2, Шт"
Болт M10x90 DIN 933,Болт,10.0,90.0,DIN 933,,,полная,,шт,50.7,справочник ГОСТ,61.6,шт,61.6,цена за шт от поставщика,"Болт 10х 90 DIN 933 резьба полная A2, Шт"
Болт M10x100 DIN 933,Болт,10.0,100.0,DIN 933,,,полная,,шт,56.3,справочник ГОСТ,50.75,шт,50.75,цена за шт от поставщика,"Болт 10х100 DIN 933 резьба полная A2, Шт"
Болт M10x120 DIN 933,Болт,10.0,120.0,DIN 933,,,полная,,шт,67.5,справочник ГОСТ,61.71,шт,61.71,цена за шт от поставщика,"Болт 10х120 DIN 933 резьба полная A2, Шт"
Болт M12x30 DIN 933,Болт,12.0,30.0,DIN 933,,,полная,,шт,29.7,справочник ГОСТ,35.1,шт,35.1,цена за шт от поставщика,"Болт 12х 30 DIN 933 резьба полная A2, Шт"
Болт M12x35 DIN 933,Болт,12.0,35.0,DIN 933,,,полная,,шт,34.6,справочник ГОСТ,37.18,шт,37.18,цена за шт от поставщика,"Болт 12х 35 DIN 933 резьба полная A2, Шт"
Болт M12x40 DIN 933,Болт,12.0,40.0,DIN 933,,,полная,,шт,39.5,справочник ГОСТ,47.82,шт,47.82,цена за шт от поставщика,"Болт 12х 40 DIN 933 резьба полная A2, Шт"
Болт M12x50 DIN 933,Болт,12.0,50.0,DIN 933,,,полная,,шт,49.3,справочник ГОСТ,42.3,шт,42.3,цена за шт от поставщика,"Болт 12х 50 DIN 933 резьба полная A2, Шт"
Болт M12x60 DIN 933,Болт,12.0,60.0,DIN 933,,,полная,,шт,59.1,справочник ГОСТ,77,шт,77,цена за шт от поставщика,"Болт 12х 60 DIN 933 резьба полная A2, Шт"
Болт M12x70 DIN 933,Болт,12.0,70.0,DIN 933,,,полная,,шт,68.9,справочник ГОСТ,58,шт,58,цена за шт от поставщика,"Болт 12х 70 DIN 933 резьба полная A2, Шт"
Болт M12x75 DIN 933,Болт,12.0,75.0,DIN 933,,,полная,,шт,73.8,справочник ГОСТ,55.15,шт,55.15,цена за шт от поставщика,"Болт 12х 75 DIN 933 резьба полная A2, Шт"
Болт M12x80 DIN 931,Болт,12.0,80.0,DIN 931,,,неполная,,шт,78.7,справочник ГОСТ,68,шт,68,цена за шт от поставщика,"Болт 12х 80 DIN 931 резьба неполная A2, Шт"
Болт M12x80 DIN 933,Болт,12.0,80.0,DIN 933,,,полная,,шт,78.7,справочник ГОСТ,92.95,шт,92.95,цена за шт от поставщика,"Болт 12х 80 DIN 933 резьба полная A2, Шт"
Болт M12x90 DIN 933,Болт,12.0,90.0,DIN 933,,,полная,,шт,88.5,справочник ГОСТ,92.4,шт,92.4,цена за шт от поставщика,"Болт 12х 90 DIN 933 резьба полная A2, Шт"
Болт M12x100 DIN 933,Болт,12.0,100.0,DIN 933,,,полная,,шт,98.3,справочник ГОСТ,100.1,шт,100.1,цена за шт от поставщика,"Болт 12х100 DIN 933 резьба полная A2, Шт"
Болт M12x110 DIN 933,Болт,12.0,110.0,DIN 933,,,полная,,шт,108.1,справочник ГОСТ,87,шт,87,цена за шт от поставщика,"Болт 12х110 DIN 933 резьба полная A2, Шт"
Болт M12x120 DIN 933,Болт,12.0,120.0,DIN 933,,,полная,,шт,117.9,справочник ГОСТ,107.8,шт,107.8,цена за шт от поставщика,"Болт 12х120 DIN 933 резьба полная A2, Шт"
Болт M14x75 DIN 933,Болт,14.0,75.0,DIN 933,,,полная,,шт,116.3,справочник ГОСТ,93.98,шт,93.98,цена за шт от поставщика,"Болт 14х 75 DIN 933 резьба полная A2, Шт"
Болт M16x60 DIN 933,Болт,16.0,60.0,DIN 933,,,полная,,шт,130.2,справочник ГОСТ,159.39,шт,159.39,цена за шт от поставщика,"Болт 16х 60 DIN 933 резьба полная A2, Шт"
Болт M16x70 DIN 933,Болт,16.0,70.0,DIN 933,,,полная,,шт,151.6,справочник ГОСТ,177.1,шт,177.1,цена за шт от поставщика,"Болт 16х 70 DIN 933 резьба полная A2, Шт"
Болт M16x75 DIN 933,Болт,16.0,75.0,DIN 933,,,полная,,шт,162.3,справочник ГОСТ,108.75,шт,108.75,цена за шт от поставщика,"Болт 16х 75 DIN 933 резьба полная A2, Шт"
Болт M16x80 DIN 931,Болт,16.0,80.0,DIN 931,,,неполная,,шт,173.0,справочник ГОСТ,493,кг,85.289,расчёт: 493 руб/кг ÷ 5.8 шт/кг,"Болт 16х 80 DIN 931 резьба неполная A2, Кг"
Болт M16x80 DIN 933,Болт,16.0,80.0,DIN 933,,,полная,,шт,173.0,справочник ГОСТ,194.81,шт,194.81,цена за шт от поставщика,"Болт 16х 80 DIN 933 резьба полная A2, Шт"
Болт M16x100 DIN 933,Болт,16.0,100.0,DIN 933,,,полная,,шт,215.8,справочник ГОСТ,143,шт,143,цена за шт от поставщика,"Болт 16х100 DIN 933 резьба полная A2, Шт"
Болт M16x120 DIN 933,Болт,16.0,120.0,DIN 933,,,полная,,шт,258.6,справочник ГОСТ,174,шт,174,цена за шт от поставщика,"Болт 16х120 DIN 933 резьба полная A2, Шт"
Болт M16x130 DIN 931,Болт,16.0,130.0,DIN 931,,,неполная,,шт,280.0,справочник ГОСТ,755,кг,211.4,расчёт: 755 руб/кг ÷ 3.6 шт/кг,"Болт 16х130 DIN 931 резьба неполная A2, Кг"
Болт M16x160 DIN 931,Болт,16.0,160.0,DIN 931,,,неполная,,шт,344.2,справочник ГОСТ,152.38,шт,152.38,цена за шт от поставщика,"Болт 16х160 DIN 931 резьба неполная A2, Шт"
Болт M18x75 DIN 933,Болт,18.0,75.0,DIN 933,,,полная,,шт,,,182.58,шт,182.58,цена за шт от поставщика,"Болт 18х 75 DIN 933 резьба полная A2, Шт"
Болт M20x50 DIN 933,Болт,20.0,50.0,DIN 933,,,полная,,шт,199.0,справочник ГОСТ,159.39,шт,159.39,цена за шт от поставщика,"Болт 20х 50 DIN 933 резьба полная A2, Шт"
Болт M20x60 DIN 933,Болт,20.0,60.0,DIN 933,,,полная,,шт,235.0,справочник ГОСТ,221.38,шт,221.38,цена за шт от поставщика,"Болт 20х 60 DIN 933 резьба полная A2, Шт"
Болт M20x70 DIN 933,Болт,20.0,70.0,DIN 933,,,полная,,шт,271.0,справочник ГОСТ,247.94,шт,247.94,цена за шт от поставщика,"Болт 20х 70 DIN 933 резьба полная A2, Шт"
Болт M20x75 DIN 931,Болт,20.0,75.0,DIN 931,,,неполная,,шт,289.0,справочник ГОСТ,196.27,шт,196.27,цена за шт от поставщика,"Болт 20х 75 DIN 931 резьба неполная A2, Шт"
Болт M20x80 DIN 933,Болт,20.0,80.0,DIN 933,,,полная,,шт,307.0,справочник ГОСТ,265.65,шт,265.65,цена за шт от поставщика,"Болт 20х 80 DIN 933 резьба полная A2, Шт"
Болт M20x90 DIN 933,Болт,20.0,90.0,DIN 933,,,полная,,шт,343.0,справочник ГОСТ,283.36,шт,283.36,цена за шт от поставщика,"Болт 20х 90 DIN 933 резьба полная A2, Шт"
Болт M20x100 DIN 933,Болт,20.0,100.0,DIN 933,,,полная,,шт,379.0,справочник ГОСТ,309.93,шт,309.93,цена за шт от поставщика,"Болт 20х100 DIN 933 резьба полная A2, Шт"
Болт M20x120 DIN 933,Болт,20.0,120.0,DIN 933,,,полная,,шт,451.0,справочник ГОСТ,354.2,шт,354.2,цена за шт от поставщика,"Болт 20х120 DIN 933 резьба полная A2, Шт"
Болт M20x140 DIN 933,Болт,20.0,140.0,DIN 933,,,полная,,шт,523.0,справочник ГОСТ,513.69,шт,513.69,цена за шт от поставщика,"Болт 20х140 DIN 933 резьба полная A4, Шт"
Болт M20x150 DIN 931,Болт,20.0,150.0,DIN 931,,,неполная,,шт,559.0,справочник ГОСТ,427.85,шт,427.85,цена за шт от поставщика,"Болт 20х150 DIN 931 резьба неполная A2, Шт"
Болт M24x90 DIN 931,Болт,24.0,90.0,DIN 931,,,неполная,,шт,578.0,справочник ГОСТ,220.63,шт,220.63,цена за шт от поставщика,"Болт 24х 90 DIN 931 резьба неполная A2, Шт"
Болт M24x100 DIN 933,Болт,24.0,100.0,DIN 933,,,полная,,шт,638.0,справочник ГОСТ,487.03,шт,487.03,цена за шт от поставщика,"Болт 24х100 DIN 933 резьба полная A2, Шт"
Болт M24x120 DIN 933,Болт,24.0,120.0,DIN 933,,,полная,,шт,758.0,справочник ГОСТ,549.01,шт,549.01,цена за шт от поставщика,"Болт 24х120 DIN 933 резьба полная A2, Шт"
Болт M27x80 DIN 933,Болт,27.0,80.0,DIN 933,,,полная,,шт,715.0,справочник ГОСТ,554.4,шт,554.4,цена за шт от поставщика,"Болт 27х 80 DIN 933 резьба полная A2, Шт"
Болт M14x1 DIN 961 цинк,Болт,14.0,1.5,DIN 961,,10.9,,цинк,шт,,,520,кг,,,"Болт 14х1,5х 65 цинк DIN 961 кл.пр.10.9, Кг"
Болт M16x1 ГОСТ 7805-70 цинк,Болт,16.0,1.5,,ГОСТ 7805-70,10.9,,цинк,шт,,,232,кг,,,"Болт 16х1,5х 80 цинк ГОСТ 7805-70 кл.пр.10.9, Кг"
Гайка M12 ГОСТ 52645-2006 цинк,Гайка,12.0,,,ГОСТ 52645-2006,10,,цинк,шт,17.0,справочник ГОСТ,385,кг,6.545,расчёт: 385 руб/кг ÷ 58.8 шт/кг,"Гайка 12 ГОСТ 52645-2006 кл.пр.10 цинк, Кг"
Гайка M16 ГОСТ 52645-2006 цинк,Гайка,16.0,,,ГОСТ 52645-2006,10,,цинк,шт,37.0,справочник ГОСТ,567.89,кг,21.01193,расчёт: 567.89 руб/кг ÷ 27.0 шт/кг,"Гайка 16 ГОСТ 52645-2006 кл.пр.10 цинк, Кг"
Гайка M18 ГОСТ 52645-2006,Гайка,18.0,,,ГОСТ 52645-2006,10,,,шт,54.0,справочник ГОСТ,539,кг,29.106,расчёт: 539 руб/кг ÷ 18.5 шт/кг,"Гайка 18 ГОСТ 52645-2006 кл.пр.10, Кг"
Гайка M20 ГОСТ 52645-2006,Гайка,20.0,,,ГОСТ 52645-2006,10,,,шт,72.0,справочник ГОСТ,609,кг,43.848,расчёт: 609 руб/кг ÷ 13.9 шт/кг,"Гайка 20 ГОСТ 52645-2006 кл.пр.10, Кг"
Гайка M22 ГОСТ 53664-2006,Гайка,22.0,,,ГОСТ 53664-2006,10,,,шт,97.0,справочник ГОСТ,501.93,кг,48.68721,расчёт: 501.93 руб/кг ÷ 10.3 шт/кг,"Гайка 22 ГОСТ 53664-2006 кл.пр.10, Кг"
Гайка M24 ГОСТ 52645-2006 цинк,Гайка,24.0,,,ГОСТ 52645-2006,12,,цинк,шт,126.0,справочник ГОСТ,385,кг,48.51,расчёт: 385 руб/кг ÷ 7.9 шт/кг,"Гайка 24 ГОСТ 52645-2006 кл.пр.12 цинк, Кг"
Гайка M24 ГОСТ 53664-2009,Гайка,24.0,,,ГОСТ 53664-2009,10,,,шт,126.0,справочник ГОСТ,486.2,кг,61.2612,расчёт: 486.2 руб/кг ÷ 7.9 шт/кг,"Гайка 24 ГОСТ 53664-2009 кл.пр.10 110. ХЛ., Кг"
Гайка M24 ГОСТ 5927-70,Гайка,24.0,,,ГОСТ 5927-70,10,,,шт,126.0,справочник ГОСТ,392,кг,49.392,расчёт: 392 руб/кг ÷ 7.9 шт/кг,"Гайка 24 ГОСТ 5927-70 кл.пр.10, Кг"
Гайка M27 ГОСТ 52645-2006,Гайка,27.0,,,ГОСТ 52645-2006,10,,,шт,178.0,справочник ГОСТ,616,кг,109.648,расчёт: 616 руб/кг ÷ 5.6 шт/кг,"Гайка 27 ГОСТ 52645-2006 кл.пр.10, Кг"
Гайка M42 ГОСТ 52645-2006,Гайка,42.0,,,ГОСТ 52645-2006,10,,,шт,668.0,справочник ГОСТ,572,кг,382.096,расчёт: 572 руб/кг ÷ 1.5 шт/кг,"Гайка 42 ГОСТ 52645-2006 кл.пр.10 ХЛ К, Кг"
Гайка M6 DIN 934 ГОСТ 5915-70,Гайка,6.0,,DIN 934,ГОСТ 5915-70,10,,без покрытия,шт,2.23,справочник ГОСТ,312.88,кг,0.697722,расчёт: 312.88 руб/кг ÷ 448.4 шт/кг,"Гайка  6 DIN 934 ГОСТ 5915-70 кл.пр.10 без покрытия, Кг"
Гайка M8 DIN 934 ГОСТ 5915-70,Гайка,8.0,,DIN 934,ГОСТ 5915-70,10,,без покрытия,шт,5.26,справочник ГОСТ,314.6,кг,1.654796,расчёт: 314.6 руб/кг ÷ 190.1 шт/кг,"Гайка  8 DIN 934 ГОСТ 5915-70 кл.пр.10 без покрытия, Кг"
Гайка M10 DIN 934 ГОСТ 5915-70,Гайка,10.0,,DIN 934,ГОСТ 5915-70,10,,без покрытия,шт,9.91,справочник ГОСТ,420.5,кг,4.167155,расчёт: 420.5 руб/кг ÷ 100.9 шт/кг,"Гайка 10 DIN 934 ГОСТ 5915-70 кл.пр.10 без покрытия, Кг"
Гайка M12 DIN 934 ГОСТ 5915-70,Гайка,12.0,,DIN 934,ГОСТ 5915-70,10,,без покрытия,шт,17.0,справочник ГОСТ,429,кг,7.293,расчёт: 429 руб/кг ÷ 58.8 шт/кг,"Гайка 12 DIN 934 ГОСТ 5915-70 кл.пр.10 без покрытия, Кг"
Гайка M12 ГОСТ 5915-70,Гайка,12.0,,,ГОСТ 5915-70,,,,шт,17.0,справочник ГОСТ,13.52,шт,13.52,цена за шт от поставщика,"Гайка 12 ГОСТ 5915-70 09Г2С, Шт"
Гайка M14 DIN 934 ГОСТ 5915-70,Гайка,14.0,,DIN 934,ГОСТ 5915-70,8,,без покрытия,шт,26.0,справочник ГОСТ,328.9,кг,8.5514,расчёт: 328.9 руб/кг ÷ 38.5 шт/кг,"Гайка 14 DIN 934 ГОСТ 5915-70 кл.пр.8 без покрытия, Кг"
Гайка M16 DIN 934 ГОСТ 5915-70,Гайка,16.0,,DIN 934,ГОСТ 5915-70,10,,без покрытия,шт,37.0,справочник ГОСТ,456.75,кг,16.89975,расчёт: 456.75 руб/кг ÷ 27.0 шт/кг,"Гайка 16 DIN 934 ГОСТ 5915-70 кл.пр.10 без покрытия, Кг"
Гайка M16 ГОСТ 5915-70,Гайка,16.0,,,ГОСТ 5915-70,,,без покрытия,шт,37.0,справочник ГОСТ,620.14,кг,22.94518,расчёт: 620.14 руб/кг ÷ 27.0 шт/кг,"Гайка 16 ГОСТ 5915-70 без покрытия 09Г2С, Кг"
Гайка M18 DIN 934 ГОСТ 5915-70,Гайка,18.0,,DIN 934,ГОСТ 5915-70,8,,без покрытия,шт,54.0,справочник ГОСТ,286,кг,15.444,расчёт: 286 руб/кг ÷ 18.5 шт/кг,"Гайка 18 DIN 934 ГОСТ 5915-70 кл.пр.8 без покрытия, Кг"
Гайка M20 DIN 934 ГОСТ 5915-70,Гайка,20.0,,DIN 934,ГОСТ 5915-70,10,,без покрытия,шт,72.0,справочник ГОСТ,326.56,кг,23.51232,расчёт: 326.56 руб/кг ÷ 13.9 шт/кг,"Гайка 20 DIN 934 ГОСТ 5915-70 кл.пр.10 без покрытия, Кг"
Гайка M22 DIN 934 ГОСТ 5915-70,Гайка,22.0,,DIN 934,ГОСТ 5915-70,8,,без покрытия,шт,97.0,справочник ГОСТ,290,кг,28.13,расчёт: 290 руб/кг ÷ 10.3 шт/кг,"Гайка 22 DIN 934 ГОСТ 5915-70 кл.пр.8 без покрытия, Кг"
Гайка M24 DIN 934 ГОСТ 5915-70,Гайка,24.0,,DIN 934,ГОСТ 5915-70,10,,без покрытия,шт,126.0,справочник ГОСТ,338.8,кг,42.6888,расчёт: 338.8 руб/кг ÷ 7.9 шт/кг,"Гайка 24 DIN 934 ГОСТ 5915-70 кл.пр.10 без покрытия, Кг"
Гайка M27 DIN 934 ГОСТ 5915-70,Гайка,27.0,,DIN 934,ГОСТ 5915-70,10,,без покрытия,шт,178.0,справочник ГОСТ,391.5,кг,69.687,расчёт: 391.5 руб/кг ÷ 5.6 шт/кг,"Гайка 27 DIN 934 ГОСТ 5915-70 кл.пр.10 без покрытия, Кг"
Гайка M30 DIN 934 ГОСТ 5915-70,Гайка,30.0,,DIN 934,ГОСТ 5915-70,10,,без покрытия,шт,235.0,справочник ГОСТ,500.25,кг,117.55875,расчёт: 500.25 руб/кг ÷ 4.3 шт/кг,"Гайка 30 DIN 934 ГОСТ 5915-70 кл.пр.10 без покрытия, Кг"
Гайка M36 DIN 934 ГОСТ 5915-70,Гайка,36.0,,DIN 934,ГОСТ 5915-70,10,,без покрытия,шт,410.0,справочник ГОСТ,354.64,кг,145.4024,расчёт: 354.64 руб/кг ÷ 2.4 шт/кг,"Гайка 36 DIN 934 ГОСТ 5915-70 кл.пр.10 без покрытия, Кг"
Гайка M36 DIN 934 ГОСТ 5927-70,Гайка,36.0,,DIN 934,ГОСТ 5927-70,12,,без покрытия,шт,410.0,справочник ГОСТ,328.9,кг,134.849,расчёт: 328.9 руб/кг ÷ 2.4 шт/кг,"Гайка 36 DIN 934 ГОСТ 5927-70 кл.пр.12 без покрытия, Кг"
Гайка M42 DIN 934 ГОСТ 5915-70,Гайка,42.0,,DIN 934,ГОСТ 5915-70,8,,без покрытия,шт,668.0,справочник ГОСТ,498.22,кг,332.81096,расчёт: 498.22 руб/кг ÷ 1.5 шт/кг,"Гайка 42 DIN 934 ГОСТ 5915-70 кл.пр.8 без покрытия, Кг"
Гайка M48 DIN 934 ГОСТ 5915-70,Гайка,48.0,,DIN 934,ГОСТ 5915-70,8,,без покрытия,шт,1010.0,справочник ГОСТ,111.65,кг,112.7665,расчёт: 111.65 руб/кг ÷ 1.0 шт/кг,"Гайка 48 DIN 934 ГОСТ 5915-70 кл.пр.8 без покрытия, Кг"
Гайка M6 ГОСТ 5915-70 цинк,Гайка,6.0,,,ГОСТ 5915-70,10,,цинк,шт,2.23,справочник ГОСТ,314.6,кг,0.701558,расчёт: 314.6 руб/кг ÷ 448.4 шт/кг,"Гайка  6 ГОСТ 5915-70 кл.пр.10 цинк, Кг"
Гайка M8 DIN 934 ГОСТ 5915-70 цинк,Гайка,8.0,,DIN 934,ГОСТ 5915-70,10,,цинк,шт,5.26,справочник ГОСТ,321.97,кг,1.693562,расчёт: 321.97 руб/кг ÷ 190.1 шт/кг,"Гайка  8 DIN 934 ГОСТ 5915-70 кл.пр.10 цинк, Кг"
Гайка M10 DIN 934 ГОСТ 5915-70 цинк,Гайка,10.0,,DIN 934,ГОСТ 5915-70,10,,цинк,шт,9.91,справочник ГОСТ,540,кг,5.3514,расчёт: 540 руб/кг ÷ 100.9 шт/кг,"Гайка 10 DIN 934 ГОСТ 5915-70 кл.пр.10 цинк, Кг"
Гайка M10x1 DIN 934 ГОСТ 5915-70 цинк,Гайка,10.0,1.25,DIN 934,ГОСТ 5915-70,8,,цинк,шт,9.91,справочник ГОСТ,221.69,кг,2.196948,расчёт: 221.69 руб/кг ÷ 100.9 шт/кг,"Гайка 10х1,25 DIN 934 ГОСТ 5915-70 кл.пр.8 цинк, Кг"
Гайка M12 DIN 934 ГОСТ 5915-70 цинк,Гайка,12.0,,DIN 934,ГОСТ 5915-70,10,,цинк,шт,17.0,справочник ГОСТ,363.23,кг,6.17491,расчёт: 363.23 руб/кг ÷ 58.8 шт/кг,"Гайка 12 DIN 934 ГОСТ 5915-70 кл.пр.10 цинк, Кг"
Гайка M14 DIN 934 ГОСТ 5915-70 цинк,Гайка,14.0,,DIN 934,ГОСТ 5915-70,8,,цинк,шт,26.0,справочник ГОСТ,249.55,кг,6.4883,расчёт: 249.55 руб/кг ÷ 38.5 шт/кг,"Гайка 14 DIN 934 ГОСТ 5915-70 кл.пр.8 цинк, Кг"
Гайка M14x1 DIN 934 ГОСТ 5915-70 цинк,Гайка,14.0,1.5,DIN 934,ГОСТ 5915-70,8,,цинк,шт,26.0,справочник ГОСТ,863.37,кг,22.44762,расчёт: 863.37 руб/кг ÷ 38.5 шт/кг,"Гайка 14х1,5 DIN 934 ГОСТ 5915-70 кл.пр.8 цинк, Кг"
Гайка M16 DIN 934 ГОСТ 5915-70 цинк,Гайка,16.0,,DIN 934,ГОСТ 5915-70,10,,цинк,шт,37.0,справочник ГОСТ,539,кг,19.943,расчёт: 539 руб/кг ÷ 27.0 шт/кг,"Гайка 16 DIN 934 ГОСТ 5915-70 кл.пр.10 цинк, Кг"
Гайка M16 цинк,Гайка,16.0,,,,8,,цинк,шт,37.0,справочник ГОСТ,420.5,кг,15.5585,расчёт: 420.5 руб/кг ÷ 27.0 шт/кг,"Гайка 16 ГОСТ ISO 4032 кл.пр.8 цинк, Кг"
Гайка M18 DIN 934 ГОСТ 5915-70 цинк,Гайка,18.0,,DIN 934,ГОСТ 5915-70,10,,цинк,шт,54.0,справочник ГОСТ,1592.68,кг,86.00472,расчёт: 1592.68 руб/кг ÷ 18.5 шт/кг,"Гайка 18 DIN 934 ГОСТ 5915-70 кл.пр.10 цинк, Кг"
Гайка M20 DIN 934 ГОСТ 5915-70 цинк,Гайка,20.0,,DIN 934,ГОСТ 5915-70,10,,цинк,шт,72.0,справочник ГОСТ,350.49,кг,25.23528,расчёт: 350.49 руб/кг ÷ 13.9 шт/кг,"Гайка 20 DIN 934 ГОСТ 5915-70 кл.пр.10 цинк, Кг"
Гайка M20 цинк,Гайка,20.0,,,,8,,цинк,шт,72.0,справочник ГОСТ,693.06,кг,49.90032,расчёт: 693.06 руб/кг ÷ 13.9 шт/кг,"Гайка 20 ГОСТ ISO 4032 кл.пр.8 цинк, Кг"
Гайка M22 DIN 934 ГОСТ 5915-70 цинк,Гайка,22.0,,DIN 934,ГОСТ 5915-70,8,,цинк,шт,97.0,справочник ГОСТ,338.8,кг,32.8636,расчёт: 338.8 руб/кг ÷ 10.3 шт/кг,"Гайка 22 DIN 934 ГОСТ 5915-70 кл.пр.8 цинк, Кг"
Гайка M24 DIN 934 ГОСТ 5915-70 цинк,Гайка,24.0,,DIN 934,ГОСТ 5915-70,10,,цинк,шт,126.0,справочник ГОСТ,353.99,кг,44.60274,расчёт: 353.99 руб/кг ÷ 7.9 шт/кг,"Гайка 24 DIN 934 ГОСТ 5915-70 кл.пр.10 цинк, Кг"
Гайка M27 DIN 934 ГОСТ 5915-70 цинк,Гайка,27.0,,DIN 934,ГОСТ 5915-70,12,,цинк,шт,178.0,справочник ГОСТ,387.8,кг,69.0284,расчёт: 387.8 руб/кг ÷ 5.6 шт/кг,"Гайка 27 DIN 934 ГОСТ 5915-70 кл.пр.12 цинк, Кг"
Гайка M27x2 DIN 934 ГОСТ 5915-70 цинк,Гайка,27.0,2.0,DIN 934,ГОСТ 5915-70,8,,цинк,шт,178.0,справочник ГОСТ,749.81,кг,133.46618,расчёт: 749.81 руб/кг ÷ 5.6 шт/кг,"Гайка 27х2 DIN 934 ГОСТ 5915-70 кл.пр.8 цинк, Кг"
Гайка M30 DIN 934 ГОСТ 5915-70 цинк,Гайка,30.0,,DIN 934,ГОСТ 5915-70,8,,цинк,шт,235.0,справочник ГОСТ,217.5,кг,51.1125,расчёт: 217.5 руб/кг ÷ 4.3 шт/кг,"Гайка 30 DIN 934 ГОСТ 5915-70 кл.пр.8 цинк, Кг"
Гайка M30 ГОСТ 5915-70 горячий цинк,Гайка,30.0,,,ГОСТ 5915-70,8,,горячий цинк,шт,235.0,справочник ГОСТ,543.4,кг,127.699,расчёт: 543.4 руб/кг ÷ 4.3 шт/кг,"Гайка 30 ГОСТ 5915-70 кл.пр.8 горячее цинкование, Кг"
Гайка M36 DIN 934 ГОСТ 5915-70 цинк,Гайка,36.0,,DIN 934,ГОСТ 5915-70,8,,цинк,шт,410.0,справочник ГОСТ,472.48,кг,193.7168,расчёт: 472.48 руб/кг ÷ 2.4 шт/кг,"Гайка 36 DIN 934 ГОСТ 5915-70 кл.пр.8 цинк, Кг"
Гайка M48 DIN 934 ГОСТ 5915-70 цинк,Гайка,48.0,,DIN 934,ГОСТ 5915-70,8,,цинк,шт,1010.0,справочник ГОСТ,431.2,кг,435.512,расчёт: 431.2 руб/кг ÷ 1.0 шт/кг,"Гайка 48 DIN 934 ГОСТ 5915-70 кл.пр.8 цинк, Кг"
Гайка M56 DIN 934 ГОСТ 5915-70 цинк,Гайка,56.0,,DIN 934,ГОСТ 5915-70,8,,цинк,шт,,,431.2,кг,,,"Гайка 56 DIN 934 ГОСТ 5915-70 кл.пр.8 цинк, Кг"
Гайка M3 DIN 934 ГОСТ 5915-70 цинк,Гайка,3.0,,DIN 934,ГОСТ 5915-70,,,цинк,шт,,,304.5,кг,,,"Гайка  3 DIN 934 ГОСТ 5915-70 цинк, Кг"
Гайка M4 DIN 934 ГОСТ 5915-70 цинк,Гайка,4.0,,DIN 934,ГОСТ 5915-70,,,цинк,шт,0.75,справочник ГОСТ,348,кг,0.261,расчёт: 348 руб/кг ÷ 1333.3 шт/кг,"Гайка  4 DIN 934 ГОСТ 5915-70 цинк, Кг"
Гайка M5 DIN 934 ГОСТ 5915-70 цинк,Гайка,5.0,,DIN 934,ГОСТ 5915-70,,,цинк,шт,1.41,справочник ГОСТ,319,кг,0.44979,расчёт: 319 руб/кг ÷ 709.2 шт/кг,"Гайка  5 DIN 934 ГОСТ 5915-70 цинк, Кг"
Гайка M6 DIN 934 ГОСТ 5915-70 цинк,Гайка,6.0,,DIN 934,ГОСТ 5915-70,,,цинк,шт,2.23,справочник ГОСТ,217.5,кг,0.485025,расчёт: 217.5 руб/кг ÷ 448.4 шт/кг,"Гайка  6 DIN 934 ГОСТ 5915-70 цинк, Кг"
Гайка M27 ГОСТ 5927-70 горячий цинк,Гайка,27.0,,,ГОСТ 5927-70,6,,горячий цинк,шт,178.0,справочник ГОСТ,232,кг,41.296,расчёт: 232 руб/кг ÷ 5.6 шт/кг,"Гайка 27 шестигранная ГОСТ 5927-70 кл.пр.6 горячее цинкование, Кг"
Гайка M48x3 DIN 934 ГОСТ 5915-70 цинк,Гайка,48.0,3.0,DIN 934,ГОСТ 5915-70,,,цинк,шт,1010.0,справочник ГОСТ,395.74,кг,399.6974,расчёт: 395.74 руб/кг ÷ 1.0 шт/кг,"Гайка 48х3 DIN 934 ГОСТ 5915-70 цинк, Кг"
Гайка M4 DIN 934 ГОСТ 5915-70,Гайка,4.0,,DIN 934,ГОСТ 5915-70,,,без покрытия,шт,0.75,справочник ГОСТ,423.61,кг,0.317708,расчёт: 423.61 руб/кг ÷ 1333.3 шт/кг,"Гайка  4 DIN 934 ГОСТ 5915-70 без покрытия, Кг"
Гайка M5 DIN 934 ГОСТ 5915-70,Гайка,5.0,,DIN 934,ГОСТ 5915-70,,,без покрытия,шт,1.41,справочник ГОСТ,342.99,кг,0.483616,расчёт: 342.99 руб/кг ÷ 709.2 шт/кг,"Гайка  5 DIN 934 ГОСТ 5915-70 без покрытия, Кг"
Гайка M60 DIN 934 ГОСТ 5915-70,Гайка,60.0,,DIN 934,ГОСТ 5915-70,,,без покрытия,шт,,,577.27,кг,,,"Гайка 60 DIN 934 ГОСТ 5915-70 без покрытия, Кг"
Гайка M64 DIN 934 ГОСТ 5915-70,Гайка,64.0,,DIN 934,ГОСТ 5915-70,,,без покрытия,шт,,,169.82,кг,,,"Гайка 64 DIN 934 ГОСТ 5915-70 без покрытия, Кг"
Гайка M6 DIN 596,Гайка,6.0,,DIN 596,,,,,шт,2.23,справочник ГОСТ,9.14,шт,9.14,цена за шт от поставщика,"Гайка  6 Эриксона с плоской головкой DIN 596, Шт"
Гайка M8 DIN 596,Гайка,8.0,,DIN 596,,,,,шт,5.26,справочник ГОСТ,9.14,шт,9.14,цена за шт от поставщика,"Гайка  8 Эриксона с плоской головкой DIN 596, Шт"
Шайба M20 ГОСТ 32484,Шайба,20.0,,,ГОСТ 32484,,,без покрытия,шт,15.5,справочник ГОСТ,754,кг,11.687,расчёт: 754 руб/кг ÷ 64.5 шт/кг,"Шайба 20 исп.1 ГОСТ32484 высокопрочная без покрытия, Кг"
Шайба M24 ГОСТ 52646-2006,Шайба,24.0,,,ГОСТ 52646-2006,,,без покрытия,шт,25.0,справочник ГОСТ,725,кг,18.125,расчёт: 725 руб/кг ÷ 40.0 шт/кг,"Шайба 24 ГОСТ 52646-2006 высокопрочная без покрытия, Кг"
Шайба M3 DIN 127 ГОСТ 6402-70,Шайба,3.0,,DIN 127,ГОСТ 6402-70,,,без покрытия,шт,,,308,кг,,,"Шайба  3 DIN 127 ГОСТ 6402-70 гровер без покрытия, Кг"
Шайба M14 DIN 127 ГОСТ 6402-70,Шайба,14.0,,DIN 127,ГОСТ 6402-70,,,без покрытия,шт,8.9,справочник ГОСТ,290,кг,2.581,расчёт: 290 руб/кг ÷ 112.4 шт/кг,"Шайба 14 DIN 127 ГОСТ 6402-70 гровер без покрытия, Кг"
Шайба M3 DIN 127 ГОСТ 6402-70 цинк,Шайба,3.0,,DIN 127,ГОСТ 6402-70,,,цинк,шт,,,348,кг,,,"Шайба  3 DIN 127 ГОСТ 6402-70 гровер цинк, Кг"
Шайба M4 DIN 127 ГОСТ 6402-70 цинк,Шайба,4.0,,DIN 127,ГОСТ 6402-70,,,цинк,шт,0.27,справочник ГОСТ,348,кг,0.09396,расчёт: 348 руб/кг ÷ 3703.7 шт/кг,"Шайба  4 DIN 127 ГОСТ 6402-70 гровер цинк, Кг"
Шайба M5 DIN 127 ГОСТ 6402-70 цинк,Шайба,5.0,,DIN 127,ГОСТ 6402-70,,,цинк,шт,0.52,справочник ГОСТ,348,кг,0.18096,расчёт: 348 руб/кг ÷ 1923.1 шт/кг,"Шайба  5 DIN 127 ГОСТ 6402-70 гровер цинк, Кг"
Шайба M6 DIN 127 ГОСТ 6402-70 цинк,Шайба,6.0,,DIN 127,ГОСТ 6402-70,,,цинк,шт,0.85,справочник ГОСТ,261,кг,0.22185,расчёт: 261 руб/кг ÷ 1176.5 шт/кг,"Шайба  6 DIN 127 ГОСТ 6402-70 гровер цинк, Кг"
Шайба M8 DIN 127 ГОСТ 6402-70 цинк,Шайба,8.0,,DIN 127,ГОСТ 6402-70,,,цинк,шт,1.92,справочник ГОСТ,290,кг,0.5568,расчёт: 290 руб/кг ÷ 520.8 шт/кг,"Шайба  8 DIN 127 ГОСТ 6402-70 гровер цинк, Кг"
Шайба M10 DIN 127 ГОСТ 6402-70 цинк,Шайба,10.0,,DIN 127,ГОСТ 6402-70,,,цинк,шт,3.51,справочник ГОСТ,261,кг,0.91611,расчёт: 261 руб/кг ÷ 284.9 шт/кг,"Шайба 10 DIN 127 ГОСТ 6402-70 гровер цинк, Кг"
Шайба M12 DIN 127 ГОСТ 6402-70 цинк,Шайба,12.0,,DIN 127,ГОСТ 6402-70,,,цинк,шт,5.92,справочник ГОСТ,261,кг,1.54512,расчёт: 261 руб/кг ÷ 168.9 шт/кг,"Шайба 12 DIN 127 ГОСТ 6402-70 гровер цинк, Кг"
Шайба M14 DIN 127 ГОСТ 6402-70 цинк,Шайба,14.0,,DIN 127,ГОСТ 6402-70,,,цинк,шт,8.9,справочник ГОСТ,290,кг,2.581,расчёт: 290 руб/кг ÷ 112.4 шт/кг,"Шайба 14 DIN 127 ГОСТ 6402-70 гровер цинк, Кг"
Шайба M16 DIN 127 ГОСТ 6402-70 цинк,Шайба,16.0,,DIN 127,ГОСТ 6402-70,,,цинк,шт,13.1,справочник ГОСТ,261,кг,3.4191,расчёт: 261 руб/кг ÷ 76.3 шт/кг,"Шайба 16 DIN 127 ГОСТ 6402-70 гровер цинк, Кг"
Шайба M18 DIN 127 ГОСТ 6402-70 цинк,Шайба,18.0,,DIN 127,ГОСТ 6402-70,,,цинк,шт,17.2,справочник ГОСТ,290,кг,4.988,расчёт: 290 руб/кг ÷ 58.1 шт/кг,"Шайба 18 DIN 127 ГОСТ 6402-70 гровер цинк, Кг"
Шайба M20 DIN 127 ГОСТ 6402-70 цинк,Шайба,20.0,,DIN 127,ГОСТ 6402-70,,,цинк,шт,22.9,справочник ГОСТ,261,кг,5.9769,расчёт: 261 руб/кг ÷ 43.7 шт/кг,"Шайба 20 DIN 127 ГОСТ 6402-70 гровер цинк, Кг"
Шайба M36 DIN 127 ГОСТ 6402-70 цинк,Шайба,36.0,,DIN 127,ГОСТ 6402-70,,,цинк,шт,115.0,справочник ГОСТ,319,кг,36.685,расчёт: 319 руб/кг ÷ 8.7 шт/кг,"Шайба 36 DIN 127 ГОСТ 6402-70 гровер цинк, Кг"
Шайба M5 DIN 125 ГОСТ 11371-78,Шайба,5.0,,DIN 125,ГОСТ 11371-78,,,без покрытия,шт,0.58,справочник ГОСТ,292.6,кг,0.169708,расчёт: 292.6 руб/кг ÷ 1724.1 шт/кг,"Шайба  5 DIN 125 ГОСТ 11371-78 плоская без покрытия, Кг"
Шайба M16 DIN 125 ГОСТ 11371-78,Шайба,16.0,,DIN 125,ГОСТ 11371-78,,,без покрытия,шт,9.8,справочник ГОСТ,218,кг,2.1364,расчёт: 218 руб/кг ÷ 102.0 шт/кг,"Шайба 16 DIN 125 ГОСТ 11371-78 плоская без покрытия, Кг"
Шайба M20 DIN 125 ГОСТ 11371-78,Шайба,20.0,,DIN 125,ГОСТ 11371-78,,,без покрытия,шт,15.5,справочник ГОСТ,290,кг,4.495,расчёт: 290 руб/кг ÷ 64.5 шт/кг,"Шайба 20 DIN 125 ГОСТ 11371-78 плоская без покрытия, Кг"
Шайба M56 DIN 125 ГОСТ 11371-78,Шайба,56.0,,DIN 125,ГОСТ 11371-78,,,без покрытия,шт,,,287.79,кг,,,"Шайба 56 DIN 125 ГОСТ 11371-78 плоская без покрытия, Кг"
Шайба M3 DIN 125 ГОСТ 11371-78 цинк,Шайба,3.0,,DIN 125,ГОСТ 11371-78,,,цинк,шт,0.18,справочник ГОСТ,308,кг,0.05544,расчёт: 308 руб/кг ÷ 5555.6 шт/кг,"Шайба  3 DIN 125 ГОСТ 11371-78 плоская цинк, Кг"
Шайба M4 DIN 125 ГОСТ 11371-78 цинк,Шайба,4.0,,DIN 125,ГОСТ 11371-78,,,цинк,шт,0.36,справочник ГОСТ,286,кг,0.10296,расчёт: 286 руб/кг ÷ 2777.8 шт/кг,"Шайба  4 DIN 125 ГОСТ 11371-78 плоская цинк, Кг"
Шайба M5 DIN 125 ГОСТ 11371-78 цинк,Шайба,5.0,,DIN 125,ГОСТ 11371-78,,,цинк,шт,0.58,справочник ГОСТ,323.4,кг,0.187572,расчёт: 323.4 руб/кг ÷ 1724.1 шт/кг,"Шайба  5 DIN 125 ГОСТ 11371-78 плоская цинк, Кг"
Шайба M6 DIN 125 ГОСТ 11371-78 цинк,Шайба,6.0,,DIN 125,ГОСТ 11371-78,,,цинк,шт,0.91,справочник ГОСТ,217.5,кг,0.197925,расчёт: 217.5 руб/кг ÷ 1098.9 шт/кг,"Шайба  6 DIN 125 ГОСТ 11371-78 плоская цинк, Кг"
Шайба M8 DIN 125 ГОСТ 11371-78 цинк,Шайба,8.0,,DIN 125,ГОСТ 11371-78,,,цинк,шт,1.8,справочник ГОСТ,217.5,кг,0.3915,расчёт: 217.5 руб/кг ÷ 555.6 шт/кг,"Шайба  8 DIN 125 ГОСТ 11371-78 плоская цинк, Кг"
Шайба M10 DIN 125 ГОСТ 11371-78 горячий цинк,Шайба,10.0,,DIN 125,ГОСТ 11371-78,,,горячий цинк,шт,3.35,справочник ГОСТ,308.33,кг,1.032905,расчёт: 308.33 руб/кг ÷ 298.5 шт/кг,"Шайба 10 DIN 125 ГОСТ 11371-78 плоская горячее цинкование, Кг"
Шайба M10 DIN 125 ГОСТ 11371-78 цинк,Шайба,10.0,,DIN 125,ГОСТ 11371-78,,,цинк,шт,3.35,справочник ГОСТ,217.5,кг,0.728625,расчёт: 217.5 руб/кг ÷ 298.5 шт/кг,"Шайба 10 DIN 125 ГОСТ 11371-78 плоская цинк, Кг"
Шайба M12 DIN 125 ГОСТ 11371-78 цинк,Шайба,12.0,,DIN 125,ГОСТ 11371-78,,,цинк,шт,5.1,справочник ГОСТ,218,кг,1.1118,расчёт: 218 руб/кг ÷ 196.1 шт/кг,"Шайба 12 DIN 125 ГОСТ 11371-78 плоская цинк, Кг"
Шайба M14 DIN 125 ГОСТ 11371-78 цинк,Шайба,14.0,,DIN 125,ГОСТ 11371-78,,,цинк,шт,7.6,справочник ГОСТ,290,кг,2.204,расчёт: 290 руб/кг ÷ 131.6 шт/кг,"Шайба 14 DIN 125 ГОСТ 11371-78 плоская цинк, Кг"
Шайба M16 DIN 125 ГОСТ 11371-78 цинк,Шайба,16.0,,DIN 125,ГОСТ 11371-78,,,цинк,шт,9.8,справочник ГОСТ,217.5,кг,2.1315,расчёт: 217.5 руб/кг ÷ 102.0 шт/кг,"Шайба 16 DIN 125 ГОСТ 11371-78 плоская цинк, Кг"
Шайба M18 DIN 125 ГОСТ 11371-78 цинк,Шайба,18.0,,DIN 125,ГОСТ 11371-78,,,цинк,шт,12.5,справочник ГОСТ,290,кг,3.625,расчёт: 290 руб/кг ÷ 80.0 шт/кг,"Шайба 18 DIN 125 ГОСТ 11371-78 плоская цинк, Кг"
Шайба M20 DIN 125 ГОСТ 11371-78 цинк,Шайба,20.0,,DIN 125,ГОСТ 11371-78,,,цинк,шт,15.5,справочник ГОСТ,159.5,кг,2.47225,расчёт: 159.5 руб/кг ÷ 64.5 шт/кг,"Шайба 20 DIN 125 ГОСТ 11371-78 плоская цинк, Кг"
Шайба M22 DIN 125 ГОСТ 11371-78 цинк,Шайба,22.0,,DIN 125,ГОСТ 11371-78,,,цинк,шт,20.0,справочник ГОСТ,290,кг,5.8,расчёт: 290 руб/кг ÷ 50.0 шт/кг,"Шайба 22 DIN 125 ГОСТ 11371-78 плоская цинк, Кг"
Шайба M6 DIN 9021 ГОСТ 6958,Шайба,6.0,,DIN 9021,ГОСТ 6958,,,без покрытия,шт,2.3,справочник ГОСТ,308,кг,0.7084,расчёт: 308 руб/кг ÷ 434.8 шт/кг,"Шайба  6 DIN 9021 ГОСТ 6958 увеличенная без покрытия, Кг"
Шайба M30 DIN 9021 ГОСТ 6958,Шайба,30.0,,DIN 9021,ГОСТ 6958,,,без покрытия,шт,,,261,кг,,,"Шайба 30 DIN 9021 ГОСТ 6958 увеличенная без покрытия, Кг"
Шайба M3 DIN 9021 ГОСТ 6958 цинк,Шайба,3.0,,DIN 9021,ГОСТ 6958,,,цинк,шт,,,338.8,кг,,,"Шайба  3 DIN 9021 ГОСТ 6958 увеличенная цинк, Кг"
Шайба M4 DIN 9021 ГОСТ 6958 цинк,Шайба,4.0,,DIN 9021,ГОСТ 6958,,,цинк,шт,0.84,справочник ГОСТ,290,кг,0.2436,расчёт: 290 руб/кг ÷ 1190.5 шт/кг,"Шайба  4 DIN 9021 ГОСТ 6958 увеличенная цинк, Кг"
Шайба M5 DIN 9021 ГОСТ 6958 цинк,Шайба,5.0,,DIN 9021,ГОСТ 6958,,,цинк,шт,1.52,справочник ГОСТ,290,кг,0.4408,расчёт: 290 руб/кг ÷ 657.9 шт/кг,"Шайба  5 DIN 9021 ГОСТ 6958 увеличенная цинк, Кг"
Шайба M6 DIN 9021 ГОСТ 6958 цинк,Шайба,6.0,,DIN 9021,ГОСТ 6958,,,цинк,шт,2.3,справочник ГОСТ,290,кг,0.667,расчёт: 290 руб/кг ÷ 434.8 шт/кг,"Шайба  6 DIN 9021 ГОСТ 6958 увеличенная цинк, Кг"
Шайба M8 DIN 9021 ГОСТ 6958 цинк,Шайба,8.0,,DIN 9021,ГОСТ 6958,,,цинк,шт,5.25,справочник ГОСТ,290,кг,1.5225,расчёт: 290 руб/кг ÷ 190.5 шт/кг,"Шайба  8 DIN 9021 ГОСТ 6958 увеличенная цинк, Кг"
Шайба M10 DIN 9021 ГОСТ 6958 цинк,Шайба,10.0,,DIN 9021,ГОСТ 6958,,,цинк,шт,9.2,справочник ГОСТ,174,кг,1.6008,расчёт: 174 руб/кг ÷ 108.7 шт/кг,"Шайба 10 DIN 9021 ГОСТ 6958 увеличенная цинк, Кг"
Шайба M12 DIN 9021 ГОСТ 6958 цинк,Шайба,12.0,,DIN 9021,ГОСТ 6958,,,цинк,шт,14.8,справочник ГОСТ,205,кг,3.034,расчёт: 205 руб/кг ÷ 67.6 шт/кг,"Шайба 12 DIN 9021 ГОСТ 6958 увеличенная цинк, Кг"
Шайба M14 DIN 9021 ГОСТ 6958 цинк,Шайба,14.0,,DIN 9021,ГОСТ 6958,,,цинк,шт,23.0,справочник ГОСТ,174,кг,4.002,расчёт: 174 руб/кг ÷ 43.5 шт/кг,"Шайба 14 DIN 9021 ГОСТ 6958 увеличенная цинк, Кг"
Шайба M16 DIN 9021 ГОСТ 6958 цинк,Шайба,16.0,,DIN 9021,ГОСТ 6958,,,цинк,шт,31.0,справочник ГОСТ,189,кг,5.859,расчёт: 189 руб/кг ÷ 32.3 шт/кг,"Шайба 16 DIN 9021 ГОСТ 6958 увеличенная цинк, Кг"
Шайба M20 DIN 9021 ГОСТ 6958 цинк,Шайба,20.0,,DIN 9021,ГОСТ 6958,,,цинк,шт,52.0,справочник ГОСТ,232,кг,12.064,расчёт: 232 руб/кг ÷ 19.2 шт/кг,"Шайба 20 DIN 9021 ГОСТ 6958 увеличенная цинк, Кг"
Шайба M42 DIN 9021 ГОСТ 6958 цинк,Шайба,42.0,,DIN 9021,ГОСТ 6958,,,цинк,шт,,,851.69,кг,,,"Шайба 42 DIN 9021 ГОСТ 6958 увеличенная цинк, Кг"
Болт M6x16 DIN 931 ГОСТ 7798-70,Болт,6.0,16.0,DIN 931,ГОСТ 7798-70,5.8,неполная,без покрытия,шт,2.57,линейная интерполяция ГОСТ,354.2,кг,0.910294,расчёт: 354.2 руб/кг ÷ 389.1 шт/кг,"Болт  6х 16 без покрытия DIN 931 ГОСТ 7798-70 КЛ.ПР.5.8 резьба неполная,"
Болт M6x20 DIN 931 ГОСТ 7798-70,Болт,6.0,20.0,DIN 931,ГОСТ 7798-70,5.8,неполная,без покрытия,шт,3.14,линейная интерполяция ГОСТ,269.7,кг,0.846858,расчёт: 269.7 руб/кг ÷ 318.5 шт/кг,"Болт  6х 20 без покрытия DIN 931 ГОСТ 7798-70 КЛ.ПР.5.8 резьба неполная,"
Болт M6x25 DIN 931 ГОСТ 7798-70,Болт,6.0,25.0,DIN 931,ГОСТ 7798-70,5.8,неполная,без покрытия,шт,3.85,линейная интерполяция ГОСТ,227.65,кг,0.876453,расчёт: 227.65 руб/кг ÷ 259.7 шт/кг,"Болт  6х 25 без покрытия DIN 931 ГОСТ 7798-70 КЛ.ПР.5.8 резьба неполная,"
Болт M6x30 DIN 931 ГОСТ 7798-70,Болт,6.0,30.0,DIN 931,ГОСТ 7798-70,5.8,неполная,без покрытия,шт,4.56,линейная интерполяция ГОСТ,229.85,кг,1.048116,расчёт: 229.85 руб/кг ÷ 219.3 шт/кг,"Болт  6х 30 без покрытия DIN 931 ГОСТ 7798-70 КЛ.ПР.5.8 резьба неполная,"
Болт M6x35 DIN 931 ГОСТ 7798-70,Болт,6.0,35.0,DIN 931,ГОСТ 7798-70,5.8,неполная,без покрытия,шт,5.27,линейная интерполяция ГОСТ,238.02,кг,1.254365,расчёт: 238.02 руб/кг ÷ 189.8 шт/кг,"Болт  6х 35 без покрытия DIN 931 ГОСТ 7798-70 КЛ.ПР.5.8 резьба неполная,"
Болт M6x45 DIN 931 ГОСТ 7798-70,Болт,6.0,45.0,DIN 931,ГОСТ 7798-70,5.8,неполная,без покрытия,шт,6.69,линейная интерполяция ГОСТ,195.27,кг,1.306356,расчёт: 195.27 руб/кг ÷ 149.5 шт/кг,"Болт  6х 45 без покрытия DIN 931 ГОСТ 7798-70 КЛ.ПР.5.8 резьба неполная,"
Болт M6x50 DIN 931 ГОСТ 7798-70,Болт,6.0,50.0,DIN 931,ГОСТ 7798-70,5.8,неполная,без покрытия,шт,7.4,линейная интерполяция ГОСТ,308.0,кг,2.2792,расчёт: 308.0 руб/кг ÷ 135.1 шт/кг,"Болт  6х 50 без покрытия DIN 931 ГОСТ 7798-70 КЛ.ПР.5.8 резьба неполная,"
Болт M6x55 DIN 931 ГОСТ 7798-70,Болт,6.0,55.0,DIN 931,ГОСТ 7798-70,5.8,неполная,без покрытия,шт,8.11,линейная интерполяция ГОСТ,195.27,кг,1.58364,расчёт: 195.27 руб/кг ÷ 123.3 шт/кг,"Болт  6х 55 без покрытия DIN 931 ГОСТ 7798-70 КЛ.ПР.5.8 резьба неполная,"
Болт M6x65 DIN 931 ГОСТ 7798-70,Болт,6.0,65.0,DIN 931,ГОСТ 7798-70,5.8,неполная,без покрытия,шт,9.53,линейная интерполяция ГОСТ,184.8,кг,1.761144,расчёт: 184.8 руб/кг ÷ 104.9 шт/кг,"Болт  6х 65 без покрытия DIN 931 ГОСТ 7798-70 КЛ.ПР.5.8 резьба неполная,"
Болт M8x30 DIN 931 ГОСТ 7798-70,Болт,8.0,30.0,DIN 931,ГОСТ 7798-70,5.8,неполная,без покрытия,шт,9.97,линейная интерполяция ГОСТ,232.0,кг,2.31304,расчёт: 232.0 руб/кг ÷ 100.3 шт/кг,"Болт  8х 30 без покрытия DIN 931 ГОСТ 7798-70 КЛ.ПР.5.8 резьба неполная,"
Болт M8x45 DIN 931 ГОСТ 7798-70,Болт,8.0,45.0,DIN 931,ГОСТ 7798-70,5.8,неполная,без покрытия,шт,14.8,линейная интерполяция ГОСТ,233.43,кг,3.454764,расчёт: 233.43 руб/кг ÷ 67.6 шт/кг,"Болт  8х 45 без покрытия DIN 931 ГОСТ 7798-70 КЛ.ПР.5.8 резьба неполная,"
Болт M8x50 DIN 931 ГОСТ 7798-70,Болт,8.0,50.0,DIN 931,ГОСТ 7798-70,5.8,неполная,без покрытия,шт,16.41,линейная интерполяция ГОСТ,171.6,кг,2.815956,расчёт: 171.6 руб/кг ÷ 60.9 шт/кг,"Болт  8х 50 без покрытия DIN 931 ГОСТ 7798-70 КЛ.ПР.5.8 резьба неполная,"
Болт M8x55 DIN 931 ГОСТ 7798-70,Болт,8.0,55.0,DIN 931,ГОСТ 7798-70,5.8,неполная,без покрытия,шт,18.02,линейная интерполяция ГОСТ,171.6,кг,3.092232,расчёт: 171.6 руб/кг ÷ 55.5 шт/кг,"Болт  8х 55 без покрытия DIN 931 ГОСТ 7798-70 КЛ.ПР.5.8 резьба неполная,"
Болт M8x70 DIN 931 ГОСТ 7798-70,Болт,8.0,70.0,DIN 931,ГОСТ 7798-70,5.8,неполная,без покрытия,шт,22.84,линейная интерполяция ГОСТ,185.9,кг,4.245956,расчёт: 185.9 руб/кг ÷ 43.8 шт/кг,"Болт  8х 70 без покрытия DIN 931 ГОСТ 7798-70 КЛ.ПР.5.8 резьба неполная,"
Болт M8x90 DIN 931 ГОСТ 7798-70,Болт,8.0,90.0,DIN 931,ГОСТ 7798-70,5.8,неполная,без покрытия,шт,29.28,линейная интерполяция ГОСТ,181.25,кг,5.307,расчёт: 181.25 руб/кг ÷ 34.2 шт/кг,"Болт  8х 90 без покрытия DIN 931 ГОСТ 7798-70 КЛ.ПР.5.8 резьба неполная,"
Болт M10x20 DIN 931 ГОСТ 7798-70,Болт,10.0,20.0,DIN 931,ГОСТ 7798-70,5.8,неполная,без покрытия,шт,11.5,линейная интерполяция ГОСТ,246.4,кг,2.8336,расчёт: 246.4 руб/кг ÷ 87.0 шт/кг,"Болт 10х 20 без покрытия DIN 931 ГОСТ 7798-70 КЛ.ПР.5.8 резьба неполная,"
Болт M10x25 DIN 931 ГОСТ 7798-70,Болт,10.0,25.0,DIN 931,ГОСТ 7798-70,5.8,неполная,без покрытия,шт,14.3,линейная интерполяция ГОСТ,218.0,кг,3.1174,расчёт: 218.0 руб/кг ÷ 69.9 шт/кг,"Болт 10х 25 без покрытия DIN 931 ГОСТ 7798-70 КЛ.ПР.5.8 резьба неполная,"
Болт M10x35 DIN 931 ГОСТ 7798-70,Болт,10.0,35.0,DIN 931,ГОСТ 7798-70,5.8,неполная,без покрытия,шт,19.9,линейная интерполяция ГОСТ,214.5,кг,4.26855,расчёт: 214.5 руб/кг ÷ 50.3 шт/кг,"Болт 10х 35 без покрытия DIN 931 ГОСТ 7798-70 КЛ.ПР.5.8 резьба неполная,"
Болт M10x45 DIN 931 ГОСТ 7798-70,Болт,10.0,45.0,DIN 931,ГОСТ 7798-70,5.8,неполная,без покрытия,шт,25.5,линейная интерполяция ГОСТ,217.5,кг,5.54625,расчёт: 217.5 руб/кг ÷ 39.2 шт/кг,"Болт 10х 45 без покрытия DIN 931 ГОСТ 7798-70 КЛ.ПР.5.8 резьба неполная,"
Болт M10x55 DIN 931 ГОСТ 7798-70,Болт,10.0,55.0,DIN 931,ГОСТ 7798-70,5.8,неполная,без покрытия,шт,31.1,линейная интерполяция ГОСТ,308.0,кг,9.5788,расчёт: 308.0 руб/кг ÷ 32.2 шт/кг,"Болт 10х 55 без покрытия DIN 931 ГОСТ 7798-70 КЛ.ПР.5.8 резьба неполная,"
Болт M10x75 DIN 931 ГОСТ 7798-70,Болт,10.0,75.0,DIN 931,ГОСТ 7798-70,5.8,неполная,без покрытия,шт,42.3,линейная интерполяция ГОСТ,202.51,кг,8.566173,расчёт: 202.51 руб/кг ÷ 23.6 шт/кг,"Болт 10х 75 без покрытия DIN 931 ГОСТ 7798-70 КЛ.ПР.5.8 резьба неполная,"
Болт M10x85 DIN 931 ГОСТ 7798-70,Болт,10.0,85.0,DIN 931,ГОСТ 7798-70,5.8,неполная,без покрытия,шт,47.9,линейная интерполяция ГОСТ,202.51,кг,9.700229,расчёт: 202.51 руб/кг ÷ 20.9 шт/кг,"Болт 10х 85 без покрытия DIN 931 ГОСТ 7798-70 КЛ.ПР.5.8 резьба неполная,"
Болт M10x90 DIN 931 ГОСТ 7798-70,Болт,10.0,90.0,DIN 931,ГОСТ 7798-70,5.8,неполная,без покрытия,шт,50.7,линейная интерполяция ГОСТ,185.9,кг,9.42513,расчёт: 185.9 руб/кг ÷ 19.7 шт/кг,"Болт 10х 90 без покрытия DIN 931 ГОСТ 7798-70 КЛ.ПР.5.8 резьба неполная,"
Болт M10x95 DIN 931 ГОСТ 7798-70,Болт,10.0,95.0,DIN 931,ГОСТ 7798-70,5.8,неполная,без покрытия,шт,53.5,линейная интерполяция ГОСТ,265.65,кг,14.212275,расчёт: 265.65 руб/кг ÷ 18.7 шт/кг,"Болт 10х 95 без покрытия DIN 931 ГОСТ 7798-70 КЛ.ПР.5.8 резьба неполная,"
Болт M10x100 DIN 931 ГОСТ 7798-70,Болт,10.0,100.0,DIN 931,ГОСТ 7798-70,5.8,неполная,без покрытия,шт,56.3,линейная интерполяция ГОСТ,228.8,кг,12.88144,расчёт: 228.8 руб/кг ÷ 17.8 шт/кг,"Болт 10х100 без покрытия DIN 931 ГОСТ 7798-70 КЛ.ПР.5.8 резьба неполная,"
Болт M10x110 DIN 931 ГОСТ 7798-70,Болт,10.0,110.0,DIN 931,ГОСТ 7798-70,5.8,неполная,без покрытия,шт,61.9,линейная интерполяция ГОСТ,246.4,кг,15.25216,расчёт: 246.4 руб/кг ÷ 16.2 шт/кг,"Болт 10х110 без покрытия DIN 931 ГОСТ 7798-70 КЛ.ПР.5.8 резьба неполная,"
Болт M10x115 DIN 931 ГОСТ 7798-70,Болт,10.0,115.0,DIN 931,ГОСТ 7798-70,5.8,неполная,без покрытия,шт,64.7,линейная интерполяция ГОСТ,200.2,кг,12.95294,расчёт: 200.2 руб/кг ÷ 15.5 шт/кг,"Болт 10х115 без покрытия DIN 931 ГОСТ 7798-70 КЛ.ПР.5.8 резьба неполная,"
Болт M10x120 DIN 931 ГОСТ 7798-70,Болт,10.0,120.0,DIN 931,ГОСТ 7798-70,5.8,неполная,без покрытия,шт,67.5,линейная интерполяция ГОСТ,261.8,кг,17.6715,расчёт: 261.8 руб/кг ÷ 14.8 шт/кг,"Болт 10х120 без покрытия DIN 931 ГОСТ 7798-70 КЛ.ПР.5.8 резьба неполная,"
Болт M10x130 DIN 931 ГОСТ 7798-70,Болт,10.0,130.0,DIN 931,ГОСТ 7798-70,5.8,неполная,без покрытия,шт,73.1,линейная интерполяция ГОСТ,210.02,кг,15.352462,расчёт: 210.02 руб/кг ÷ 13.7 шт/кг,"Болт 10х130 без покрытия DIN 931 ГОСТ 7798-70 КЛ.ПР.5.8 резьба неполная,"
Болт M10x150 DIN 931 ГОСТ 7798-70,Болт,10.0,150.0,DIN 931,ГОСТ 7798-70,5.8,неполная,без покрытия,шт,84.3,линейная интерполяция ГОСТ,224.75,кг,18.946425,расчёт: 224.75 руб/кг ÷ 11.9 шт/кг,"Болт 10х150 без покрытия DIN 931 ГОСТ 7798-70 КЛ.ПР.5.8 резьба неполная,"
Болт M12x25 DIN 931 ГОСТ 7798-70,Болт,12.0,25.0,DIN 931,ГОСТ 7798-70,5.8,неполная,без покрытия,шт,24.8,линейная интерполяция ГОСТ,246.4,кг,6.11072,расчёт: 246.4 руб/кг ÷ 40.3 шт/кг,"Болт 12х 25 без покрытия DIN 931 ГОСТ 7798-70 КЛ.ПР.5.8 резьба неполная,"
Болт M12x30 DIN 931 ГОСТ 7798-70,Болт,12.0,30.0,DIN 931,ГОСТ 7798-70,5.8,неполная,без покрытия,шт,29.7,линейная интерполяция ГОСТ,214.5,кг,6.37065,расчёт: 214.5 руб/кг ÷ 33.7 шт/кг,"Болт 12х 30 без покрытия DIN 931 ГОСТ 7798-70 КЛ.ПР.5.8 резьба неполная,"
Болт M12x50 DIN 931 ГОСТ 7798-70,Болт,12.0,50.0,DIN 931,ГОСТ 7798-70,5.8,неполная,без покрытия,шт,49.3,линейная интерполяция ГОСТ,188.5,кг,9.29305,расчёт: 188.5 руб/кг ÷ 20.3 шт/кг,"Болт 12х 50 без покрытия DIN 931 ГОСТ 7798-70 КЛ.ПР.5.8 резьба неполная,"
Болт M12x55 DIN 933 ГОСТ 7798-70,Болт,12.0,55.0,DIN 933,ГОСТ 7798-70,5.8,полная,без покрытия,шт,54.2,линейная интерполяция ГОСТ,265.65,кг,14.39823,расчёт: 265.65 руб/кг ÷ 18.5 шт/кг,"Болт 12х 55 без покрытия DIN 933 ГОСТ 7798-70 КЛ.ПР.5.8 резьба полная,"
Болт M12x70 DIN 931 ГОСТ 7798-70,Болт,12.0,70.0,DIN 931,ГОСТ 7798-70,5.8,неполная,без покрытия,шт,68.9,линейная интерполяция ГОСТ,203.0,кг,13.9867,расчёт: 203.0 руб/кг ÷ 14.5 шт/кг,"Болт 12х 70 без покрытия DIN 931 ГОСТ 7798-70 КЛ.ПР.5.8 резьба неполная,"
Болт M12x110 DIN 931 ГОСТ 7798-70,Болт,12.0,110.0,DIN 931,ГОСТ 7798-70,5.8,неполная,без покрытия,шт,108.1,линейная интерполяция ГОСТ,220.68,кг,23.855508,расчёт: 220.68 руб/кг ÷ 9.3 шт/кг,"Болт 12х110 без покрытия DIN 931 ГОСТ 7798-70 КЛ.ПР.5.8 резьба неполная,"
Болт M12x115 DIN 931 ГОСТ 7798-70,Болт,12.0,115.0,DIN 931,ГОСТ 7798-70,5.8,неполная,без покрытия,шт,113.0,линейная интерполяция ГОСТ,240.56,кг,27.18328,расчёт: 240.56 руб/кг ÷ 8.8 шт/кг,"Болт 12х115 без покрытия DIN 931 ГОСТ 7798-70 КЛ.ПР.5.8 резьба неполная,"
Болт M12x120 DIN 931 ГОСТ 7798-70,Болт,12.0,120.0,DIN 931,ГОСТ 7798-70,5.8,неполная,без покрытия,шт,117.9,линейная интерполяция ГОСТ,171.6,кг,20.23164,расчёт: 171.6 руб/кг ÷ 8.5 шт/кг,"Болт 12х120 без покрытия DIN 931 ГОСТ 7798-70 КЛ.ПР.5.8 резьба неполная,"
Болт M12x125 DIN 931 ГОСТ 7798-70,Болт,12.0,125.0,DIN 931,ГОСТ 7798-70,5.8,неполная,без покрытия,шт,122.8,линейная интерполяция ГОСТ,230.23,кг,28.272244,расчёт: 230.23 руб/кг ÷ 8.1 шт/кг,"Болт 12х125 без покрытия DIN 931 ГОСТ 7798-70 КЛ.ПР.5.8 резьба неполная,"
Болт M12x130 DIN 931 ГОСТ 7798-70,Болт,12.0,130.0,DIN 931,ГОСТ 7798-70,5.8,неполная,без покрытия,шт,127.7,линейная интерполяция ГОСТ,257.4,кг,32.86998,расчёт: 257.4 руб/кг ÷ 7.8 шт/кг,"Болт 12х130 без покрытия DIN 931 ГОСТ 7798-70 КЛ.ПР.5.8 резьба неполная,"
Болт M12x135 DIN 931 ГОСТ 7798-70,Болт,12.0,135.0,DIN 931,ГОСТ 7798-70,5.8,неполная,без покрытия,шт,132.6,линейная интерполяция ГОСТ,265.65,кг,35.22519,расчёт: 265.65 руб/кг ÷ 7.5 шт/кг,"Болт 12х135 без покрытия DIN 931 ГОСТ 7798-70 КЛ.ПР.5.8 резьба неполная,"
Болт M12x200 DIN 931 ГОСТ 7798-70,Болт,12.0,200.0,DIN 931,ГОСТ 7798-70,5.8,неполная,без покрытия,шт,196.3,линейная интерполяция ГОСТ,298.13,кг,58.522919,расчёт: 298.13 руб/кг ÷ 5.1 шт/кг,"Болт 12х200 без покрытия DIN 931 ГОСТ 7798-70 КЛ.ПР.5.8 резьба неполная,"
Болт M14x35 DIN 931 ГОСТ 7798-70,Болт,14.0,35.0,DIN 931,ГОСТ 7798-70,5.8,неполная,без покрытия,шт,54.7,линейная интерполяция ГОСТ,260.35,кг,14.241145,расчёт: 260.35 руб/кг ÷ 18.3 шт/кг,"Болт 14х 35 без покрытия DIN 931 ГОСТ 7798-70 КЛ.ПР.5.8 резьба неполная,"
Болт M14x40 DIN 931 ГОСТ 7798-70,Болт,14.0,40.0,DIN 931,ГОСТ 7798-70,5.8,неполная,без покрытия,шт,62.4,линейная интерполяция ГОСТ,217.5,кг,13.572,расчёт: 217.5 руб/кг ÷ 16.0 шт/кг,"Болт 14х 40 без покрытия DIN 931 ГОСТ 7798-70 КЛ.ПР.5.8 резьба неполная,"
Болт M14x45 DIN 931 ГОСТ 7798-70,Болт,14.0,45.0,DIN 931,ГОСТ 7798-70,5.8,неполная,без покрытия,шт,70.1,линейная интерполяция ГОСТ,268.47,кг,18.819747,расчёт: 268.47 руб/кг ÷ 14.3 шт/кг,"Болт 14х 45 без покрытия DIN 931 ГОСТ 7798-70 КЛ.ПР.5.8 резьба неполная,"
Болт M14x55 DIN 931 ГОСТ 7798-70,Болт,14.0,55.0,DIN 931,ГОСТ 7798-70,5.8,неполная,без покрытия,шт,85.5,линейная интерполяция ГОСТ,211.87,кг,18.114885,расчёт: 211.87 руб/кг ÷ 11.7 шт/кг,"Болт 14х 55 без покрытия DIN 931 ГОСТ 7798-70 КЛ.ПР.5.8 резьба неполная,"
Болт M14x75 DIN 931 ГОСТ 7798-70,Болт,14.0,75.0,DIN 931,ГОСТ 7798-70,5.8,неполная,без покрытия,шт,116.3,линейная интерполяция ГОСТ,206.82,кг,24.053166,расчёт: 206.82 руб/кг ÷ 8.6 шт/кг,"Болт 14х 75 без покрытия DIN 931 ГОСТ 7798-70 КЛ.ПР.5.8 резьба неполная,"
Болт M14x120 DIN 931 ГОСТ 7798-70,Болт,14.0,120.0,DIN 931,ГОСТ 7798-70,5.8,неполная,без покрытия,шт,185.6,линейная интерполяция ГОСТ,243.1,кг,45.11936,расчёт: 243.1 руб/кг ÷ 5.4 шт/кг,"Болт 14х120 без покрытия DIN 931 ГОСТ 7798-70 КЛ.ПР.5.8 резьба неполная,"
Болт M14x140 DIN 931 ГОСТ 7798-70,Болт,14.0,140.0,DIN 931,ГОСТ 7798-70,5.8,неполная,без покрытия,шт,216.4,линейная интерполяция ГОСТ,184.8,кг,39.99072,расчёт: 184.8 руб/кг ÷ 4.6 шт/кг,"Болт 14х140 без покрытия DIN 931 ГОСТ 7798-70 КЛ.ПР.5.8 резьба неполная,"
Болт M16x20 DIN 931 ГОСТ 7798-70,Болт,16.0,20.0,DIN 931,ГОСТ 7798-70,5.8,неполная,без покрытия,шт,44.6,линейная интерполяция ГОСТ,265.65,кг,11.84799,расчёт: 265.65 руб/кг ÷ 22.4 шт/кг,"Болт 16х 20 без покрытия DIN 931 ГОСТ 7798-70 КЛ.ПР.5.8 резьба неполная,"
Болт M16x35 DIN 931 ГОСТ 7798-70,Болт,16.0,35.0,DIN 931,ГОСТ 7798-70,5.8,неполная,без покрытия,шт,76.7,линейная интерполяция ГОСТ,207.54,кг,15.918318,расчёт: 207.54 руб/кг ÷ 13.0 шт/кг,"Болт 16х 35 без покрытия DIN 931 ГОСТ 7798-70 КЛ.ПР.5.8 резьба неполная,"
Болт M16x65 DIN 931 ГОСТ 7798-70,Болт,16.0,65.0,DIN 931,ГОСТ 7798-70,5.8,неполная,без покрытия,шт,140.9,линейная интерполяция ГОСТ,178.75,кг,25.185875,расчёт: 178.75 руб/кг ÷ 7.1 шт/кг,"Болт 16х 65 без покрытия DIN 931 ГОСТ 7798-70 КЛ.ПР.5.8 резьба неполная,"
Болт M16x120 DIN 931 ГОСТ 7798-70,Болт,16.0,120.0,DIN 931,ГОСТ 7798-70,5.8,неполная,без покрытия,шт,258.6,линейная интерполяция ГОСТ,178.75,кг,46.22475,расчёт: 178.75 руб/кг ÷ 3.9 шт/кг,"Болт 16х120 без покрытия DIN 931 ГОСТ 7798-70 КЛ.ПР.5.8 резьба неполная,"
Болт M16x140 DIN 931 ГОСТ 7798-70,Болт,16.0,140.0,DIN 931,ГОСТ 7798-70,5.8,неполная,без покрытия,шт,301.4,линейная интерполяция ГОСТ,223.08,кг,67.236312,расчёт: 223.08 руб/кг ÷ 3.3 шт/кг,"Болт 16х140 без покрытия DIN 931 ГОСТ 7798-70 КЛ.ПР.5.8 резьба неполная,"
Болт M16x170 DIN 931 ГОСТ 7798-70,Болт,16.0,170.0,DIN 931,ГОСТ 7798-70,5.8,неполная,без покрытия,шт,365.6,линейная интерполяция ГОСТ,219.76,кг,80.344256,расчёт: 219.76 руб/кг ÷ 2.7 шт/кг,"Болт 16х170 без покрытия DIN 931 ГОСТ 7798-70 КЛ.ПР.5.8 резьба неполная,"
Болт M18x40 DIN 931 ГОСТ 7798-70,Болт,18.0,40.0,DIN 931,ГОСТ 7798-70,5.8,неполная,без покрытия,шт,121.0,линейная интерполяция ГОСТ,301.07,кг,36.42947,расчёт: 301.07 руб/кг ÷ 8.3 шт/кг,"Болт 18х 40 без покрытия DIN 931 ГОСТ 7798-70 КЛ.ПР.5.8 резьба неполная,"
Болт M18x50 DIN 931 ГОСТ 7798-70,Болт,18.0,50.0,DIN 931,ГОСТ 7798-70,5.8,неполная,без покрытия,шт,149.0,линейная интерполяция ГОСТ,214.5,кг,31.9605,расчёт: 214.5 руб/кг ÷ 6.7 шт/кг,"Болт 18х 50 без покрытия DIN 931 ГОСТ 7798-70 КЛ.ПР.5.8 резьба неполная,"
Болт M18x60 DIN 931 ГОСТ 7798-70,Болт,18.0,60.0,DIN 931,ГОСТ 7798-70,5.8,неполная,без покрытия,шт,177.0,линейная интерполяция ГОСТ,228.8,кг,40.4976,расчёт: 228.8 руб/кг ÷ 5.6 шт/кг,"Болт 18х 60 без покрытия DIN 931 ГОСТ 7798-70 КЛ.ПР.5.8 резьба неполная,"
Болт M18x100 DIN 931 ГОСТ 7798-70,Болт,18.0,100.0,DIN 931,ГОСТ 7798-70,5.8,неполная,без покрытия,шт,289.0,линейная интерполяция ГОСТ,290.0,кг,83.81,расчёт: 290.0 руб/кг ÷ 3.5 шт/кг,"Болт 18х100 без покрытия DIN 931 ГОСТ 7798-70 КЛ.ПР.5.8 резьба неполная,"
Болт M18x150 DIN 931 ГОСТ 7798-70,Болт,18.0,150.0,DIN 931,ГОСТ 7798-70,5.8,неполная,без покрытия,шт,429.0,линейная интерполяция ГОСТ,228.8,кг,98.1552,расчёт: 228.8 руб/кг ÷ 2.3 шт/кг,"Болт 18х150 без покрытия DIN 931 ГОСТ 7798-70 КЛ.ПР.5.8 резьба неполная,"
Болт M20x45 DIN 931 ГОСТ 7798-70,Болт,20.0,45.0,DIN 931,ГОСТ 7798-70,5.8,неполная,без покрытия,шт,181.0,линейная интерполяция ГОСТ,228.8,кг,41.4128,расчёт: 228.8 руб/кг ÷ 5.5 шт/кг,"Болт 20х 45 без покрытия DIN 931 ГОСТ 7798-70 КЛ.ПР.5.8 резьба неполная,"
Болт M20x55 DIN 931 ГОСТ 7798-70,Болт,20.0,55.0,DIN 931,ГОСТ 7798-70,5.8,неполная,без покрытия,шт,217.0,линейная интерполяция ГОСТ,184.8,кг,40.1016,расчёт: 184.8 руб/кг ÷ 4.6 шт/кг,"Болт 20х 55 без покрытия DIN 931 ГОСТ 7798-70 КЛ.ПР.5.8 резьба неполная,"
Болт M20x60 DIN 931 ГОСТ 7798-70,Болт,20.0,60.0,DIN 931,ГОСТ 7798-70,5.8,неполная,без покрытия,шт,235.0,линейная интерполяция ГОСТ,207.35,кг,48.72725,расчёт: 207.35 руб/кг ÷ 4.3 шт/кг,"Болт 20х 60 без покрытия DIN 931 ГОСТ 7798-70 КЛ.ПР.5.8 резьба неполная,"
Болт M20x85 DIN 933 ГОСТ 7798-70,Болт,20.0,85.0,DIN 933,ГОСТ 7798-70,5.8,полная,без покрытия,шт,325.0,линейная интерполяция ГОСТ,154.0,кг,50.05,расчёт: 154.0 руб/кг ÷ 3.1 шт/кг,"Болт 20х 85 без покрытия DIN 933 ГОСТ 7798-70 КЛ.ПР.5.8 резьба полная,"
Болт M20x100 DIN 931 ГОСТ 7798-70,Болт,20.0,100.0,DIN 931,ГОСТ 7798-70,5.8,неполная,без покрытия,шт,379.0,линейная интерполяция ГОСТ,214.5,кг,81.2955,расчёт: 214.5 руб/кг ÷ 2.6 шт/кг,"Болт 20х100 без покрытия DIN 931 ГОСТ 7798-70 КЛ.ПР.5.8 резьба неполная,"
Болт M20x130 DIN 931 ГОСТ 7798-70,Болт,20.0,130.0,DIN 931,ГОСТ 7798-70,5.8,неполная,без покрытия,шт,487.0,линейная интерполяция ГОСТ,214.5,кг,104.4615,расчёт: 214.5 руб/кг ÷ 2.1 шт/кг,"Болт 20х130 без покрытия DIN 931 ГОСТ 7798-70 КЛ.ПР.5.8 резьба неполная,"
Болт M20x160 DIN 931 ГОСТ 7798-70,Болт,20.0,160.0,DIN 931,ГОСТ 7798-70,5.8,неполная,без покрытия,шт,595.0,линейная интерполяция ГОСТ,217.5,кг,129.4125,расчёт: 217.5 руб/кг ÷ 1.7 шт/кг,"Болт 20х160 без покрытия DIN 931 ГОСТ 7798-70 КЛ.ПР.5.8 резьба неполная,"
Болт M20x170 DIN 931 ГОСТ 7798-70,Болт,20.0,170.0,DIN 931,ГОСТ 7798-70,5.8,неполная,без покрытия,шт,631.0,линейная интерполяция ГОСТ,179.84,кг,113.47904,расчёт: 179.84 руб/кг ÷ 1.6 шт/кг,"Болт 20х170 без покрытия DIN 931 ГОСТ 7798-70 КЛ.ПР.5.8 резьба неполная,"
Болт M20x190 DIN 931 ГОСТ 7798-70,Болт,20.0,190.0,DIN 931,ГОСТ 7798-70,5.8,неполная,без покрытия,шт,703.0,линейная интерполяция ГОСТ,203.58,кг,143.11674,расчёт: 203.58 руб/кг ÷ 1.4 шт/кг,"Болт 20х190 без покрытия DIN 931 ГОСТ 7798-70 КЛ.ПР.5.8 резьба неполная,"
Болт M22x60 DIN 931 ГОСТ 7798-70,Болт,22.0,60.0,DIN 931,ГОСТ 7798-70,5.8,неполная,без покрытия,шт,303.0,линейная интерполяция ГОСТ,228.8,кг,69.3264,расчёт: 228.8 руб/кг ÷ 3.3 шт/кг,"Болт 22х 60 без покрытия DIN 931 ГОСТ 7798-70 КЛ.ПР.5.8 резьба неполная,"
Болт M22x80 DIN 931 ГОСТ 7798-70,Болт,22.0,80.0,DIN 931,ГОСТ 7798-70,5.8,неполная,без покрытия,шт,395.0,линейная интерполяция ГОСТ,228.8,кг,90.376,расчёт: 228.8 руб/кг ÷ 2.5 шт/кг,"Болт 22х 80 без покрытия DIN 931 ГОСТ 7798-70 КЛ.ПР.5.8 резьба неполная,"
Болт M22x100 DIN 931 ГОСТ 7798-70,Болт,22.0,100.0,DIN 931,ГОСТ 7798-70,5.8,неполная,без покрытия,шт,487.0,линейная интерполяция ГОСТ,228.8,кг,111.4256,расчёт: 228.8 руб/кг ÷ 2.1 шт/кг,"Болт 22х100 без покрытия DIN 931 ГОСТ 7798-70 КЛ.ПР.5.8 резьба неполная,"
Болт M22x110 DIN 931 ГОСТ 7798-70,Болт,22.0,110.0,DIN 931,ГОСТ 7798-70,5.8,неполная,без покрытия,шт,533.0,линейная интерполяция ГОСТ,214.5,кг,114.3285,расчёт: 214.5 руб/кг ÷ 1.9 шт/кг,"Болт 22х110 без покрытия DIN 931 ГОСТ 7798-70 КЛ.ПР.5.8 резьба неполная,"
Болт M22x120 DIN 931 ГОСТ 7798-70,Болт,22.0,120.0,DIN 931,ГОСТ 7798-70,5.8,неполная,без покрытия,шт,579.0,линейная интерполяция ГОСТ,207.35,кг,120.05565,расчёт: 207.35 руб/кг ÷ 1.7 шт/кг,"Болт 22х120 без покрытия DIN 931 ГОСТ 7798-70 КЛ.ПР.5.8 резьба неполная,"
Болт M22x130 DIN 931 ГОСТ 7798-70,Болт,22.0,130.0,DIN 931,ГОСТ 7798-70,5.8,неполная,без покрытия,шт,625.0,линейная интерполяция ГОСТ,207.35,кг,129.59375,расчёт: 207.35 руб/кг ÷ 1.6 шт/кг,"Болт 22х130 без покрытия DIN 931 ГОСТ 7798-70 КЛ.ПР.5.8 резьба неполная,"
Болт M22x140 DIN 931 ГОСТ 7798-70,Болт,22.0,140.0,DIN 931,ГОСТ 7798-70,5.8,неполная,без покрытия,шт,671.0,линейная интерполяция ГОСТ,228.8,кг,153.5248,расчёт: 228.8 руб/кг ÷ 1.5 шт/кг,"Болт 22х140 без покрытия DIN 931 ГОСТ 7798-70 КЛ.ПР.5.8 резьба неполная,"
Болт M22x150 DIN 931 ГОСТ 7798-70,Болт,22.0,150.0,DIN 931,ГОСТ 7798-70,5.8,неполная,без покрытия,шт,717.0,линейная интерполяция ГОСТ,265.65,кг,190.47105,расчёт: 265.65 руб/кг ÷ 1.4 шт/кг,"Болт 22х150 без покрытия DIN 931 ГОСТ 7798-70 КЛ.ПР.5.8 резьба неполная,"
Болт M22x160 DIN 931 ГОСТ 7798-70,Болт,22.0,160.0,DIN 931,ГОСТ 7798-70,5.8,неполная,без покрытия,шт,763.0,линейная интерполяция ГОСТ,265.65,кг,202.69095,расчёт: 265.65 руб/кг ÷ 1.3 шт/кг,"Болт 22х160 без покрытия DIN 931 ГОСТ 7798-70 КЛ.ПР.5.8 резьба неполная,"
Болт M24x65 DIN 931 ГОСТ 7798-70,Болт,24.0,65.0,DIN 931,ГОСТ 7798-70,5.8,неполная,без покрытия,шт,428.0,линейная интерполяция ГОСТ,154.0,кг,65.912,расчёт: 154.0 руб/кг ÷ 2.3 шт/кг,"Болт 24х 65 без покрытия DIN 931 ГОСТ 7798-70 КЛ.ПР.5.8 резьба неполная,"
Болт M24x80 DIN 933 ГОСТ 7798-70,Болт,24.0,80.0,DIN 933,ГОСТ 7798-70,5.8,полная,без покрытия,шт,518.0,линейная интерполяция ГОСТ,247.94,кг,128.43292,расчёт: 247.94 руб/кг ÷ 1.9 шт/кг,"Болт 24х 80 без покрытия DIN 933 ГОСТ 7798-70 КЛ.ПР.5.8 резьба полная,"
Болт M24x85 DIN 931 ГОСТ 7798-70,Болт,24.0,85.0,DIN 931,ГОСТ 7798-70,5.8,неполная,без покрытия,шт,548.0,линейная интерполяция ГОСТ,154.0,кг,84.392,расчёт: 154.0 руб/кг ÷ 1.8 шт/кг,"Болт 24х 85 без покрытия DIN 931 ГОСТ 7798-70 КЛ.ПР.5.8 резьба неполная,"
Болт M24x90 DIN 931 ГОСТ 7798-70,Болт,24.0,90.0,DIN 931,ГОСТ 7798-70,5.8,неполная,без покрытия,шт,578.0,линейная интерполяция ГОСТ,214.5,кг,123.981,расчёт: 214.5 руб/кг ÷ 1.7 шт/кг,"Болт 24х 90 без покрытия DIN 931 ГОСТ 7798-70 КЛ.ПР.5.8 резьба неполная,"
Болт M24x95 DIN 931 ГОСТ 7798-70,Болт,24.0,95.0,DIN 931,ГОСТ 7798-70,5.8,неполная,без покрытия,шт,608.0,линейная интерполяция ГОСТ,265.65,кг,161.5152,расчёт: 265.65 руб/кг ÷ 1.6 шт/кг,"Болт 24х 95 без покрытия DIN 931 ГОСТ 7798-70 КЛ.ПР.5.8 резьба неполная,"
Болт M24x110 DIN 931 ГОСТ 7798-70,Болт,24.0,110.0,DIN 931,ГОСТ 7798-70,5.8,неполная,без покрытия,шт,698.0,линейная интерполяция ГОСТ,154.0,кг,107.492,расчёт: 154.0 руб/кг ÷ 1.4 шт/кг,"Болт 24х110 без покрытия DIN 931 ГОСТ 7798-70 КЛ.ПР.5.8 резьба неполная,"
Болт M24x130 DIN 931 ГОСТ 7798-70,Болт,24.0,130.0,DIN 931,ГОСТ 7798-70,5.8,неполная,без покрытия,шт,818.0,линейная интерполяция ГОСТ,214.5,кг,175.461,расчёт: 214.5 руб/кг ÷ 1.2 шт/кг,"Болт 24х130 без покрытия DIN 931 ГОСТ 7798-70 КЛ.ПР.5.8 резьба неполная,"
Болт M24x150 DIN 931 ГОСТ 7798-70,Болт,24.0,150.0,DIN 931,ГОСТ 7798-70,5.8,неполная,без покрытия,шт,938.0,линейная интерполяция ГОСТ,228.8,кг,214.6144,расчёт: 228.8 руб/кг ÷ 1.1 шт/кг,"Болт 24х150 без покрытия DIN 931 ГОСТ 7798-70 КЛ.ПР.5.8 резьба неполная,"
Болт M24x170 DIN 931 ГОСТ 7798-70,Болт,24.0,170.0,DIN 931,ГОСТ 7798-70,5.8,неполная,без покрытия,шт,1058.0,линейная интерполяция ГОСТ,247.94,кг,262.32052,расчёт: 247.94 руб/кг ÷ 0.9 шт/кг,"Болт 24х170 без покрытия DIN 931 ГОСТ 7798-70 КЛ.ПР.5.8 резьба неполная,"
Болт M27x40 DIN 931 ГОСТ 7798-70,Болт,27.0,40.0,DIN 931,ГОСТ 7798-70,5.8,неполная,без покрытия,шт,379.0,линейная интерполяция ГОСТ,370.02,кг,140.23758,расчёт: 370.02 руб/кг ÷ 2.6 шт/кг,"Болт 27х 40 без покрытия DIN 931 ГОСТ 7798-70 КЛ.ПР.5.8 резьба неполная,"
Болт M27x80 DIN 931 ГОСТ 7798-70,Болт,27.0,80.0,DIN 931,ГОСТ 7798-70,5.8,неполная,без покрытия,шт,715.0,линейная интерполяция ГОСТ,246.4,кг,176.176,расчёт: 246.4 руб/кг ÷ 1.4 шт/кг,"Болт 27х 80 без покрытия DIN 931 ГОСТ 7798-70 КЛ.ПР.5.8 резьба неполная,"
Болт M27x85 DIN 931 ГОСТ 7798-70,Болт,27.0,85.0,DIN 931,ГОСТ 7798-70,5.8,неполная,без покрытия,шт,757.0,линейная интерполяция ГОСТ,231.0,кг,174.867,расчёт: 231.0 руб/кг ÷ 1.3 шт/кг,"Болт 27х 85 без покрытия DIN 931 ГОСТ 7798-70 КЛ.ПР.5.8 резьба неполная,"
Болт M27x95 DIN 931 ГОСТ 7798-70,Болт,27.0,95.0,DIN 931,ГОСТ 7798-70,5.8,неполная,без покрытия,шт,841.0,линейная интерполяция ГОСТ,169.4,кг,142.4654,расчёт: 169.4 руб/кг ÷ 1.2 шт/кг,"Болт 27х 95 без покрытия DIN 931 ГОСТ 7798-70 КЛ.ПР.5.8 резьба неполная,"
Болт M27x100 DIN 931 ГОСТ 7798-70,Болт,27.0,100.0,DIN 931,ГОСТ 7798-70,5.8,неполная,без покрытия,шт,883.0,линейная интерполяция ГОСТ,246.4,кг,217.5712,расчёт: 246.4 руб/кг ÷ 1.1 шт/кг,"Болт 27х100 без покрытия DIN 931 ГОСТ 7798-70 КЛ.ПР.5.8 резьба неполная,"
Болт M27x140 DIN 931 ГОСТ 7798-70,Болт,27.0,140.0,DIN 931,ГОСТ 7798-70,5.8,неполная,без покрытия,шт,1219.0,линейная интерполяция ГОСТ,246.4,кг,300.3616,расчёт: 246.4 руб/кг ÷ 0.8 шт/кг,"Болт 27х140 без покрытия DIN 931 ГОСТ 7798-70 КЛ.ПР.5.8 резьба неполная,"
Болт M27x150 DIN 931 ГОСТ 7798-70,Болт,27.0,150.0,DIN 931,ГОСТ 7798-70,5.8,неполная,без покрытия,шт,1303.0,линейная интерполяция ГОСТ,263.66,кг,343.54898,расчёт: 263.66 руб/кг ÷ 0.8 шт/кг,"Болт 27х150 без покрытия DIN 931 ГОСТ 7798-70 КЛ.ПР.5.8 резьба неполная,"
Болт M27x160 DIN 931 ГОСТ 7798-70,Болт,27.0,160.0,DIN 931,ГОСТ 7798-70,5.8,неполная,без покрытия,шт,1387.0,линейная интерполяция ГОСТ,188.0,кг,260.756,расчёт: 188.0 руб/кг ÷ 0.7 шт/кг,"Болт 27х160 без покрытия DIN 931 ГОСТ 7798-70 КЛ.ПР.5.8 резьба неполная,"
Болт M27x220 DIN 931 ГОСТ 7798-70,Болт,27.0,220.0,DIN 931,ГОСТ 7798-70,5.8,неполная,без покрытия,шт,1891.0,линейная интерполяция ГОСТ,154.0,кг,291.214,расчёт: 154.0 руб/кг ÷ 0.5 шт/кг,"Болт 27х220 без покрытия DIN 931 ГОСТ 7798-70 КЛ.ПР.5.8 резьба неполная,"
Болт M30x100 DIN 931 ГОСТ 7798-70,Болт,30.0,100.0,DIN 931,ГОСТ 7798-70,5.8,неполная,без покрытия,шт,1199.0,линейная интерполяция ГОСТ,228.8,кг,274.3312,расчёт: 228.8 руб/кг ÷ 0.8 шт/кг,"Болт 30х100 без покрытия DIN 931 ГОСТ 7798-70 КЛ.ПР.5.8 резьба неполная,"
Болт M30x105 DIN 931 ГОСТ 7798-70,Болт,30.0,105.0,DIN 931,ГОСТ 7798-70,5.8,неполная,без покрытия,шт,1258.0,линейная интерполяция ГОСТ,289.72,кг,364.46776,расчёт: 289.72 руб/кг ÷ 0.8 шт/кг,"Болт 30х105 без покрытия DIN 931 ГОСТ 7798-70 КЛ.ПР.5.8 резьба неполная,"
Болт M30x110 DIN 931 ГОСТ 7798-70,Болт,30.0,110.0,DIN 931,ГОСТ 7798-70,5.8,неполная,без покрытия,шт,1317.0,линейная интерполяция ГОСТ,247.94,кг,326.53698,расчёт: 247.94 руб/кг ÷ 0.8 шт/кг,"Болт 30х110 без покрытия DIN 931 ГОСТ 7798-70 КЛ.ПР.5.8 резьба неполная,"
Болт M30x130 DIN 931 ГОСТ 7798-70,Болт,30.0,130.0,DIN 931,ГОСТ 7798-70,5.8,неполная,без покрытия,шт,1553.0,линейная интерполяция ГОСТ,200.2,кг,310.9106,расчёт: 200.2 руб/кг ÷ 0.6 шт/кг,"Болт 30х130 без покрытия DIN 931 ГОСТ 7798-70 КЛ.ПР.5.8 резьба неполная,"
Болт M30x160 DIN 931 ГОСТ 7798-70,Болт,30.0,160.0,DIN 931,ГОСТ 7798-70,5.8,неполная,без покрытия,шт,1907.0,линейная интерполяция ГОСТ,261.0,кг,497.727,расчёт: 261.0 руб/кг ÷ 0.5 шт/кг,"Болт 30х160 без покрытия DIN 931 ГОСТ 7798-70 КЛ.ПР.5.8 резьба неполная,"
Болт M30x190 DIN 931 ГОСТ 7798-70,Болт,30.0,190.0,DIN 931,ГОСТ 7798-70,5.8,неполная,без покрытия,шт,2261.0,линейная интерполяция ГОСТ,277.2,кг,626.7492,расчёт: 277.2 руб/кг ÷ 0.4 шт/кг,"Болт 30х190 без покрытия DIN 931 ГОСТ 7798-70 КЛ.ПР.5.8 резьба неполная,"
Болт M36x120 DIN 931 ГОСТ 7798-70,Болт,36.0,120.0,DIN 931,ГОСТ 7798-70,5.8,неполная,без покрытия,шт,2512.0,линейная интерполяция ГОСТ,319.0,кг,801.328,расчёт: 319.0 руб/кг ÷ 0.4 шт/кг,"Болт 36х120 без покрытия DIN 931 ГОСТ 7798-70 КЛ.ПР.5.8 резьба неполная,"
Болт M36x150 DIN 931 ГОСТ 7798-70,Болт,36.0,150.0,DIN 931,ГОСТ 7798-70,5.8,неполная,без покрытия,шт,3142.0,линейная интерполяция ГОСТ,192.12,кг,603.64104,расчёт: 192.12 руб/кг ÷ 0.3 шт/кг,"Болт 36х150 без покрытия DIN 931 ГОСТ 7798-70 КЛ.ПР.5.8 резьба неполная,"
Болт M36x200 DIN 931 ГОСТ 7798-70,Болт,36.0,200.0,DIN 931,ГОСТ 7798-70,5.8,неполная,без покрытия,шт,4192.0,линейная интерполяция ГОСТ,283.36,кг,1187.84512,расчёт: 283.36 руб/кг ÷ 0.2 шт/кг,"Болт 36х200 без покрытия DIN 931 ГОСТ 7798-70 КЛ.ПР.5.8 резьба неполная,"
Болт M42x150 DIN 931 ГОСТ 7798-70,Болт,42.0,150.0,DIN 931,ГОСТ 7798-70,5.8,неполная,без покрытия,шт,4146.51,экстраполяция ГОСТ,738.08,кг,3060.456101,расчёт: 738.08 руб/кг ÷ 0.2 шт/кг,"Болт 42х150 без покрытия DIN 931 ГОСТ 7798-70 КЛ.ПР.5.8 резьба неполная,"
Болт M56x200 ГОСТ 10602-94,Болт,56.0,200.0,,ГОСТ 10602-94,11,,,шт,,нет модели для диаметра,472.36,кг,,,"Болт 56х200 кл.пр. 11 40Х ГОСТ 10602-94,"
Болт M6x20 DIN 931 ГОСТ 7798-70 цинк,Болт,6.0,20.0,DIN 931,ГОСТ 7798-70,5.8,неполная,цинк,шт,3.14,линейная интерполяция ГОСТ,286.0,кг,0.89804,расчёт: 286.0 руб/кг ÷ 318.5 шт/кг,"Болт  6х 20 цинк DIN 931 ГОСТ 7798-70 КЛ.ПР.5.8 резьба неполная,"
Болт M6x25 DIN 931 ГОСТ 7798-70 цинк,Болт,6.0,25.0,DIN 931,ГОСТ 7798-70,5.8,неполная,цинк,шт,3.85,линейная интерполяция ГОСТ,203.67,кг,0.78413,расчёт: 203.67 руб/кг ÷ 259.7 шт/кг,"Болт  6х 25 цинк DIN 931 ГОСТ 7798-70 КЛ.ПР.5.8 резьба неполная,"
Болт M6x30 DIN 931 ГОСТ 7798-70 цинк,Болт,6.0,30.0,DIN 931,ГОСТ 7798-70,5.8,неполная,цинк,шт,4.56,линейная интерполяция ГОСТ,228.8,кг,1.043328,расчёт: 228.8 руб/кг ÷ 219.3 шт/кг,"Болт  6х 30 цинк DIN 931 ГОСТ 7798-70 КЛ.ПР.5.8 резьба неполная,"
Болт M6x35 DIN 931 ГОСТ 7798-70 цинк,Болт,6.0,35.0,DIN 931,ГОСТ 7798-70,5.8,неполная,цинк,шт,5.27,линейная интерполяция ГОСТ,247.94,кг,1.306644,расчёт: 247.94 руб/кг ÷ 189.8 шт/кг,"Болт  6х 35 цинк DIN 931 ГОСТ 7798-70 КЛ.ПР.5.8 резьба неполная,"
Болт M6x40 DIN 931 ГОСТ 7798-70 цинк,Болт,6.0,40.0,DIN 931,ГОСТ 7798-70,5.8,неполная,цинк,шт,5.98,линейная интерполяция ГОСТ,247.94,кг,1.482681,расчёт: 247.94 руб/кг ÷ 167.2 шт/кг,"Болт  6х 40 цинк DIN 931 ГОСТ 7798-70 КЛ.ПР.5.8 резьба неполная,"
Болт M6x50 DIN 931 ГОСТ 7798-70 цинк,Болт,6.0,50.0,DIN 931,ГОСТ 7798-70,5.8,неполная,цинк,шт,7.4,линейная интерполяция ГОСТ,274.51,кг,2.031374,расчёт: 274.51 руб/кг ÷ 135.1 шт/кг,"Болт  6х 50 цинк DIN 931 ГОСТ 7798-70 КЛ.ПР.5.8 резьба неполная,"
Болт M6x55 DIN 931 ГОСТ 7798-70 цинк,Болт,6.0,55.0,DIN 931,ГОСТ 7798-70,5.8,неполная,цинк,шт,8.11,линейная интерполяция ГОСТ,265.65,кг,2.154422,расчёт: 265.65 руб/кг ÷ 123.3 шт/кг,"Болт  6х 55 цинк DIN 931 ГОСТ 7798-70 КЛ.ПР.5.8 резьба неполная,"
Болт M6x60 DIN 931 ГОСТ 7798-70 цинк,Болт,6.0,60.0,DIN 931,ГОСТ 7798-70,5.8,неполная,цинк,шт,8.82,линейная интерполяция ГОСТ,247.94,кг,2.186831,расчёт: 247.94 руб/кг ÷ 113.4 шт/кг,"Болт  6х 60 цинк DIN 931 ГОСТ 7798-70 КЛ.ПР.5.8 резьба неполная,"
Болт M6x65 DIN 931 ГОСТ 7798-70 цинк,Болт,6.0,65.0,DIN 931,ГОСТ 7798-70,5.8,неполная,цинк,шт,9.53,линейная интерполяция ГОСТ,212.52,кг,2.025316,расчёт: 212.52 руб/кг ÷ 104.9 шт/кг,"Болт  6х 65 цинк DIN 931 ГОСТ 7798-70 КЛ.ПР.5.8 резьба неполная,"
Болт M8x14 DIN 931 ГОСТ 7798-70 цинк,Болт,8.0,14.0,DIN 931,ГОСТ 7798-70,8.8,неполная,цинк,шт,4.82,линейная интерполяция ГОСТ,354.2,кг,1.707244,расчёт: 354.2 руб/кг ÷ 207.5 шт/кг,"Болт  8х 14 цинк DIN 931 ГОСТ 7798-70 кл.пр.8.8 резьба неполная,"
Болт M8x35 DIN 931 ГОСТ 7798-70 цинк,Болт,8.0,35.0,DIN 931,ГОСТ 7798-70,5.8,неполная,цинк,шт,11.58,линейная интерполяция ГОСТ,246.4,кг,2.853312,расчёт: 246.4 руб/кг ÷ 86.4 шт/кг,"Болт  8х 35 цинк DIN 931 ГОСТ 7798-70 КЛ.ПР.5.8 резьба неполная,"
Болт M8x50 DIN 931 ГОСТ 7798-70 цинк,Болт,8.0,50.0,DIN 931,ГОСТ 7798-70,5.8,неполная,цинк,шт,16.41,линейная интерполяция ГОСТ,228.8,кг,3.754608,расчёт: 228.8 руб/кг ÷ 60.9 шт/кг,"Болт  8х 50 цинк DIN 931 ГОСТ 7798-70 КЛ.ПР.5.8 резьба неполная,"
Болт M8x60 DIN 931 ГОСТ 7798-70 цинк,Болт,8.0,60.0,DIN 931,ГОСТ 7798-70,5.8,неполная,цинк,шт,19.63,линейная интерполяция ГОСТ,214.5,кг,4.210635,расчёт: 214.5 руб/кг ÷ 50.9 шт/кг,"Болт  8х 60 цинк DIN 931 ГОСТ 7798-70 КЛ.ПР.5.8 резьба неполная,"
Болт M8x65 DIN 931 ГОСТ 7798-70 цинк,Болт,8.0,65.0,DIN 931,ГОСТ 7798-70,5.8,неполная,цинк,шт,21.23,линейная интерполяция ГОСТ,231.0,кг,4.90413,расчёт: 231.0 руб/кг ÷ 47.1 шт/кг,"Болт  8х 65 цинк DIN 931 ГОСТ 7798-70 КЛ.ПР.5.8 резьба неполная,"
Болт M8x80 DIN 931 ГОСТ 7798-70 цинк,Болт,8.0,80.0,DIN 931,ГОСТ 7798-70,5.8,неполная,цинк,шт,26.06,линейная интерполяция ГОСТ,247.94,кг,6.461316,расчёт: 247.94 руб/кг ÷ 38.4 шт/кг,"Болт  8х 80 цинк DIN 931 ГОСТ 7798-70 КЛ.ПР.5.8 резьба неполная,"
Болт M8x90 DIN 931 ГОСТ 7798-70 цинк,Болт,8.0,90.0,DIN 931,ГОСТ 7798-70,5.8,неполная,цинк,шт,29.28,линейная интерполяция ГОСТ,247.94,кг,7.259683,расчёт: 247.94 руб/кг ÷ 34.2 шт/кг,"Болт  8х 90 цинк DIN 931 ГОСТ 7798-70 КЛ.ПР.5.8 резьба неполная,"
Болт M8x100 DIN 931 ГОСТ 7798-70 цинк,Болт,8.0,100.0,DIN 931,ГОСТ 7798-70,5.8,неполная,цинк,шт,32.5,линейная интерполяция ГОСТ,215.6,кг,7.007,расчёт: 215.6 руб/кг ÷ 30.8 шт/кг,"Болт  8х100 цинк DIN 931 ГОСТ 7798-70 КЛ.ПР.5.8 резьба неполная,"
Болт M10x25 DIN 931 ГОСТ 7798-70 цинк,Болт,10.0,25.0,DIN 931,ГОСТ 7798-70,5.8,неполная,цинк,шт,14.3,линейная интерполяция ГОСТ,214.5,кг,3.06735,расчёт: 214.5 руб/кг ÷ 69.9 шт/кг,"Болт 10х 25 цинк DIN 931 ГОСТ 7798-70 КЛ.ПР.5.8 резьба неполная,"
Болт M10x50 DIN 931 ГОСТ 7798-70 цинк,Болт,10.0,50.0,DIN 931,ГОСТ 7798-70,5.8,неполная,цинк,шт,28.3,линейная интерполяция ГОСТ,271.7,кг,7.68911,расчёт: 271.7 руб/кг ÷ 35.3 шт/кг,"Болт 10х 50 цинк DIN 931 ГОСТ 7798-70 КЛ.ПР.5.8 резьба неполная,"
Болт M10x70 DIN 931 ГОСТ 7798-70 цинк,Болт,10.0,70.0,DIN 931,ГОСТ 7798-70,5.8,неполная,цинк,шт,39.5,линейная интерполяция ГОСТ,214.5,кг,8.47275,расчёт: 214.5 руб/кг ÷ 25.3 шт/кг,"Болт 10х 70 цинк DIN 931 ГОСТ 7798-70 КЛ.ПР.5.8 резьба неполная,"
Болт M10x90 DIN 931 ГОСТ 7798-70 цинк,Болт,10.0,90.0,DIN 931,ГОСТ 7798-70,5.8,неполная,цинк,шт,50.7,линейная интерполяция ГОСТ,230.23,кг,11.672661,расчёт: 230.23 руб/кг ÷ 19.7 шт/кг,"Болт 10х 90 цинк DIN 931 ГОСТ 7798-70 КЛ.ПР.5.8 резьба неполная,"
Болт M10x100 DIN 931 ГОСТ 7798-70 цинк,Болт,10.0,100.0,DIN 931,ГОСТ 7798-70,5.8,неполная,цинк,шт,56.3,линейная интерполяция ГОСТ,225.94,кг,12.720422,расчёт: 225.94 руб/кг ÷ 17.8 шт/кг,"Болт 10х100 цинк DIN 931 ГОСТ 7798-70 КЛ.ПР.5.8 резьба неполная,"
Болт M10x120 DIN 931 ГОСТ 7798-70 цинк,Болт,10.0,120.0,DIN 931,ГОСТ 7798-70,5.8,неполная,цинк,шт,67.5,линейная интерполяция ГОСТ,215.6,кг,14.553,расчёт: 215.6 руб/кг ÷ 14.8 шт/кг,"Болт 10х120 цинк DIN 931 ГОСТ 7798-70 КЛ.ПР.5.8 резьба неполная,"
Болт M10x150 DIN 931 ГОСТ 7798-70 цинк,Болт,10.0,150.0,DIN 931,ГОСТ 7798-70,5.8,неполная,цинк,шт,84.3,линейная интерполяция ГОСТ,301.07,кг,25.380201,расчёт: 301.07 руб/кг ÷ 11.9 шт/кг,"Болт 10х150 цинк DIN 931 ГОСТ 7798-70 КЛ.ПР.5.8 резьба неполная,"
Болт M12x20 DIN 931 ГОСТ 7798-70 цинк,Болт,12.0,20.0,DIN 931,ГОСТ 7798-70,8.8,неполная,цинк,шт,19.9,линейная интерполяция ГОСТ,327.64,кг,6.520036,расчёт: 327.64 руб/кг ÷ 50.3 шт/кг,"Болт 12х 20 цинк DIN 931 ГОСТ 7798-70 кл.пр.8.8 резьба неполная,"
Болт M12x25 DIN 931 ГОСТ 7798-70 цинк,Болт,12.0,25.0,DIN 931,ГОСТ 7798-70,5.8,неполная,цинк,шт,24.8,линейная интерполяция ГОСТ,354.2,кг,8.78416,расчёт: 354.2 руб/кг ÷ 40.3 шт/кг,"Болт 12х 25 цинк DIN 931 ГОСТ 7798-70 КЛ.ПР.5.8 резьба неполная,"
Болт M12x30 DIN 931 ГОСТ 7798-70 цинк,Болт,12.0,30.0,DIN 931,ГОСТ 7798-70,8.8,неполная,цинк,шт,29.7,линейная интерполяция ГОСТ,318.78,кг,9.467766,расчёт: 318.78 руб/кг ÷ 33.7 шт/кг,"Болт 12х 30 цинк DIN 931 ГОСТ 7798-70 кл.пр.8.8 резьба неполная,"
Болт M12x60 DIN 931 ГОСТ 7798-70 цинк,Болт,12.0,60.0,DIN 931,ГОСТ 7798-70,5.8,неполная,цинк,шт,59.1,линейная интерполяция ГОСТ,265.65,кг,15.699915,расчёт: 265.65 руб/кг ÷ 16.9 шт/кг,"Болт 12х 60 цинк DIN 931 ГОСТ 7798-70 КЛ.ПР.5.8 резьба неполная,"
Болт M12x70 DIN 931 ГОСТ 7798-70 цинк,Болт,12.0,70.0,DIN 931,ГОСТ 7798-70,8.8,неполная,цинк,шт,68.9,линейная интерполяция ГОСТ,283.36,кг,19.523504,расчёт: 283.36 руб/кг ÷ 14.5 шт/кг,"Болт 12х 70 цинк DIN 931 ГОСТ 7798-70 кл.пр.8.8 резьба неполная,"
Болт M12x90 DIN 931 ГОСТ 7798-70 цинк,Болт,12.0,90.0,DIN 931,ГОСТ 7798-70,5.8,неполная,цинк,шт,88.5,линейная интерполяция ГОСТ,247.94,кг,21.94269,расчёт: 247.94 руб/кг ÷ 11.3 шт/кг,"Болт 12х 90 цинк DIN 931 ГОСТ 7798-70 КЛ.ПР.5.8 резьба неполная,"
Болт M12x100 DIN 931 ГОСТ 7798-70 цинк,Болт,12.0,100.0,DIN 931,ГОСТ 7798-70,5.8,неполная,цинк,шт,98.3,линейная интерполяция ГОСТ,265.65,кг,26.113395,расчёт: 265.65 руб/кг ÷ 10.2 шт/кг,"Болт 12х100 цинк DIN 931 ГОСТ 7798-70 КЛ.ПР.5.8 резьба неполная,"
Болт M12x110 DIN 931 ГОСТ 7798-70 цинк,Болт,12.0,110.0,DIN 931,ГОСТ 7798-70,5.8,неполная,цинк,шт,108.1,линейная интерполяция ГОСТ,247.94,кг,26.802314,расчёт: 247.94 руб/кг ÷ 9.3 шт/кг,"Болт 12х110 цинк DIN 931 ГОСТ 7798-70 КЛ.ПР.5.8 резьба неполная,"
Болт M12x120 DIN 931 ГОСТ 7798-70 цинк,Болт,12.0,120.0,DIN 931,ГОСТ 7798-70,5.8,неполная,цинк,шт,117.9,линейная интерполяция ГОСТ,247.94,кг,29.232126,расчёт: 247.94 руб/кг ÷ 8.5 шт/кг,"Болт 12х120 цинк DIN 931 ГОСТ 7798-70 КЛ.ПР.5.8 резьба неполная,"
Болт M12x140 DIN 931 ГОСТ 7798-70 цинк,Болт,12.0,140.0,DIN 931,ГОСТ 7798-70,5.8,неполная,цинк,шт,137.5,линейная интерполяция ГОСТ,246.4,кг,33.88,расчёт: 246.4 руб/кг ÷ 7.3 шт/кг,"Болт 12х140 цинк DIN 931 ГОСТ 7798-70 КЛ.ПР.5.8 резьба неполная,"
Болт M14x90 DIN 931 ГОСТ 7798-70 цинк,Болт,14.0,90.0,DIN 931,ГОСТ 7798-70,5.8,неполная,цинк,шт,139.4,линейная интерполяция ГОСТ,247.94,кг,34.562836,расчёт: 247.94 руб/кг ÷ 7.2 шт/кг,"Болт 14х 90 цинк DIN 931 ГОСТ 7798-70 КЛ.ПР.5.8 резьба неполная,"
Болт M14x100 DIN 931 ГОСТ 7798-70 цинк,Болт,14.0,100.0,DIN 931,ГОСТ 7798-70,5.8,неполная,цинк,шт,154.8,линейная интерполяция ГОСТ,231.0,кг,35.7588,расчёт: 231.0 руб/кг ÷ 6.5 шт/кг,"Болт 14х100 цинк DIN 931 ГОСТ 7798-70 КЛ.ПР.5.8 резьба неполная,"
Болт M16x30 DIN 931 ГОСТ 7798-70 цинк,Болт,16.0,30.0,DIN 931,ГОСТ 7798-70,5.8,неполная,цинк,шт,66.0,линейная интерполяция ГОСТ,247.94,кг,16.36404,расчёт: 247.94 руб/кг ÷ 15.2 шт/кг,"Болт 16х 30 цинк DIN 931 ГОСТ 7798-70 КЛ.ПР.5.8 резьба неполная,"
Болт M16x80 DIN 931 ГОСТ 7798-70 цинк,Болт,16.0,80.0,DIN 931,ГОСТ 7798-70,5.8,неполная,цинк,шт,173.0,линейная интерполяция ГОСТ,214.5,кг,37.1085,расчёт: 214.5 руб/кг ÷ 5.8 шт/кг,"Болт 16х 80 цинк DIN 931 ГОСТ 7798-70 КЛ.ПР.5.8 резьба неполная,"
Болт M16x85 DIN 931 ГОСТ 7798-70 цинк,Болт,16.0,85.0,DIN 931,ГОСТ 7798-70,8.8,неполная,цинк,шт,183.7,линейная интерполяция ГОСТ,283.36,кг,52.053232,расчёт: 283.36 руб/кг ÷ 5.4 шт/кг,"Болт 16х 85 цинк DIN 931 ГОСТ 7798-70 кл.пр.8.8 резьба неполная,"
Болт M16x90 DIN 931 ГОСТ 7798-70 цинк,Болт,16.0,90.0,DIN 931,ГОСТ 7798-70,5.8,неполная,цинк,шт,194.4,линейная интерполяция ГОСТ,277.2,кг,53.88768,расчёт: 277.2 руб/кг ÷ 5.1 шт/кг,"Болт 16х 90 цинк DIN 931 ГОСТ 7798-70 КЛ.ПР.5.8 резьба неполная,"
Болт M16x100 DIN 931 ГОСТ 7798-70 цинк,Болт,16.0,100.0,DIN 931,ГОСТ 7798-70,5.8,неполная,цинк,шт,215.8,линейная интерполяция ГОСТ,214.5,кг,46.2891,расчёт: 214.5 руб/кг ÷ 4.6 шт/кг,"Болт 16х100 цинк DIN 931 ГОСТ 7798-70 КЛ.ПР.5.8 резьба неполная,"
Болт M16x110 DIN 931 ГОСТ 7798-70 цинк,Болт,16.0,110.0,DIN 931,ГОСТ 7798-70,5.8,неполная,цинк,шт,237.2,линейная интерполяция ГОСТ,265.65,кг,63.01218,расчёт: 265.65 руб/кг ÷ 4.2 шт/кг,"Болт 16х110 цинк DIN 931 ГОСТ 7798-70 КЛ.ПР.5.8 резьба неполная,"
Болт M16x160 DIN 931 ГОСТ 7798-70 цинк,Болт,16.0,160.0,DIN 931,ГОСТ 7798-70,8.8,неполная,цинк,шт,344.2,линейная интерполяция ГОСТ,301.07,кг,103.628294,расчёт: 301.07 руб/кг ÷ 2.9 шт/кг,"Болт 16х160 цинк DIN 931 ГОСТ 7798-70 кл.пр.8.8 резьба неполная,"
Болт M16x180 DIN 931 ГОСТ 7798-70 цинк,Болт,16.0,180.0,DIN 931,ГОСТ 7798-70,5.8,неполная,цинк,шт,387.0,линейная интерполяция ГОСТ,246.4,кг,95.3568,расчёт: 246.4 руб/кг ÷ 2.6 шт/кг,"Болт 16х180 цинк DIN 931 ГОСТ 7798-70 КЛ.ПР.5.8 резьба неполная,"
Болт M16x220 DIN 931 ГОСТ 7798-70 цинк,Болт,16.0,220.0,DIN 931,ГОСТ 7798-70,5.8,неполная,цинк,шт,472.6,линейная интерполяция ГОСТ,283.36,кг,133.915936,расчёт: 283.36 руб/кг ÷ 2.1 шт/кг,"Болт 16х220 цинк DIN 931 ГОСТ 7798-70 КЛ.ПР.5.8 резьба неполная,"
Болт M18x160 DIN 931 ГОСТ 7798-70 цинк,Болт,18.0,160.0,DIN 931,ГОСТ 7798-70,8.8,неполная,цинк,шт,457.0,линейная интерполяция ГОСТ,389.62,кг,178.05634,расчёт: 389.62 руб/кг ÷ 2.2 шт/кг,"Болт 18х160 цинк DIN 931 ГОСТ 7798-70 кл.пр.8.8 резьба неполная,"
Болт M20x40 DIN 931 ГОСТ 7798-70 цинк,Болт,20.0,40.0,DIN 931,ГОСТ 7798-70,5.8,неполная,цинк,шт,163.0,линейная интерполяция ГОСТ,318.78,кг,51.96114,расчёт: 318.78 руб/кг ÷ 6.1 шт/кг,"Болт 20х 40 цинк DIN 931 ГОСТ 7798-70 КЛ.ПР.5.8 резьба неполная,"
Болт M20x50 DIN 931 ГОСТ 7798-70 цинк,Болт,20.0,50.0,DIN 931,ГОСТ 7798-70,5.8,неполная,цинк,шт,199.0,линейная интерполяция ГОСТ,277.2,кг,55.1628,расчёт: 277.2 руб/кг ÷ 5.0 шт/кг,"Болт 20х 50 цинк DIN 931 ГОСТ 7798-70 КЛ.ПР.5.8 резьба неполная,"
Болт M20x60 DIN 931 ГОСТ 7798-70 цинк,Болт,20.0,60.0,DIN 931,ГОСТ 7798-70,5.8,неполная,цинк,шт,235.0,линейная интерполяция ГОСТ,214.5,кг,50.4075,расчёт: 214.5 руб/кг ÷ 4.3 шт/кг,"Болт 20х 60 цинк DIN 931 ГОСТ 7798-70 КЛ.ПР.5.8 резьба неполная,"
Болт M20x75 DIN 931 ГОСТ 7798-70 цинк,Болт,20.0,75.0,DIN 931,ГОСТ 7798-70,5.8,неполная,цинк,шт,289.0,линейная интерполяция ГОСТ,247.94,кг,71.65466,расчёт: 247.94 руб/кг ÷ 3.5 шт/кг,"Болт 20х 75 цинк DIN 931 ГОСТ 7798-70 КЛ.ПР.5.8 резьба неполная,"
Болт M20x100 DIN 931 ГОСТ 7798-70 цинк,Болт,20.0,100.0,DIN 931,ГОСТ 7798-70,5.8,неполная,цинк,шт,379.0,линейная интерполяция ГОСТ,232.0,кг,87.928,расчёт: 232.0 руб/кг ÷ 2.6 шт/кг,"Болт 20х100 цинк DIN 931 ГОСТ 7798-70 КЛ.ПР.5.8 резьба неполная,"
Болт M20x110 DIN 931 ГОСТ 7798-70 цинк,Болт,20.0,110.0,DIN 931,ГОСТ 7798-70,5.8,неполная,цинк,шт,415.0,линейная интерполяция ГОСТ,214.5,кг,89.0175,расчёт: 214.5 руб/кг ÷ 2.4 шт/кг,"Болт 20х110 цинк DIN 931 ГОСТ 7798-70 КЛ.ПР.5.8 резьба неполная,"
Болт M20x120 DIN 931 ГОСТ 7798-70 цинк,Болт,20.0,120.0,DIN 931,ГОСТ 7798-70,5.8,неполная,цинк,шт,451.0,линейная интерполяция ГОСТ,308.0,кг,138.908,расчёт: 308.0 руб/кг ÷ 2.2 шт/кг,"Болт 20х120 цинк DIN 931 ГОСТ 7798-70 КЛ.ПР.5.8 резьба неполная,"
Болт M20x190 DIN 931 ГОСТ 7798-70 цинк,Болт,20.0,190.0,DIN 931,ГОСТ 7798-70,5.8,неполная,цинк,шт,703.0,линейная интерполяция ГОСТ,247.94,кг,174.30182,расчёт: 247.94 руб/кг ÷ 1.4 шт/кг,"Болт 20х190 цинк DIN 931 ГОСТ 7798-70 КЛ.ПР.5.8 резьба неполная,"
Болт M20x200 DIN 931 ГОСТ 7798-70 цинк,Болт,20.0,200.0,DIN 931,ГОСТ 7798-70,5.8,неполная,цинк,шт,739.0,линейная интерполяция ГОСТ,246.4,кг,182.0896,расчёт: 246.4 руб/кг ÷ 1.4 шт/кг,"Болт 20х200 цинк DIN 931 ГОСТ 7798-70 КЛ.ПР.5.8 резьба неполная,"
Болт M22x60 DIN 931 ГОСТ 7798-70 цинк,Болт,22.0,60.0,DIN 931,ГОСТ 7798-70,8.8,неполная,цинк,шт,303.0,линейная интерполяция ГОСТ,549.01,кг,166.35003,расчёт: 549.01 руб/кг ÷ 3.3 шт/кг,"Болт 22х 60 цинк DIN 931 ГОСТ 7798-70 кл.пр.8.8 резьба неполная,"
Болт M22x120 DIN 931 ГОСТ 7798-70 цинк,Болт,22.0,120.0,DIN 931,ГОСТ 7798-70,8.8,неполная,цинк,шт,579.0,линейная интерполяция ГОСТ,283.36,кг,164.06544,расчёт: 283.36 руб/кг ÷ 1.7 шт/кг,"Болт 22х120 цинк DIN 931 ГОСТ 7798-70 кл.пр.8.8 резьба неполная,"
Болт M24x50 DIN 931 ГОСТ 7798-70 цинк,Болт,24.0,50.0,DIN 931,ГОСТ 7798-70,5.8,неполная,цинк,шт,338.0,линейная интерполяция ГОСТ,247.94,кг,83.80372,расчёт: 247.94 руб/кг ÷ 3.0 шт/кг,"Болт 24х 50 цинк DIN 931 ГОСТ 7798-70 КЛ.ПР.5.8 резьба неполная,"
Болт M24x60 DIN 931 ГОСТ 7798-70 цинк,Болт,24.0,60.0,DIN 931,ГОСТ 7798-70,5.8,неполная,цинк,шт,398.0,линейная интерполяция ГОСТ,214.5,кг,85.371,расчёт: 214.5 руб/кг ÷ 2.5 шт/кг,"Болт 24х 60 цинк DIN 931 ГОСТ 7798-70 КЛ.ПР.5.8 резьба неполная,"
Болт M24x65 DIN 931 ГОСТ 7798-70 цинк,Болт,24.0,65.0,DIN 931,ГОСТ 7798-70,5.8,неполная,цинк,шт,428.0,линейная интерполяция ГОСТ,277.2,кг,118.6416,расчёт: 277.2 руб/кг ÷ 2.3 шт/кг,"Болт 24х 65 цинк DIN 931 ГОСТ 7798-70 КЛ.ПР.5.8 резьба неполная,"
Болт M24x70 DIN 931 ГОСТ 7798-70 цинк,Болт,24.0,70.0,DIN 931,ГОСТ 7798-70,5.8,неполная,цинк,шт,458.0,линейная интерполяция ГОСТ,247.94,кг,113.55652,расчёт: 247.94 руб/кг ÷ 2.2 шт/кг,"Болт 24х 70 цинк DIN 931 ГОСТ 7798-70 КЛ.ПР.5.8 резьба неполная,"
Болт M24x80 DIN 931 ГОСТ 7798-70 цинк,Болт,24.0,80.0,DIN 931,ГОСТ 7798-70,5.8,неполная,цинк,шт,518.0,линейная интерполяция ГОСТ,308.0,кг,159.544,расчёт: 308.0 руб/кг ÷ 1.9 шт/кг,"Болт 24х 80 цинк DIN 931 ГОСТ 7798-70 КЛ.ПР.5.8 резьба неполная,"
Болт M24x95 DIN 931 ГОСТ 7798-70 цинк,Болт,24.0,95.0,DIN 931,ГОСТ 7798-70,8.8,неполная,цинк,шт,608.0,линейная интерполяция ГОСТ,407.33,кг,247.65664,расчёт: 407.33 руб/кг ÷ 1.6 шт/кг,"Болт 24х 95 цинк DIN 931 ГОСТ 7798-70 кл.пр.8.8 резьба неполная,"
Болт M24x110 DIN 931 ГОСТ 7798-70 цинк,Болт,24.0,110.0,DIN 931,ГОСТ 7798-70,5.8,неполная,цинк,шт,698.0,линейная интерполяция ГОСТ,301.07,кг,210.14686,расчёт: 301.07 руб/кг ÷ 1.4 шт/кг,"Болт 24х110 цинк DIN 931 ГОСТ 7798-70 КЛ.ПР.5.8 резьба неполная,"
Болт M24x120 DIN 931 ГОСТ 7798-70 цинк,Болт,24.0,120.0,DIN 931,ГОСТ 7798-70,5.8,неполная,цинк,шт,758.0,линейная интерполяция ГОСТ,265.65,кг,201.3627,расчёт: 265.65 руб/кг ÷ 1.3 шт/кг,"Болт 24х120 цинк DIN 931 ГОСТ 7798-70 КЛ.ПР.5.8 резьба неполная,"
Болт M24x130 DIN 931 ГОСТ 7798-70 цинк,Болт,24.0,130.0,DIN 931,ГОСТ 7798-70,5.8,неполная,цинк,шт,818.0,линейная интерполяция ГОСТ,283.36,кг,231.78848,расчёт: 283.36 руб/кг ÷ 1.2 шт/кг,"Болт 24х130 цинк DIN 931 ГОСТ 7798-70 КЛ.ПР.5.8 резьба неполная,"
Болт M24x150 DIN 931 ГОСТ 7798-70 цинк,Болт,24.0,150.0,DIN 931,ГОСТ 7798-70,5.8,неполная,цинк,шт,938.0,линейная интерполяция ГОСТ,246.4,кг,231.1232,расчёт: 246.4 руб/кг ÷ 1.1 шт/кг,"Болт 24х150 цинк DIN 931 ГОСТ 7798-70 КЛ.ПР.5.8 резьба неполная,"
Болт M24x200 DIN 931 ГОСТ 7798-70 цинк,Болт,24.0,200.0,DIN 931,ГОСТ 7798-70,8.8,неполная,цинк,шт,1238.0,линейная интерполяция ГОСТ,283.36,кг,350.79968,расчёт: 283.36 руб/кг ÷ 0.8 шт/кг,"Болт 24х200 цинк DIN 931 ГОСТ 7798-70 кл.пр.8.8 резьба неполная,"
Болт M27x80 DIN 931 ГОСТ 7798-70 цинк,Болт,27.0,80.0,DIN 931,ГОСТ 7798-70,5.8,неполная,цинк,шт,715.0,линейная интерполяция ГОСТ,247.94,кг,177.2771,расчёт: 247.94 руб/кг ÷ 1.4 шт/кг,"Болт 27х 80 цинк DIN 931 ГОСТ 7798-70 КЛ.ПР.5.8 резьба неполная,"
Болт M27x95 DIN 931 ГОСТ 7798-70 цинк,Болт,27.0,95.0,DIN 931,ГОСТ 7798-70,5.8,неполная,цинк,шт,841.0,линейная интерполяция ГОСТ,247.94,кг,208.51754,расчёт: 247.94 руб/кг ÷ 1.2 шт/кг,"Болт 27х 95 цинк DIN 931 ГОСТ 7798-70 КЛ.ПР.5.8 резьба неполная,"
Болт M27x100 DIN 931 ГОСТ 7798-70 цинк,Болт,27.0,100.0,DIN 931,ГОСТ 7798-70,5.8,неполная,цинк,шт,883.0,линейная интерполяция ГОСТ,442.75,кг,390.94825,расчёт: 442.75 руб/кг ÷ 1.1 шт/кг,"Болт 27х100 цинк DIN 931 ГОСТ 7798-70 КЛ.ПР.5.8 резьба неполная,"
Болт M27x120 DIN 931 ГОСТ 7798-70 цинк,Болт,27.0,120.0,DIN 931,ГОСТ 7798-70,5.8,неполная,цинк,шт,1051.0,линейная интерполяция ГОСТ,354.2,кг,372.2642,расчёт: 354.2 руб/кг ÷ 1.0 шт/кг,"Болт 27х120 цинк DIN 931 ГОСТ 7798-70 КЛ.ПР.5.8 резьба неполная,"
Болт M27x170 DIN 931 ГОСТ 7798-70 цинк,Болт,27.0,170.0,DIN 931,ГОСТ 7798-70,8.8,неполная,цинк,шт,1471.0,линейная интерполяция ГОСТ,513.59,кг,755.49089,расчёт: 513.59 руб/кг ÷ 0.7 шт/кг,"Болт 27х170 цинк DIN 931 ГОСТ 7798-70 кл.пр.8.8 резьба неполная,"
Болт M30x100 DIN 931 ГОСТ 7798-70 цинк,Болт,30.0,100.0,DIN 931,ГОСТ 7798-70,5.8,неполная,цинк,шт,1199.0,линейная интерполяция ГОСТ,247.94,кг,297.28006,расчёт: 247.94 руб/кг ÷ 0.8 шт/кг,"Болт 30х100 цинк DIN 931 ГОСТ 7798-70 КЛ.ПР.5.8 резьба неполная,"
Болт M30x105 DIN 931 ГОСТ 7798-70 цинк,Болт,30.0,105.0,DIN 931,ГОСТ 7798-70,5.8,неполная,цинк,шт,1258.0,линейная интерполяция ГОСТ,318.78,кг,401.02524,расчёт: 318.78 руб/кг ÷ 0.8 шт/кг,"Болт 30х105 цинк DIN 931 ГОСТ 7798-70 КЛ.ПР.5.8 резьба неполная,"
Болт M30x180 DIN 931 ГОСТ 7798-70 цинк,Болт,30.0,180.0,DIN 931,ГОСТ 7798-70,8.8,неполная,цинк,шт,2143.0,линейная интерполяция ГОСТ,354.2,кг,759.0506,расчёт: 354.2 руб/кг ÷ 0.5 шт/кг,"Болт 30х180 цинк DIN 931 ГОСТ 7798-70 кл.пр.8.8 резьба неполная,"
Болт M36x190 DIN 931 ГОСТ 7798-70 цинк,Болт,36.0,190.0,DIN 931,ГОСТ 7798-70,5.8,неполная,цинк,шт,3982.0,линейная интерполяция ГОСТ,247.94,кг,987.29708,расчёт: 247.94 руб/кг ÷ 0.3 шт/кг,"Болт 36х190 цинк DIN 931 ГОСТ 7798-70 КЛ.ПР.5.8 резьба неполная,"
Болт M36x250 DIN 931 ГОСТ 7798-70 цинк,Болт,36.0,250.0,DIN 931,ГОСТ 7798-70,8.8,неполная,цинк,шт,5242.0,линейная интерполяция ГОСТ,283.36,кг,1485.37312,расчёт: 283.36 руб/кг ÷ 0.2 шт/кг,"Болт 36х250 цинк DIN 931 ГОСТ 7798-70 кл.пр.8.8 резьба неполная,"
Болт M48x180 DIN 931 ГОСТ 7798-70 цинк,Болт,48.0,180.0,DIN 931,ГОСТ 7798-70,5.8,неполная,цинк,шт,6330.06,экстраполяция ГОСТ,389.62,кг,2466.317977,расчёт: 389.62 руб/кг ÷ 0.2 шт/кг,"Болт 48х180 цинк DIN 931 ГОСТ 7798-70 КЛ.ПР.5.8 резьба неполная,"
Болт M6x110 DIN 933 ГОСТ 7798-70 цинк,Болт,6.0,110.0,DIN 933,ГОСТ 7798-70,5.8,полная,цинк,шт,15.92,линейная интерполяция ГОСТ,420.5,кг,6.69436,расчёт: 420.5 руб/кг ÷ 62.8 шт/кг,"Болт  6х110 цинк DIN 933 ГОСТ 7798-70 КЛ.ПР.5.8 резьба полная,"
Болт M10x75 DIN 933 ГОСТ 7798-70 цинк,Болт,10.0,75.0,DIN 933,ГОСТ 7798-70,5.8,полная,цинк,шт,42.3,линейная интерполяция ГОСТ,230.23,кг,9.738729,расчёт: 230.23 руб/кг ÷ 23.6 шт/кг,"Болт 10х 75 цинк DIN 933 ГОСТ 7798-70 КЛ.ПР.5.8 резьба полная,"
Болт M12x240 DIN 933 ГОСТ 7798-70 цинк,Болт,12.0,240.0,DIN 933,ГОСТ 7798-70,5.8,полная,цинк,шт,235.5,линейная интерполяция ГОСТ,247.94,кг,58.38987,расчёт: 247.94 руб/кг ÷ 4.2 шт/кг,"Болт 12х240 цинк DIN 933 ГОСТ 7798-70 КЛ.ПР.5.8 резьба полная,"
Болт M14x65 DIN 933 ГОСТ 7798-70 цинк,Болт,14.0,65.0,DIN 933,ГОСТ 7798-70,5.8,полная,цинк,шт,100.9,линейная интерполяция ГОСТ,215.45,кг,21.738905,расчёт: 215.45 руб/кг ÷ 9.9 шт/кг,"Болт 14х 65 цинк DIN 933 ГОСТ 7798-70 КЛ.ПР.5.8 резьба полная,"
Болт M14x70 DIN 933 ГОСТ 7798-70 цинк,Болт,14.0,70.0,DIN 933,ГОСТ 7798-70,5.8,полная,цинк,шт,108.6,линейная интерполяция ГОСТ,265.65,кг,28.84959,расчёт: 265.65 руб/кг ÷ 9.2 шт/кг,"Болт 14х 70 цинк DIN 933 ГОСТ 7798-70 КЛ.ПР.5.8 резьба полная,"
Болт M14x80 DIN 933 ГОСТ 7798-70 цинк,Болт,14.0,80.0,DIN 933,ГОСТ 7798-70,5.8,полная,цинк,шт,124.0,линейная интерполяция ГОСТ,265.65,кг,32.9406,расчёт: 265.65 руб/кг ÷ 8.1 шт/кг,"Болт 14х 80 цинк DIN 933 ГОСТ 7798-70 КЛ.ПР.5.8 резьба полная,"
Болт M14x90 DIN 933 ГОСТ 7798-70 цинк,Болт,14.0,90.0,DIN 933,ГОСТ 7798-70,5.8,полная,цинк,шт,139.4,линейная интерполяция ГОСТ,265.65,кг,37.03161,расчёт: 265.65 руб/кг ÷ 7.2 шт/кг,"Болт 14х 90 цинк DIN 933 ГОСТ 7798-70 КЛ.ПР.5.8 резьба полная,"
Болт M14x130 DIN 933 ГОСТ 7798-70 цинк,Болт,14.0,130.0,DIN 933,ГОСТ 7798-70,5.8,полная,цинк,шт,201.0,линейная интерполяция ГОСТ,283.36,кг,56.95536,расчёт: 283.36 руб/кг ÷ 5.0 шт/кг,"Болт 14х130 цинк DIN 933 ГОСТ 7798-70 КЛ.ПР.5.8 резьба полная,"
Болт M16x35 DIN 933 ГОСТ 7798-70 цинк,Болт,16.0,35.0,DIN 933,ГОСТ 7798-70,4.8,полная,цинк,шт,76.7,линейная интерполяция ГОСТ,247.94,кг,19.016998,расчёт: 247.94 руб/кг ÷ 13.0 шт/кг,"Болт 16х 35 цинк DIN 933 ГОСТ 7798-70 кл.пр.4.8 резьба полная,"
Болт M16x50 DIN 933 ГОСТ 7798-70 цинк,Болт,16.0,50.0,DIN 933,ГОСТ 7798-70,5.8,полная,цинк,шт,108.8,линейная интерполяция ГОСТ,431.2,кг,46.91456,расчёт: 431.2 руб/кг ÷ 9.2 шт/кг,"Болт 16х 50 цинк DIN 933 ГОСТ 7798-70 КЛ.ПР.5.8 резьба полная,"
Болт M16x55 DIN 933 ГОСТ 7798-70 цинк,Болт,16.0,55.0,DIN 933,ГОСТ 7798-70,5.8,полная,цинк,шт,119.5,линейная интерполяция ГОСТ,247.94,кг,29.62883,расчёт: 247.94 руб/кг ÷ 8.4 шт/кг,"Болт 16х 55 цинк DIN 933 ГОСТ 7798-70 КЛ.ПР.5.8 резьба полная,"
Болт M16x70 DIN 933 ГОСТ 7798-70 цинк,Болт,16.0,70.0,DIN 933,ГОСТ 7798-70,5.8,полная,цинк,шт,151.6,линейная интерполяция ГОСТ,283.36,кг,42.957376,расчёт: 283.36 руб/кг ÷ 6.6 шт/кг,"Болт 16х 70 цинк DIN 933 ГОСТ 7798-70 КЛ.ПР.5.8 резьба полная,"
Болт M16x75 DIN 933 ГОСТ 7798-70 цинк,Болт,16.0,75.0,DIN 933,ГОСТ 7798-70,5.8,полная,цинк,шт,162.3,линейная интерполяция ГОСТ,309.93,кг,50.301639,расчёт: 309.93 руб/кг ÷ 6.2 шт/кг,"Болт 16х 75 цинк DIN 933 ГОСТ 7798-70 КЛ.ПР.5.8 резьба полная,"
Болт M16x100 DIN 933 ГОСТ 7798-70 цинк,Болт,16.0,100.0,DIN 933,ГОСТ 7798-70,5.8,полная,цинк,шт,215.8,линейная интерполяция ГОСТ,277.2,кг,59.81976,расчёт: 277.2 руб/кг ÷ 4.6 шт/кг,"Болт 16х100 цинк DIN 933 ГОСТ 7798-70 КЛ.ПР.5.8 резьба полная,"
Болт M16x120 DIN 933 ГОСТ 7798-70 цинк,Болт,16.0,120.0,DIN 933,ГОСТ 7798-70,5.8,полная,цинк,шт,258.6,линейная интерполяция ГОСТ,214.5,кг,55.4697,расчёт: 214.5 руб/кг ÷ 3.9 шт/кг,"Болт 16х120 цинк DIN 933 ГОСТ 7798-70 КЛ.ПР.5.8 резьба полная,"
Болт M16x180 DIN 933 ГОСТ 7798-70 цинк,Болт,16.0,180.0,DIN 933,ГОСТ 7798-70,5.8,полная,цинк,шт,387.0,линейная интерполяция ГОСТ,247.94,кг,95.95278,расчёт: 247.94 руб/кг ÷ 2.6 шт/кг,"Болт 16х180 цинк DIN 933 ГОСТ 7798-70 КЛ.ПР.5.8 резьба полная,"
Болт M20x40 DIN 933 ГОСТ 7798-70 цинк,Болт,20.0,40.0,DIN 933,ГОСТ 7798-70,5.8,полная,цинк,шт,163.0,линейная интерполяция ГОСТ,247.94,кг,40.41422,расчёт: 247.94 руб/кг ÷ 6.1 шт/кг,"Болт 20х 40 цинк DIN 933 ГОСТ 7798-70 КЛ.ПР.5.8 резьба полная,"
Болт M20x50 DIN 933 ГОСТ 7798-70 цинк,Болт,20.0,50.0,DIN 933,ГОСТ 7798-70,5.8,полная,цинк,шт,199.0,линейная интерполяция ГОСТ,265.65,кг,52.86435,расчёт: 265.65 руб/кг ÷ 5.0 шт/кг,"Болт 20х 50 цинк DIN 933 ГОСТ 7798-70 КЛ.ПР.5.8 резьба полная,"
Болт M20x60 DIN 933 ГОСТ 7798-70 цинк,Болт,20.0,60.0,DIN 933,ГОСТ 7798-70,5.8,полная,цинк,шт,235.0,линейная интерполяция ГОСТ,277.2,кг,65.142,расчёт: 277.2 руб/кг ÷ 4.3 шт/кг,"Болт 20х 60 цинк DIN 933 ГОСТ 7798-70 КЛ.ПР.5.8 резьба полная,"
Болт M20x70 DIN 933 ГОСТ 7798-70 цинк,Болт,20.0,70.0,DIN 933,ГОСТ 7798-70,5.8,полная,цинк,шт,271.0,линейная интерполяция ГОСТ,247.94,кг,67.19174,расчёт: 247.94 руб/кг ÷ 3.7 шт/кг,"Болт 20х 70 цинк DIN 933 ГОСТ 7798-70 КЛ.ПР.5.8 резьба полная,"
Болт M20x90 DIN 933 ГОСТ 7798-70 цинк,Болт,20.0,90.0,DIN 933,ГОСТ 7798-70,5.8,полная,цинк,шт,343.0,линейная интерполяция ГОСТ,286.0,кг,98.098,расчёт: 286.0 руб/кг ÷ 2.9 шт/кг,"Болт 20х 90 цинк DIN 933 ГОСТ 7798-70 КЛ.ПР.5.8 резьба полная,"
Болт M20x110 DIN 933 ГОСТ 7798-70 цинк,Болт,20.0,110.0,DIN 933,ГОСТ 7798-70,5.8,полная,цинк,шт,415.0,линейная интерполяция ГОСТ,247.94,кг,102.8951,расчёт: 247.94 руб/кг ÷ 2.4 шт/кг,"Болт 20х110 цинк DIN 933 ГОСТ 7798-70 КЛ.ПР.5.8 резьба полная,"
Болт M20x170 DIN 933 ГОСТ 7798-70 цинк,Болт,20.0,170.0,DIN 933,ГОСТ 7798-70,5.8,полная,цинк,шт,631.0,линейная интерполяция ГОСТ,283.36,кг,178.80016,расчёт: 283.36 руб/кг ÷ 1.6 шт/кг,"Болт 20х170 цинк DIN 933 ГОСТ 7798-70 КЛ.ПР.5.8 резьба полная,"
Болт M20x200 DIN 933 ГОСТ 7798-70 цинк,Болт,20.0,200.0,DIN 933,ГОСТ 7798-70,5.8,полная,цинк,шт,739.0,линейная интерполяция ГОСТ,247.94,кг,183.22766,расчёт: 247.94 руб/кг ÷ 1.4 шт/кг,"Болт 20х200 цинк DIN 933 ГОСТ 7798-70 КЛ.ПР.5.8 резьба полная,"
Болт M24x170 DIN 933 ГОСТ 7798-70 цинк,Болт,24.0,170.0,DIN 933,ГОСТ 7798-70,5.8,полная,цинк,шт,1058.0,линейная интерполяция ГОСТ,354.2,кг,374.7436,расчёт: 354.2 руб/кг ÷ 0.9 шт/кг,"Болт 24х170 цинк DIN 933 ГОСТ 7798-70 КЛ.ПР.5.8 резьба полная,"
Болт M27x210 DIN 933 ГОСТ 7798-70 цинк,Болт,27.0,210.0,DIN 933,ГОСТ 7798-70,5.8,полная,цинк,шт,1807.0,линейная интерполяция ГОСТ,301.07,кг,544.03349,расчёт: 301.07 руб/кг ÷ 0.6 шт/кг,"Болт 27х210 цинк DIN 933 ГОСТ 7798-70 КЛ.ПР.5.8 резьба полная,"
Болт M3x60 DIN 933 ГОСТ 7798-70,Болт,3.0,60.0,DIN 933,ГОСТ 7798-70,8.8,полная,без покрытия,шт,1.77,экстраполяция ГОСТ,292.25,кг,0.517282,расчёт: 292.25 руб/кг ÷ 565.0 шт/кг,"Болт  3х 60 без покрытия DIN 933 ГОСТ 7798-70 кл.пр.8.8 резьба полная,"
Болт M4x10 DIN 933 ГОСТ 7798-70 цинк,Болт,4.0,10.0,DIN 933,ГОСТ 7798-70,8.8,полная,цинк,шт,0.75,линейная интерполяция ГОСТ,344.91,кг,0.258683,расчёт: 344.91 руб/кг ÷ 1333.3 шт/кг,"Болт  4х 10 цинк DIN 933 ГОСТ 7798-70 кл.пр.8.8 резьба полная,"
Болт M4x30 DIN 933 ГОСТ 7798-70 цинк,Болт,4.0,30.0,DIN 933,ГОСТ 7798-70,8.8,полная,цинк,шт,1.72,линейная интерполяция ГОСТ,690.76,кг,1.188107,расчёт: 690.76 руб/кг ÷ 581.4 шт/кг,"Болт  4х 30 цинк DIN 933 ГОСТ 7798-70 кл.пр.8.8 резьба полная,"
Болт M4x35 DIN 933 ГОСТ 7798-70 цинк,Болт,4.0,35.0,DIN 933,ГОСТ 7798-70,8.8,полная,цинк,шт,1.96,линейная интерполяция ГОСТ,354.24,кг,0.69431,расчёт: 354.24 руб/кг ÷ 510.2 шт/кг,"Болт  4х 35 цинк DIN 933 ГОСТ 7798-70 кл.пр.8.8 резьба полная,"
Болт M4x40 DIN 933 ГОСТ 7798-70 цинк,Болт,4.0,40.0,DIN 933,ГОСТ 7798-70,8.8,полная,цинк,шт,2.2,линейная интерполяция ГОСТ,371.95,кг,0.81829,расчёт: 371.95 руб/кг ÷ 454.5 шт/кг,"Болт  4х 40 цинк DIN 933 ГОСТ 7798-70 кл.пр.8.8 резьба полная,"
Болт M5x10 DIN 933 ГОСТ 7798-70 цинк,Болт,5.0,10.0,DIN 933,ГОСТ 7798-70,8.8,полная,цинк,шт,1.26,линейная интерполяция ГОСТ,400.4,кг,0.504504,расчёт: 400.4 руб/кг ÷ 793.7 шт/кг,"Болт  5х 10 цинк DIN 933 ГОСТ 7798-70 кл.пр.8.8 резьба полная,"
Болт M5x12 DIN 933 ГОСТ 7798-70 цинк,Болт,5.0,12.0,DIN 933,ГОСТ 7798-70,8.8,полная,цинк,шт,1.44,линейная интерполяция ГОСТ,385.0,кг,0.5544,расчёт: 385.0 руб/кг ÷ 694.4 шт/кг,"Болт  5х 12 цинк DIN 933 ГОСТ 7798-70 кл.пр.8.8 резьба полная,"
Болт M5x35 DIN 933 ГОСТ 7798-70 цинк,Болт,5.0,35.0,DIN 933,ГОСТ 7798-70,8.8,полная,цинк,шт,3.51,линейная интерполяция ГОСТ,314.6,кг,1.104246,расчёт: 314.6 руб/кг ÷ 284.9 шт/кг,"Болт  5х 35 цинк DIN 933 ГОСТ 7798-70 кл.пр.8.8 резьба полная,"
Болт M8x65 DIN 933 ГОСТ 7798-70 цинк,Болт,8.0,65.0,DIN 933,ГОСТ 7798-70,8.8,полная,цинк,шт,21.23,линейная интерполяция ГОСТ,286.0,кг,6.07178,расчёт: 286.0 руб/кг ÷ 47.1 шт/кг,"Болт  8х 65 цинк DIN 933 ГОСТ 7798-70 кл.пр.8.8 резьба полная,"
Болт M8x110 DIN 933 ГОСТ 7798-70 цинк,Болт,8.0,110.0,DIN 933,ГОСТ 7798-70,8.8,полная,цинк,шт,35.72,линейная интерполяция ГОСТ,338.83,кг,12.103008,расчёт: 338.83 руб/кг ÷ 28.0 шт/кг,"Болт  8х110 цинк DIN 933 ГОСТ 7798-70 кл.пр.8.8 резьба полная,"
Болт M8x130 DIN 933 ГОСТ 7798-70 цинк,Болт,8.0,130.0,DIN 933,ГОСТ 7798-70,8.8,полная,цинк,шт,42.15,линейная интерполяция ГОСТ,304.5,кг,12.834675,расчёт: 304.5 руб/кг ÷ 23.7 шт/кг,"Болт  8х130 цинк DIN 933 ГОСТ 7798-70 кл.пр.8.8 резьба полная,"
Болт M8x140 DIN 933 ГОСТ 7798-70 цинк,Болт,8.0,140.0,DIN 933,ГОСТ 7798-70,8.8,полная,цинк,шт,45.37,линейная интерполяция ГОСТ,261.0,кг,11.84157,расчёт: 261.0 руб/кг ÷ 22.0 шт/кг,"Болт  8х140 цинк DIN 933 ГОСТ 7798-70 кл.пр.8.8 резьба полная,"
Болт M8x160 DIN 933 ГОСТ 7798-70 цинк,Болт,8.0,160.0,DIN 933,ГОСТ 7798-70,8.8,полная,цинк,шт,51.81,линейная интерполяция ГОСТ,275.5,кг,14.273655,расчёт: 275.5 руб/кг ÷ 19.3 шт/кг,"Болт  8х160 цинк DIN 933 ГОСТ 7798-70 кл.пр.8.8 резьба полная,"
Болт M8x180 DIN 933 ГОСТ 7798-70 цинк,Болт,8.0,180.0,DIN 933,ГОСТ 7798-70,8.8,полная,цинк,шт,58.25,линейная интерполяция ГОСТ,400.4,кг,23.3233,расчёт: 400.4 руб/кг ÷ 17.2 шт/кг,"Болт  8х180 цинк DIN 933 ГОСТ 7798-70 кл.пр.8.8 резьба полная,"
Болт M8x200 DIN 933 ГОСТ 7798-70 цинк,Болт,8.0,200.0,DIN 933,ГОСТ 7798-70,8.8,полная,цинк,шт,64.68,линейная интерполяция ГОСТ,333.5,кг,21.57078,расчёт: 333.5 руб/кг ÷ 15.5 шт/кг,"Болт  8х200 цинк DIN 933 ГОСТ 7798-70 кл.пр.8.8 резьба полная,"
Болт M10x110 DIN 933 ГОСТ 7798-70 цинк,Болт,10.0,110.0,DIN 933,ГОСТ 7798-70,8.8,полная,цинк,шт,61.9,линейная интерполяция ГОСТ,290.0,кг,17.951,расчёт: 290.0 руб/кг ÷ 16.2 шт/кг,"Болт 10х110 цинк DIN 933 ГОСТ 7798-70 кл.пр.8.8 резьба полная,"
Болт M10x130 DIN 933 ГОСТ 7798-70 цинк,Болт,10.0,130.0,DIN 933,ГОСТ 7798-70,8.8,полная,цинк,шт,73.1,линейная интерполяция ГОСТ,286.0,кг,20.9066,расчёт: 286.0 руб/кг ÷ 13.7 шт/кг,"Болт 10х130 цинк DIN 933 ГОСТ 7798-70 кл.пр.8.8 резьба полная,"
Болт M10x140 DIN 933 ГОСТ 7798-70 цинк,Болт,10.0,140.0,DIN 933,ГОСТ 7798-70,8.8,полная,цинк,шт,78.7,линейная интерполяция ГОСТ,203.0,кг,15.9761,расчёт: 203.0 руб/кг ÷ 12.7 шт/кг,"Болт 10х140 цинк DIN 933 ГОСТ 7798-70 кл.пр.8.8 резьба полная,"
Болт M12x180 DIN 933 ГОСТ 7798-70 цинк,Болт,12.0,180.0,DIN 933,ГОСТ 7798-70,8.8,полная,цинк,шт,176.7,линейная интерполяция ГОСТ,319.0,кг,56.3673,расчёт: 319.0 руб/кг ÷ 5.7 шт/кг,"Болт 12х180 цинк DIN 933 ГОСТ 7798-70 кл.пр.8.8 резьба полная,"
Болт M12x200 DIN 933 ГОСТ 7798-70 цинк,Болт,12.0,200.0,DIN 933,ГОСТ 7798-70,8.8,полная,цинк,шт,196.3,линейная интерполяция ГОСТ,290.0,кг,56.927,расчёт: 290.0 руб/кг ÷ 5.1 шт/кг,"Болт 12х200 цинк DIN 933 ГОСТ 7798-70 кл.пр.8.8 резьба полная,"
Болт M14x20 DIN 933 ГОСТ 7798-70 цинк,Болт,14.0,20.0,DIN 933,ГОСТ 7798-70,8.8,полная,цинк,шт,31.6,линейная интерполяция ГОСТ,371.95,кг,11.75362,расчёт: 371.95 руб/кг ÷ 31.6 шт/кг,"Болт 14х 20 цинк DIN 933 ГОСТ 7798-70 кл.пр.8.8 резьба полная,"
Болт M16x200 DIN 933 ГОСТ 7798-70 цинк,Болт,16.0,200.0,DIN 933,ГОСТ 7798-70,8.8,полная,цинк,шт,429.8,линейная интерполяция ГОСТ,290.0,кг,124.642,расчёт: 290.0 руб/кг ÷ 2.3 шт/кг,"Болт 16х200 цинк DIN 933 ГОСТ 7798-70 кл.пр.8.8 резьба полная,"
Болт M18x55 DIN 933 ГОСТ 7798-70 цинк,Болт,18.0,55.0,DIN 933,ГОСТ 7798-70,8.8,полная,цинк,шт,163.0,линейная интерполяция ГОСТ,283.39,кг,46.19257,расчёт: 283.39 руб/кг ÷ 6.1 шт/кг,"Болт 18х 55 цинк DIN 933 ГОСТ 7798-70 кл.пр.8.8 резьба полная,"
Болт M18x100 DIN 933 ГОСТ 7798-70 цинк,Болт,18.0,100.0,DIN 933,ГОСТ 7798-70,8.8,полная,цинк,шт,289.0,линейная интерполяция ГОСТ,192.0,кг,55.488,расчёт: 192.0 руб/кг ÷ 3.5 шт/кг,"Болт 18х100 цинк DIN 933 ГОСТ 7798-70 кл.пр.8.8 резьба полная,"
Болт M18x110 DIN 933 ГОСТ 7798-70 цинк,Болт,18.0,110.0,DIN 933,ГОСТ 7798-70,8.8,полная,цинк,шт,317.0,линейная интерполяция ГОСТ,283.36,кг,89.82512,расчёт: 283.36 руб/кг ÷ 3.2 шт/кг,"Болт 18х110 цинк DIN 933 ГОСТ 7798-70 кл.пр.8.8 резьба полная,"
Болт M20x75 DIN 933 ГОСТ 7798-70 цинк,Болт,20.0,75.0,DIN 933,ГОСТ 7798-70,8.8,полная,цинк,шт,289.0,линейная интерполяция ГОСТ,290.0,кг,83.81,расчёт: 290.0 руб/кг ÷ 3.5 шт/кг,"Болт 20х 75 цинк DIN 933 ГОСТ 7798-70 кл.пр.8.8 резьба полная,"
Болт M20x220 DIN 933 ГОСТ 7798-70 цинк,Болт,20.0,220.0,DIN 933,ГОСТ 7798-70,8.8,полная,цинк,шт,811.0,линейная интерполяция ГОСТ,277.2,кг,224.8092,расчёт: 277.2 руб/кг ÷ 1.2 шт/кг,"Болт 20х220 цинк DIN 933 ГОСТ 7798-70 кл.пр.8.8 резьба полная,"
Болт M24x50 DIN 933 ГОСТ 7798-70 цинк,Болт,24.0,50.0,DIN 933,ГОСТ 7798-70,8.8,полная,цинк,шт,338.0,линейная интерполяция ГОСТ,435.0,кг,147.03,расчёт: 435.0 руб/кг ÷ 3.0 шт/кг,"Болт 24х 50 цинк DIN 933 ГОСТ 7798-70 кл.пр.8.8 резьба полная,"
Болт M24x60 DIN 933 ГОСТ 7798-70 цинк,Болт,24.0,60.0,DIN 933,ГОСТ 7798-70,8.8,полная,цинк,шт,398.0,линейная интерполяция ГОСТ,371.8,кг,147.9764,расчёт: 371.8 руб/кг ÷ 2.5 шт/кг,"Болт 24х 60 цинк DIN 933 ГОСТ 7798-70 кл.пр.8.8 резьба полная,"
Болт M24x80 DIN 933 ГОСТ 7798-70 цинк,Болт,24.0,80.0,DIN 933,ГОСТ 7798-70,8.8,полная,цинк,шт,518.0,линейная интерполяция ГОСТ,203.0,кг,105.154,расчёт: 203.0 руб/кг ÷ 1.9 шт/кг,"Болт 24х 80 цинк DIN 933 ГОСТ 7798-70 кл.пр.8.8 резьба полная,"
Болт M24x95 DIN 933 ГОСТ 7798-70 цинк,Болт,24.0,95.0,DIN 933,ГОСТ 7798-70,8.8,полная,цинк,шт,608.0,линейная интерполяция ГОСТ,371.95,кг,226.1456,расчёт: 371.95 руб/кг ÷ 1.6 шт/кг,"Болт 24х 95 цинк DIN 933 ГОСТ 7798-70 кл.пр.8.8 резьба полная,"
Болт M24x160 DIN 933 ГОСТ 7798-70 цинк,Болт,24.0,160.0,DIN 933,ГОСТ 7798-70,8.8,полная,цинк,шт,998.0,линейная интерполяция ГОСТ,338.8,кг,338.1224,расчёт: 338.8 руб/кг ÷ 1.0 шт/кг,"Болт 24х160 цинк DIN 933 ГОСТ 7798-70 кл.пр.8.8 резьба полная,"
Болт M10x25 ГОСТ 52644-2006,Болт,10.0,25.0,,ГОСТ 52644-2006,10.9,неполная,без покрытия,шт,14.3,линейная интерполяция ГОСТ,487.03,кг,6.964529,расчёт: 487.03 руб/кг ÷ 69.9 шт/кг,"Болт 10х 25 без покрытия ГОСТ 52644-2006 кл.пр.10.9 резьба неполная,"
Болт M16x50 ГОСТ 52644-2006,Болт,16.0,50.0,,ГОСТ 52644-2006,10.9,неполная,без покрытия,шт,108.8,линейная интерполяция ГОСТ,507.5,кг,55.216,расчёт: 507.5 руб/кг ÷ 9.2 шт/кг,"Болт 16х 50 без покрытия ГОСТ 52644-2006 кл.пр.10.9 резьба неполная,"
Болт M16x55 ГОСТ 52644-2006,Болт,16.0,55.0,,ГОСТ 52644-2006,10.9,неполная,без покрытия,шт,119.5,линейная интерполяция ГОСТ,549.01,кг,65.606695,расчёт: 549.01 руб/кг ÷ 8.4 шт/кг,"Болт 16х 55 без покрытия ГОСТ 52644-2006 кл.пр.10.9 резьба неполная,"
Болт M16x60 ГОСТ 52644-2006,Болт,16.0,60.0,,ГОСТ 52644-2006,10.9,неполная,без покрытия,шт,130.2,линейная интерполяция ГОСТ,462.0,кг,60.1524,расчёт: 462.0 руб/кг ÷ 7.7 шт/кг,"Болт 16х 60 без покрытия ГОСТ 52644-2006 кл.пр.10.9 резьба неполная,"
Болт M16x60 ГОСТ 52644-2006 цинк,Болт,16.0,60.0,,ГОСТ 52644-2006,10.9,неполная,цинк,шт,130.2,линейная интерполяция ГОСТ,487.03,кг,63.411306,расчёт: 487.03 руб/кг ÷ 7.7 шт/кг,"Болт 16х 60 цинк ГОСТ 52644-2006 кл.пр.10.9 резьба неполная,"
Болт M16x70 ГОСТ 52644-2006,Болт,16.0,70.0,,ГОСТ 52644-2006,10.9,неполная,без покрытия,шт,151.6,линейная интерполяция ГОСТ,500.25,кг,75.8379,расчёт: 500.25 руб/кг ÷ 6.6 шт/кг,"Болт 16х 70 без покрытия ГОСТ 52644-2006 кл.пр.10.9 резьба неполная,"
Болт M16x75 ГОСТ 52644-2006,Болт,16.0,75.0,,ГОСТ 52644-2006,10.9,неполная,без покрытия,шт,162.3,линейная интерполяция ГОСТ,462.0,кг,74.9826,расчёт: 462.0 руб/кг ÷ 6.2 шт/кг,"Болт 16х 75 без покрытия ГОСТ 52644-2006 кл.пр.10.9 резьба неполная,"
Болт M16x80 ГОСТ 52644-2006,Болт,16.0,80.0,,ГОСТ 52644-2006,10.9,неполная,без покрытия,шт,173.0,линейная интерполяция ГОСТ,462.0,кг,79.926,расчёт: 462.0 руб/кг ÷ 5.8 шт/кг,"Болт 16х 80 без покрытия ГОСТ 52644-2006 кл.пр.10.9 резьба неполная,"
Болт M16x90 ГОСТ 52644-2006,Болт,16.0,90.0,,ГОСТ 52644-2006,10.9,неполная,без покрытия,шт,194.4,линейная интерполяция ГОСТ,531.3,кг,103.28472,расчёт: 531.3 руб/кг ÷ 5.1 шт/кг,"Болт 16х 90 без покрытия ГОСТ 52644-2006 кл.пр.10.9 резьба неполная,"
Болт M16x100 ГОСТ 52644-2006,Болт,16.0,100.0,,ГОСТ 52644-2006,10.9,неполная,без покрытия,шт,215.8,линейная интерполяция ГОСТ,506.51,кг,109.304858,расчёт: 506.51 руб/кг ÷ 4.6 шт/кг,"Болт 16х100 без покрытия ГОСТ 52644-2006 кл.пр.10.9 резьба неполная,"
Болт M20x50 ГОСТ 52644-2006,Болт,20.0,50.0,,ГОСТ 52644-2006,10.9,неполная,без покрытия,шт,199.0,линейная интерполяция ГОСТ,507.5,кг,100.9925,расчёт: 507.5 руб/кг ÷ 5.0 шт/кг,"Болт 20х 50 без покрытия ГОСТ 52644-2006 кл.пр.10.9 резьба неполная,"
Болт M20x55 ГОСТ 52644-2006,Болт,20.0,55.0,,ГОСТ 52644-2006,10.9,неполная,без покрытия,шт,217.0,линейная интерполяция ГОСТ,566.72,кг,122.97824,расчёт: 566.72 руб/кг ÷ 4.6 шт/кг,"Болт 20х 55 без покрытия ГОСТ 52644-2006 кл.пр.10.9 резьба неполная,"
Болт M20x60 ГОСТ 52644-2006,Болт,20.0,60.0,,ГОСТ 52644-2006,10.9,неполная,без покрытия,шт,235.0,линейная интерполяция ГОСТ,462.0,кг,108.57,расчёт: 462.0 руб/кг ÷ 4.3 шт/кг,"Болт 20х 60 без покрытия ГОСТ 52644-2006 кл.пр.10.9 резьба неполная,"
Болт M20x65 ГОСТ 52644-2006,Болт,20.0,65.0,,ГОСТ 52644-2006,10.9,неполная,без покрытия,шт,253.0,линейная интерполяция ГОСТ,507.5,кг,128.3975,расчёт: 507.5 руб/кг ÷ 4.0 шт/кг,"Болт 20х 65 без покрытия ГОСТ 52644-2006 кл.пр.10.9 резьба неполная,"
Болт M20x70 ГОСТ 52644-2006,Болт,20.0,70.0,,ГОСТ 52644-2006,10.9,неполная,без покрытия,шт,271.0,линейная интерполяция ГОСТ,580.0,кг,157.18,расчёт: 580.0 руб/кг ÷ 3.7 шт/кг,"Болт 20х 70 без покрытия ГОСТ 52644-2006 кл.пр.10.9 резьба неполная,"
Болт M20x70 ГОСТ 52644-2006 цинк,Болт,20.0,70.0,,ГОСТ 52644-2006,10.9,неполная,цинк,шт,271.0,линейная интерполяция ГОСТ,531.3,кг,143.9823,расчёт: 531.3 руб/кг ÷ 3.7 шт/кг,"Болт 20х 70 цинк ГОСТ 52644-2006 кл.пр.10.9 резьба неполная,"
Болт M20x85 ГОСТ 52644-2006,Болт,20.0,85.0,,ГОСТ 52644-2006,10.9,неполная,без покрытия,шт,325.0,линейная интерполяция ГОСТ,507.5,кг,164.9375,расчёт: 507.5 руб/кг ÷ 3.1 шт/кг,"Болт 20х 85 без покрытия ГОСТ 52644-2006 кл.пр.10.9 резьба неполная,"
Болт M20x90 ГОСТ 52644-2006,Болт,20.0,90.0,,ГОСТ 52644-2006,10.9,неполная,без покрытия,шт,343.0,линейная интерполяция ГОСТ,507.5,кг,174.0725,расчёт: 507.5 руб/кг ÷ 2.9 шт/кг,"Болт 20х 90 без покрытия ГОСТ 52644-2006 кл.пр.10.9 резьба неполная,"
Болт M20x100 ГОСТ 52644-2006,Болт,20.0,100.0,,ГОСТ 52644-2006,10.9,неполная,без покрытия,шт,379.0,линейная интерполяция ГОСТ,510.0,кг,193.29,расчёт: 510.0 руб/кг ÷ 2.6 шт/кг,"Болт 20х100 без покрытия ГОСТ 52644-2006 кл.пр.10.9 резьба неполная,"
Болт M20x110 ГОСТ 52644-2006,Болт,20.0,110.0,,ГОСТ 52644-2006,10.9,неполная,без покрытия,шт,415.0,линейная интерполяция ГОСТ,507.5,кг,210.6125,расчёт: 507.5 руб/кг ÷ 2.4 шт/кг,"Болт 20х110 без покрытия ГОСТ 52644-2006 кл.пр.10.9 резьба неполная,"
Болт M20x120 ГОСТ 52644-2006,Болт,20.0,120.0,,ГОСТ 52644-2006,10.9,неполная,без покрытия,шт,451.0,линейная интерполяция ГОСТ,462.0,кг,208.362,расчёт: 462.0 руб/кг ÷ 2.2 шт/кг,"Болт 20х120 без покрытия ГОСТ 52644-2006 кл.пр.10.9 резьба неполная,"
Болт M22x110,Болт,22.0,110.0,,,,,,шт,533.0,линейная интерполяция ГОСТ,550.7,кг,293.5231,расчёт: 550.7 руб/кг ÷ 1.9 шт/кг,"Болт 1.3 М22х110 110 ХЛ ст.40Х ГОСТ Р 53664-2009,"
Болт M22x65,Болт,22.0,65.0,,,,,,шт,326.0,линейная интерполяция ГОСТ,175.89,кг,57.34014,расчёт: 175.89 руб/кг ÷ 3.1 шт/кг,"Болт 1.3 М22х65 110 ХЛ ст.40Х ГОСТ Р 53664-2009,"
Болт M22x65 ГОСТ 53664-2009,Болт,22.0,65.0,,ГОСТ 53664-2009,,,,шт,326.0,линейная интерполяция ГОСТ,527.05,кг,171.8183,расчёт: 527.05 руб/кг ÷ 3.1 шт/кг,"Болт 22х 65 1.3 110ХЛ ГОСТ 53664-2009,"
Болт M22x70 ГОСТ 52644-2006,Болт,22.0,70.0,,ГОСТ 52644-2006,10.9,неполная,без покрытия,шт,349.0,линейная интерполяция ГОСТ,471.95,кг,164.71055,расчёт: 471.95 руб/кг ÷ 2.9 шт/кг,"Болт 22х 70 без покрытия ГОСТ 52644-2006 кл.пр.10.9 резьба неполная,"
Болт M22x80 ГОСТ 52644-2006,Болт,22.0,80.0,,ГОСТ 52644-2006,10.9,неполная,без покрытия,шт,395.0,линейная интерполяция ГОСТ,572.0,кг,225.94,расчёт: 572.0 руб/кг ÷ 2.5 шт/кг,"Болт 22х 80 без покрытия ГОСТ 52644-2006 кл.пр.10.9 резьба неполная,"
Болт M22x90 ГОСТ 52644-2006,Болт,22.0,90.0,,ГОСТ 52644-2006,10.9,неполная,без покрытия,шт,441.0,линейная интерполяция ГОСТ,462.0,кг,203.742,расчёт: 462.0 руб/кг ÷ 2.3 шт/кг,"Болт 22х 90 без покрытия ГОСТ 52644-2006 кл.пр.10.9 резьба неполная,"
Болт M22x100 ГОСТ 53664-2009,Болт,22.0,100.0,,ГОСТ 53664-2009,10.9,неполная,без покрытия,шт,487.0,линейная интерполяция ГОСТ,510.0,кг,248.37,расчёт: 510.0 руб/кг ÷ 2.1 шт/кг,"Болт 22х100 без покрытия ГОСТ 53664-2009 кл.пр.10.9 резьба неполная,"
Болт M22x120 ГОСТ 52644-2006,Болт,22.0,120.0,,ГОСТ 52644-2006,10.9,неполная,без покрытия,шт,579.0,линейная интерполяция ГОСТ,471.9,кг,273.2301,расчёт: 471.9 руб/кг ÷ 1.7 шт/кг,"Болт 22х120 без покрытия ГОСТ 52644-2006 кл.пр.10.9 резьба неполная,"
Болт M22x130 ГОСТ 52644-2006,Болт,22.0,130.0,,ГОСТ 52644-2006,10.9,неполная,без покрытия,шт,625.0,линейная интерполяция ГОСТ,539.0,кг,336.875,расчёт: 539.0 руб/кг ÷ 1.6 шт/кг,"Болт 22х130 без покрытия ГОСТ 52644-2006 кл.пр.10.9 резьба неполная,"
Болт M24x60 ГОСТ 52644-2006,Болт,24.0,60.0,,ГОСТ 52644-2006,10.9,неполная,без покрытия,шт,398.0,линейная интерполяция ГОСТ,462.0,кг,183.876,расчёт: 462.0 руб/кг ÷ 2.5 шт/кг,"Болт 24х 60 без покрытия ГОСТ 52644-2006 кл.пр.10.9 резьба неполная,"
Болт M24x60 ГОСТ 52644-2006 цинк,Болт,24.0,60.0,,ГОСТ 52644-2006,10.9,неполная,цинк,шт,398.0,линейная интерполяция ГОСТ,531.3,кг,211.4574,расчёт: 531.3 руб/кг ÷ 2.5 шт/кг,"Болт 24х 60 цинк ГОСТ 52644-2006 кл.пр.10.9 резьба неполная,"
Болт M24x65 ГОСТ 52644-2006,Болт,24.0,65.0,,ГОСТ 52644-2006,10.9,неполная,без покрытия,шт,428.0,линейная интерполяция ГОСТ,539.0,кг,230.692,расчёт: 539.0 руб/кг ÷ 2.3 шт/кг,"Болт 24х 65 без покрытия ГОСТ 52644-2006 кл.пр.10.9 резьба неполная,"
Болт M24x85 ГОСТ 52644-2006,Болт,24.0,85.0,,ГОСТ 52644-2006,10.9,неполная,без покрытия,шт,548.0,линейная интерполяция ГОСТ,548.77,кг,300.72596,расчёт: 548.77 руб/кг ÷ 1.8 шт/кг,"Болт 24х 85 без покрытия ГОСТ 52644-2006 кл.пр.10.9 резьба неполная,"
Болт M24x90 ГОСТ 52644-2006,Болт,24.0,90.0,,ГОСТ 52644-2006,10.9,неполная,без покрытия,шт,578.0,линейная интерполяция ГОСТ,429.0,кг,247.962,расчёт: 429.0 руб/кг ÷ 1.7 шт/кг,"Болт 24х 90 без покрытия ГОСТ 52644-2006 кл.пр.10.9 резьба неполная,"
Болт M24x95 ГОСТ 52644-2006,Болт,24.0,95.0,,ГОСТ 52644-2006,10.9,неполная,без покрытия,шт,608.0,линейная интерполяция ГОСТ,500.5,кг,304.304,расчёт: 500.5 руб/кг ÷ 1.6 шт/кг,"Болт 24х 95 без покрытия ГОСТ 52644-2006 кл.пр.10.9 резьба неполная,"
Болт M24x100 ГОСТ 52644-2006,Болт,24.0,100.0,,ГОСТ 52644-2006,10.9,неполная,без покрытия,шт,638.0,линейная интерполяция ГОСТ,462.0,кг,294.756,расчёт: 462.0 руб/кг ÷ 1.6 шт/кг,"Болт 24х100 без покрытия ГОСТ 52644-2006 кл.пр.10.9 резьба неполная,"
Болт M24x110 ГОСТ 52644-2006,Болт,24.0,110.0,,ГОСТ 52644-2006,10.9,неполная,без покрытия,шт,698.0,линейная интерполяция ГОСТ,462.0,кг,322.476,расчёт: 462.0 руб/кг ÷ 1.4 шт/кг,"Болт 24х110 без покрытия ГОСТ 52644-2006 кл.пр.10.9 резьба неполная,"
Болт M24x115 ГОСТ 52644-2006,Болт,24.0,115.0,,ГОСТ 52644-2006,10.9,неполная,без покрытия,шт,728.0,линейная интерполяция ГОСТ,531.3,кг,386.7864,расчёт: 531.3 руб/кг ÷ 1.4 шт/кг,"Болт 24х115 без покрытия ГОСТ 52644-2006 кл.пр.10.9 резьба неполная,"
Болт M24x120 ГОСТ 52644-2006,Болт,24.0,120.0,,ГОСТ 52644-2006,10.9,неполная,без покрытия,шт,758.0,линейная интерполяция ГОСТ,539.0,кг,408.562,расчёт: 539.0 руб/кг ÷ 1.3 шт/кг,"Болт 24х120 без покрытия ГОСТ 52644-2006 кл.пр.10.9 резьба неполная,"
Болт M24x120 ГОСТ 52644-2006 цинк,Болт,24.0,120.0,,ГОСТ 52644-2006,10.9,неполная,цинк,шт,758.0,линейная интерполяция ГОСТ,531.3,кг,402.7254,расчёт: 531.3 руб/кг ÷ 1.3 шт/кг,"Болт 24х120 цинк ГОСТ 52644-2006 кл.пр.10.9 резьба неполная,"
Болт M24x130 ГОСТ 52644-2006,Болт,24.0,130.0,,ГОСТ 52644-2006,10.9,неполная,без покрытия,шт,818.0,линейная интерполяция ГОСТ,471.9,кг,386.0142,расчёт: 471.9 руб/кг ÷ 1.2 шт/кг,"Болт 24х130 без покрытия ГОСТ 52644-2006 кл.пр.10.9 резьба неполная,"
Болт M24x140 ГОСТ 52644-2006,Болт,24.0,140.0,,ГОСТ 52644-2006,10.9,неполная,без покрытия,шт,878.0,линейная интерполяция ГОСТ,478.5,кг,420.123,расчёт: 478.5 руб/кг ÷ 1.1 шт/кг,"Болт 24х140 без покрытия ГОСТ 52644-2006 кл.пр.10.9 резьба неполная,"
Болт M24x150 ГОСТ 52644-2006,Болт,24.0,150.0,,ГОСТ 52644-2006,10.9,неполная,без покрытия,шт,938.0,линейная интерполяция ГОСТ,507.5,кг,476.035,расчёт: 507.5 руб/кг ÷ 1.1 шт/кг,"Болт 24х150 без покрытия ГОСТ 52644-2006 кл.пр.10.9 резьба неполная,"
Болт M24x170 ГОСТ 52644-2006,Болт,24.0,170.0,,ГОСТ 52644-2006,10.9,неполная,без покрытия,шт,1058.0,линейная интерполяция ГОСТ,531.3,кг,562.1154,расчёт: 531.3 руб/кг ÷ 0.9 шт/кг,"Болт 24х170 без покрытия ГОСТ 52644-2006 кл.пр.10.9 резьба неполная,"
Болт M27x90 ГОСТ 52644-2006,Болт,27.0,90.0,,ГОСТ 52644-2006,10.9,неполная,без покрытия,шт,799.0,линейная интерполяция ГОСТ,580.0,кг,463.42,расчёт: 580.0 руб/кг ÷ 1.3 шт/кг,"Болт 27х 90 без покрытия ГОСТ 52644-2006 кл.пр.10.9 резьба неполная,"
Болт M27x100 ГОСТ 52644-2006,Болт,27.0,100.0,,ГОСТ 52644-2006,10.9,неполная,без покрытия,шт,883.0,линейная интерполяция ГОСТ,462.0,кг,407.946,расчёт: 462.0 руб/кг ÷ 1.1 шт/кг,"Болт 27х100 без покрытия ГОСТ 52644-2006 кл.пр.10.9 резьба неполная,"
Болт M27x110 ГОСТ 52644-2006,Болт,27.0,110.0,,ГОСТ 52644-2006,10.9,неполная,без покрытия,шт,967.0,линейная интерполяция ГОСТ,531.3,кг,513.7671,расчёт: 531.3 руб/кг ÷ 1.0 шт/кг,"Болт 27х110 без покрытия ГОСТ 52644-2006 кл.пр.10.9 резьба неполная,"
Болт M27x120 ГОСТ 52644-2006,Болт,27.0,120.0,,ГОСТ 52644-2006,10.9,неполная,без покрытия,шт,1051.0,линейная интерполяция ГОСТ,507.5,кг,533.3825,расчёт: 507.5 руб/кг ÷ 1.0 шт/кг,"Болт 27х120 без покрытия ГОСТ 52644-2006 кл.пр.10.9 резьба неполная,"
Болт M27x140 ГОСТ 52644-2006,Болт,27.0,140.0,,ГОСТ 52644-2006,10.9,неполная,без покрытия,шт,1219.0,линейная интерполяция ГОСТ,531.3,кг,647.6547,расчёт: 531.3 руб/кг ÷ 0.8 шт/кг,"Болт 27х140 без покрытия ГОСТ 52644-2006 кл.пр.10.9 резьба неполная,"
Болт M27x170 ГОСТ 52644-2006,Болт,27.0,170.0,,ГОСТ 52644-2006,10.9,неполная,без покрытия,шт,1471.0,линейная интерполяция ГОСТ,558.25,кг,821.18575,расчёт: 558.25 руб/кг ÷ 0.7 шт/кг,"Болт 27х170 без покрытия ГОСТ 52644-2006 кл.пр.10.9 резьба неполная,"
Болт M30x100 ГОСТ 52644-2006,Болт,30.0,100.0,,ГОСТ 52644-2006,10.9,неполная,без покрытия,шт,1199.0,линейная интерполяция ГОСТ,539.0,кг,646.261,расчёт: 539.0 руб/кг ÷ 0.8 шт/кг,"Болт 30х100 без покрытия ГОСТ 52644-2006 кл.пр.10.9 резьба неполная, кг"
Болт M30x110 ГОСТ 52644-2006,Болт,30.0,110.0,,ГОСТ 52644-2006,10.9,неполная,без покрытия,шт,1317.0,линейная интерполяция ГОСТ,539.0,кг,709.863,расчёт: 539.0 руб/кг ÷ 0.8 шт/кг,"Болт 30х110 без покрытия ГОСТ 52644-2006 кл.пр.10.9 резьба неполная,"
Болт M30x200 ГОСТ 52644-2006,Болт,30.0,200.0,,ГОСТ 52644-2006,10.9,неполная,без покрытия,шт,2379.0,линейная интерполяция ГОСТ,616.0,кг,1465.464,расчёт: 616.0 руб/кг ÷ 0.4 шт/кг,"Болт 30х200 без покрытия ГОСТ 52644-2006 кл.пр.10.9 резьба неполная,"
Гайка M12 ГОСТ 52645-2006,Гайка,12.0,,,ГОСТ 52645-2006,10,,,шт,17.0,справочник,468.16,кг,7.95872,расчёт: 468.16 руб/кг ÷ 58.8 шт/кг,"Гайка 12 ГОСТ 52645-2006 кл.пр.10,"
Гайка M16 ГОСТ 52645-2006,Гайка,16.0,,,ГОСТ 52645-2006,10,,,шт,37.0,справочник,1003.86,кг,37.14282,расчёт: 1003.86 руб/кг ÷ 27.0 шт/кг,"Гайка 16 ГОСТ 52645-2006 кл.пр.10,"
Гайка M22 ГОСТ 52645-2006,Гайка,22.0,,,ГОСТ 52645-2006,10,,,шт,97.0,справочник,696.0,кг,67.512,расчёт: 696.0 руб/кг ÷ 10.3 шт/кг,"Гайка 22 ГОСТ 52645-2006 кл.пр.10,"
Гайка M24 ГОСТ 52645-2006,Гайка,24.0,,,ГОСТ 52645-2006,10,,,шт,126.0,справочник,594.5,кг,74.907,расчёт: 594.5 руб/кг ÷ 7.9 шт/кг,"Гайка 24 ГОСТ 52645-2006 кл.пр.10,"
Гайка M30 ГОСТ 52645-2006,Гайка,30.0,,,ГОСТ 52645-2006,10,,,шт,235.0,справочник,536.5,кг,126.0775,расчёт: 536.5 руб/кг ÷ 4.3 шт/кг,"Гайка 30 ГОСТ 52645-2006 кл.пр.10,"
Гайка M36 ГОСТ 52645-2006,Гайка,36.0,,,ГОСТ 52645-2006,10,,,шт,410.0,справочник,946.42,кг,388.0322,расчёт: 946.42 руб/кг ÷ 2.4 шт/кг,"Гайка 36 ГОСТ 52645-2006 кл.пр.10,"
Гайка M42 DIN 934 ГОСТ 5915-70 цинк,Гайка,42.0,,DIN 934,ГОСТ 5915-70,,,цинк,шт,668.0,справочник,261.8,кг,174.8824,расчёт: 261.8 руб/кг ÷ 1.5 шт/кг,"Гайка 42 DIN 934 ГОСТ 5915-70 цинк,"
Гайка M56 DIN 934 ГОСТ 5915-70,Гайка,56.0,,DIN 934,ГОСТ 5915-70,,,без покрытия,шт,1468.53,степенная интерполяция DIN934,257.4,кг,377.999622,расчёт: 257.4 руб/кг ÷ 0.7 шт/кг,"Гайка 56 DIN 934 ГОСТ 5915-70 без покрытия,"
Шайба M16 ГОСТ 52646-2006,Шайба,16.0,,,ГОСТ 52646-2006,,,без покрытия,шт,9.8,справочник,831.6,кг,8.14968,расчёт: 831.6 руб/кг ÷ 102.0 шт/кг,"Шайба 16 ГОСТ 52646-2006 высокопрочная без покрытия,"
Шайба M16 ГОСТ 52646-2006 цинк,Шайба,16.0,,,ГОСТ 52646-2006,,,цинк,шт,9.8,справочник,637.78,кг,6.250244,расчёт: 637.78 руб/кг ÷ 102.0 шт/кг,"Шайба 16 ГОСТ 52646-2006 высокопрочная цинк,"
Шайба M18 ГОСТ 52646-2006,Шайба,18.0,,,ГОСТ 52646-2006,,,без покрытия,шт,12.5,справочник,487.03,кг,6.087875,расчёт: 487.03 руб/кг ÷ 80.0 шт/кг,"Шайба 18 ГОСТ 52646-2006 высокопрочная без покрытия,"
Шайба M20 ГОСТ 52646-2006,Шайба,20.0,,,ГОСТ 52646-2006,,,без покрытия,шт,15.5,справочник,725.0,кг,11.2375,расчёт: 725.0 руб/кг ÷ 64.5 шт/кг,"Шайба 20 ГОСТ 52646-2006 высокопрочная без покрытия,"
Шайба M22 ГОСТ 52646-2006,Шайба,22.0,,,ГОСТ 52646-2006,,,без покрытия,шт,20.0,справочник,725.0,кг,14.5,расчёт: 725.0 руб/кг ÷ 50.0 шт/кг,"Шайба 22 ГОСТ 52646-2006 высокопрочная без покрытия,"
Шайба M27 ГОСТ 52646-2006,Шайба,27.0,,,ГОСТ 52646-2006,,,без покрытия,шт,34.0,справочник,800.0,кг,27.2,расчёт: 800.0 руб/кг ÷ 29.4 шт/кг,"Шайба 27 ГОСТ 52646-2006 высокопрочная без покрытия,"
Шайба M30 ГОСТ 52646-2006,Шайба,30.0,,,ГОСТ 52646-2006,,,без покрытия,шт,42.0,справочник,693.0,кг,29.106,расчёт: 693.0 руб/кг ÷ 23.8 шт/кг,"Шайба 30 ГОСТ 52646-2006 высокопрочная без покрытия,"
Шайба M36 ГОСТ 52646-2006,Шайба,36.0,,,ГОСТ 52646-2006,,,без покрытия,шт,69.0,справочник,1078.0,кг,74.382,расчёт: 1078.0 руб/кг ÷ 14.5 шт/кг,"Шайба 36 ГОСТ 52646-2006 высокопрочная без покрытия,"
Шайба M4 DIN 127 ГОСТ 6402-70,Шайба,4.0,,DIN 127,ГОСТ 6402-70,,,без покрытия,шт,0.84,справочник,415.8,кг,0.349272,расчёт: 415.8 руб/кг ÷ 1190.5 шт/кг,"Шайба  4 DIN 127 ГОСТ 6402-70 гровер без покрытия,"
Шайба M5 DIN 127 ГОСТ 6402-70,Шайба,5.0,,DIN 127,ГОСТ 6402-70,,,без покрытия,шт,1.52,справочник,462.0,кг,0.70224,расчёт: 462.0 руб/кг ÷ 657.9 шт/кг,"Шайба  5 DIN 127 ГОСТ 6402-70 гровер без покрытия,"
Шайба M6 DIN 127 ГОСТ 6402-70,Шайба,6.0,,DIN 127,ГОСТ 6402-70,,,без покрытия,шт,2.3,справочник,246.5,кг,0.56695,расчёт: 246.5 руб/кг ÷ 434.8 шт/кг,"Шайба  6 DIN 127 ГОСТ 6402-70 гровер без покрытия,"
Шайба M8 DIN 127 ГОСТ 6402-70,Шайба,8.0,,DIN 127,ГОСТ 6402-70,,,без покрытия,шт,5.25,справочник,290.0,кг,1.5225,расчёт: 290.0 руб/кг ÷ 190.5 шт/кг,"Шайба  8 DIN 127 ГОСТ 6402-70 гровер без покрытия,"
Шайба M10 DIN 127 ГОСТ 6402-70,Шайба,10.0,,DIN 127,ГОСТ 6402-70,,,без покрытия,шт,9.2,справочник,384.25,кг,3.5351,расчёт: 384.25 руб/кг ÷ 108.7 шт/кг,"Шайба 10 DIN 127 ГОСТ 6402-70 гровер без покрытия,"
Шайба M12 DIN 127 ГОСТ 6402-70,Шайба,12.0,,DIN 127,ГОСТ 6402-70,,,без покрытия,шт,14.8,справочник,261.0,кг,3.8628,расчёт: 261.0 руб/кг ÷ 67.6 шт/кг,"Шайба 12 DIN 127 ГОСТ 6402-70 гровер без покрытия,"
Шайба M16 DIN 127 ГОСТ 6402-70,Шайба,16.0,,DIN 127,ГОСТ 6402-70,,,без покрытия,шт,31.0,справочник,246.5,кг,7.6415,расчёт: 246.5 руб/кг ÷ 32.3 шт/кг,"Шайба 16 DIN 127 ГОСТ 6402-70 гровер без покрытия,"
Шайба M18 DIN 127 ГОСТ 6402-70,Шайба,18.0,,DIN 127,ГОСТ 6402-70,,,без покрытия,шт,17.34,интерполяция DIN127,308.0,кг,5.34072,расчёт: 308.0 руб/кг ÷ 57.7 шт/кг,"Шайба 18 DIN 127 ГОСТ 6402-70 гровер без покрытия,"
Шайба M20 DIN 127 ГОСТ 6402-70,Шайба,20.0,,DIN 127,ГОСТ 6402-70,,,без покрытия,шт,52.0,справочник,246.5,кг,12.818,расчёт: 246.5 руб/кг ÷ 19.2 шт/кг,"Шайба 20 DIN 127 ГОСТ 6402-70 гровер без покрытия,"
Шайба M22 DIN 127 ГОСТ 6402-70,Шайба,22.0,,DIN 127,ГОСТ 6402-70,,,без покрытия,шт,30.04,интерполяция DIN127,246.5,кг,7.40486,расчёт: 246.5 руб/кг ÷ 33.3 шт/кг,"Шайба 22 DIN 127 ГОСТ 6402-70 гровер без покрытия,"
Шайба M24 DIN 127 ГОСТ 6402-70,Шайба,24.0,,DIN 127,ГОСТ 6402-70,,,без покрытия,шт,92.0,справочник,290.0,кг,26.68,расчёт: 290.0 руб/кг ÷ 10.9 шт/кг,"Шайба 24 DIN 127 ГОСТ 6402-70 гровер без покрытия,"
Шайба M27 DIN 127 ГОСТ 6402-70,Шайба,27.0,,DIN 127,ГОСТ 6402-70,,,без покрытия,шт,52.63,интерполяция DIN127,246.5,кг,12.973295,расчёт: 246.5 руб/кг ÷ 19.0 шт/кг,"Шайба 27 DIN 127 ГОСТ 6402-70 гровер без покрытия,"
Шайба M30 DIN 127 ГОСТ 6402-70,Шайба,30.0,,DIN 127,ГОСТ 6402-70,,,без покрытия,шт,70.23,интерполяция DIN127,246.5,кг,17.311695,расчёт: 246.5 руб/кг ÷ 14.2 шт/кг,"Шайба 30 DIN 127 ГОСТ 6402-70 гровер без покрытия,"
Шайба M36 DIN 127 ГОСТ 6402-70,Шайба,36.0,,DIN 127,ГОСТ 6402-70,,,без покрытия,шт,115.7,интерполяция DIN127,232.0,кг,26.8424,расчёт: 232.0 руб/кг ÷ 8.6 шт/кг,"Шайба 36 DIN 127 ГОСТ 6402-70 гровер без покрытия,"
Шайба M42 DIN 127 ГОСТ 6402-70,Шайба,42.0,,DIN 127,ГОСТ 6402-70,,,без покрытия,шт,176.45,интерполяция DIN127,385.0,кг,67.93325,расчёт: 385.0 руб/кг ÷ 5.7 шт/кг,"Шайба 42 DIN 127 ГОСТ 6402-70 гровер без покрытия,"
Шайба M22 DIN 127 ГОСТ 6402-70 цинк,Шайба,22.0,,DIN 127,ГОСТ 6402-70,,,цинк,шт,30.04,интерполяция DIN127,290.0,кг,8.7116,расчёт: 290.0 руб/кг ÷ 33.3 шт/кг,"Шайба 22 DIN 127 ГОСТ 6402-70 гровер цинк,"
Шайба M24 DIN 127 ГОСТ 6402-70 цинк,Шайба,24.0,,DIN 127,ГОСТ 6402-70,,,цинк,шт,92.0,справочник,261.0,кг,24.012,расчёт: 261.0 руб/кг ÷ 10.9 шт/кг,"Шайба 24 DIN 127 ГОСТ 6402-70 гровер цинк,"
Шайба M27 DIN 127 ГОСТ 6402-70 цинк,Шайба,27.0,,DIN 127,ГОСТ 6402-70,,,цинк,шт,52.63,интерполяция DIN127,290.0,кг,15.2627,расчёт: 290.0 руб/кг ÷ 19.0 шт/кг,"Шайба 27 DIN 127 ГОСТ 6402-70 гровер цинк,"
Шайба M30 DIN 127 ГОСТ 6402-70 цинк,Шайба,30.0,,DIN 127,ГОСТ 6402-70,,,цинк,шт,70.23,интерполяция DIN127,290.0,кг,20.3667,расчёт: 290.0 руб/кг ÷ 14.2 шт/кг,"Шайба 30 DIN 127 ГОСТ 6402-70 гровер цинк,"
Шайба M32 DIN 127 ГОСТ 6402-70 цинк,Шайба,32.0,,DIN 127,ГОСТ 6402-70,,,цинк,шт,83.8,интерполяция DIN127,114.04,кг,9.556552,расчёт: 114.04 руб/кг ÷ 11.9 шт/кг,"Шайба 32 DIN 127 ГОСТ 6402-70 гровер цинк,"
Шайба M3 DIN 125 ГОСТ 11371-78,Шайба,3.0,,DIN 125,ГОСТ 11371-78,,,без покрытия,шт,0.18,справочник,106.17,кг,0.019111,расчёт: 106.17 руб/кг ÷ 5555.6 шт/кг,"Шайба  3 DIN 125 ГОСТ 11371-78 плоская без покрытия,"
Шайба M4 DIN 125 ГОСТ 11371-78,Шайба,4.0,,DIN 125,ГОСТ 11371-78,,,без покрытия,шт,0.36,справочник,365.27,кг,0.131497,расчёт: 365.27 руб/кг ÷ 2777.8 шт/кг,"Шайба  4 DIN 125 ГОСТ 11371-78 плоская без покрытия,"
Шайба M6 DIN 125 ГОСТ 11371-78,Шайба,6.0,,DIN 125,ГОСТ 11371-78,,,без покрытия,шт,0.91,справочник,290.0,кг,0.2639,расчёт: 290.0 руб/кг ÷ 1098.9 шт/кг,"Шайба  6 DIN 125 ГОСТ 11371-78 плоская без покрытия,"
Шайба M8 DIN 125 ГОСТ 11371-78,Шайба,8.0,,DIN 125,ГОСТ 11371-78,,,без покрытия,шт,1.8,справочник,243.1,кг,0.43758,расчёт: 243.1 руб/кг ÷ 555.6 шт/кг,"Шайба  8 DIN 125 ГОСТ 11371-78 плоская без покрытия,"
Шайба M10 DIN 125 ГОСТ 11371-78,Шайба,10.0,,DIN 125,ГОСТ 11371-78,,,без покрытия,шт,3.35,справочник,246.5,кг,0.825775,расчёт: 246.5 руб/кг ÷ 298.5 шт/кг,"Шайба 10 DIN 125 ГОСТ 11371-78 плоская без покрытия,"
Шайба M12 DIN 125 ГОСТ 11371-78,Шайба,12.0,,DIN 125,ГОСТ 11371-78,,,без покрытия,шт,5.1,справочник,246.53,кг,1.257303,расчёт: 246.53 руб/кг ÷ 196.1 шт/кг,"Шайба 12 DIN 125 ГОСТ 11371-78 плоская без покрытия,"
Шайба M14 DIN 125 ГОСТ 11371-78,Шайба,14.0,,DIN 125,ГОСТ 11371-78,,,без покрытия,шт,7.6,справочник,257.4,кг,1.95624,расчёт: 257.4 руб/кг ÷ 131.6 шт/кг,"Шайба 14 DIN 125 ГОСТ 11371-78 плоская без покрытия,"
Шайба M18 DIN 125 ГОСТ 11371-78,Шайба,18.0,,DIN 125,ГОСТ 11371-78,,,без покрытия,шт,12.5,справочник,261.0,кг,3.2625,расчёт: 261.0 руб/кг ÷ 80.0 шт/кг,"Шайба 18 DIN 125 ГОСТ 11371-78 плоская без покрытия,"
Шайба M22 DIN 125 ГОСТ 11371-78,Шайба,22.0,,DIN 125,ГОСТ 11371-78,,,без покрытия,шт,20.0,справочник,318.89,кг,6.3778,расчёт: 318.89 руб/кг ÷ 50.0 шт/кг,"Шайба 22 DIN 125 ГОСТ 11371-78 плоская без покрытия,"
Шайба M24 DIN 125 ГОСТ 11371-78,Шайба,24.0,,DIN 125,ГОСТ 11371-78,,,без покрытия,шт,25.0,справочник,217.5,кг,5.4375,расчёт: 217.5 руб/кг ÷ 40.0 шт/кг,"Шайба 24 DIN 125 ГОСТ 11371-78 плоская без покрытия,"
Шайба M27 DIN 125 ГОСТ 11371-78,Шайба,27.0,,DIN 125,ГОСТ 11371-78,,,без покрытия,шт,34.0,справочник,304.5,кг,10.353,расчёт: 304.5 руб/кг ÷ 29.4 шт/кг,"Шайба 27 DIN 125 ГОСТ 11371-78 плоская без покрытия,"
Шайба M30 DIN 125 ГОСТ 11371-78,Шайба,30.0,,DIN 125,ГОСТ 11371-78,,,без покрытия,шт,42.0,справочник,246.5,кг,10.353,расчёт: 246.5 руб/кг ÷ 23.8 шт/кг,"Шайба 30 DIN 125 ГОСТ 11371-78 плоская без покрытия,"
Шайба M36 DIN 125 ГОСТ 11371-78,Шайба,36.0,,DIN 125,ГОСТ 11371-78,,,без покрытия,шт,69.0,справочник,319.0,кг,22.011,расчёт: 319.0 руб/кг ÷ 14.5 шт/кг,"Шайба 36 DIN 125 ГОСТ 11371-78 плоская без покрытия,"
Шайба M42 DIN 125 ГОСТ 11371-78,Шайба,42.0,,DIN 125,ГОСТ 11371-78,,,без покрытия,шт,96.37,интерполяция DIN125,290.0,кг,27.9473,расчёт: 290.0 руб/кг ÷ 10.4 шт/кг,"Шайба 42 DIN 125 ГОСТ 11371-78 плоская без покрытия,"
Шайба M48 DIN 125 ГОСТ 11371-78,Шайба,48.0,,DIN 125,ГОСТ 11371-78,,,без покрытия,шт,132.47,интерполяция DIN125,319.0,кг,42.25793,расчёт: 319.0 руб/кг ÷ 7.5 шт/кг,"Шайба 48 DIN 125 ГОСТ 11371-78 плоская без покрытия,"
Шайба M24 DIN 125 ГОСТ 11371-78 цинк,Шайба,24.0,,DIN 125,ГОСТ 11371-78,,,цинк,шт,25.0,справочник,217.5,кг,5.4375,расчёт: 217.5 руб/кг ÷ 40.0 шт/кг,"Шайба 24 DIN 125 ГОСТ 11371-78 плоская цинк,"
Шайба M27 DIN 125 ГОСТ 11371-78 цинк,Шайба,27.0,,DIN 125,ГОСТ 11371-78,,,цинк,шт,34.0,справочник,308.03,кг,10.47302,расчёт: 308.03 руб/кг ÷ 29.4 шт/кг,"Шайба 27 DIN 125 ГОСТ 11371-78 плоская цинк,"
Шайба M30 DIN 125 ГОСТ 11371-78 горячий цинк,Шайба,30.0,,DIN 125,ГОСТ 11371-78,,,горячий цинк,шт,42.0,справочник,500.92,кг,21.03864,расчёт: 500.92 руб/кг ÷ 23.8 шт/кг,"Шайба 30 DIN 125 ГОСТ 11371-78 плоская горячее цинкование,"
Шайба M30 DIN 125 ГОСТ 11371-78 цинк,Шайба,30.0,,DIN 125,ГОСТ 11371-78,,,цинк,шт,42.0,справочник,218.0,кг,9.156,расчёт: 218.0 руб/кг ÷ 23.8 шт/кг,"Шайба 30 DIN 125 ГОСТ 11371-78 плоская цинк,"
Шайба M36 DIN 125 ГОСТ 11371-78 цинк,Шайба,36.0,,DIN 125,ГОСТ 11371-78,,,цинк,шт,69.0,справочник,308.0,кг,21.252,расчёт: 308.0 руб/кг ÷ 14.5 шт/кг,"Шайба 36 DIN 125 ГОСТ 11371-78 плоская цинк,"
Шайба M42 DIN 125 ГОСТ 11371-78 цинк,Шайба,42.0,,DIN 125,ГОСТ 11371-78,,,цинк,шт,96.37,интерполяция DIN125,270.17,кг,26.036283,расчёт: 270.17 руб/кг ÷ 10.4 шт/кг,"Шайба 42 DIN 125 ГОСТ 11371-78 плоская цинк,"
Шайба M48 DIN 125 ГОСТ 11371-78 цинк,Шайба,48.0,,DIN 125,ГОСТ 11371-78,,,цинк,шт,132.47,интерполяция DIN125,400.4,кг,53.040988,расчёт: 400.4 руб/кг ÷ 7.5 шт/кг,"Шайба 48 DIN 125 ГОСТ 11371-78 плоская цинк,"
Шайба M56 DIN 125 ГОСТ 11371-78 цинк,Шайба,56.0,,DIN 125,ГОСТ 11371-78,,,цинк,шт,191.26,интерполяция DIN125,415.8,кг,79.525908,расчёт: 415.8 руб/кг ÷ 5.2 шт/кг,"Шайба 56 DIN 125 ГОСТ 11371-78 плоская цинк,"
Шайба M60 DIN 125 ГОСТ 11371-78 цинк,Шайба,60.0,,DIN 125,ГОСТ 11371-78,,,цинк,шт,225.43,интерполяция DIN125,278.5,кг,62.782255,расчёт: 278.5 руб/кг ÷ 4.4 шт/кг,"Шайба 60 DIN 125 ГОСТ 11371-78 плоская цинк,"
Шайба M8 DIN 9021 ГОСТ 6958,Шайба,8.0,,DIN 9021,ГОСТ 6958,,,без покрытия,шт,5.25,справочник,308.0,кг,1.617,расчёт: 308.0 руб/кг ÷ 190.5 шт/кг,"Шайба  8 DIN 9021 ГОСТ 6958 увеличенная без покрытия,"
Шайба M10 DIN 9021 ГОСТ 6958,Шайба,10.0,,DIN 9021,ГОСТ 6958,,,без покрытия,шт,9.2,справочник,308.0,кг,2.8336,расчёт: 308.0 руб/кг ÷ 108.7 шт/кг,"Шайба 10 DIN 9021 ГОСТ 6958 увеличенная без покрытия,"
Шайба M12 DIN 9021 ГОСТ 6958,Шайба,12.0,,DIN 9021,ГОСТ 6958,,,без покрытия,шт,14.8,справочник,308.0,кг,4.5584,расчёт: 308.0 руб/кг ÷ 67.6 шт/кг,"Шайба 12 DIN 9021 ГОСТ 6958 увеличенная без покрытия,"
Шайба M14 DIN 9021 ГОСТ 6958,Шайба,14.0,,DIN 9021,ГОСТ 6958,,,без покрытия,шт,23.0,справочник,277.2,кг,6.3756,расчёт: 277.2 руб/кг ÷ 43.5 шт/кг,"Шайба 14 DIN 9021 ГОСТ 6958 увеличенная без покрытия,"
Шайба M16 DIN 9021 ГОСТ 6958,Шайба,16.0,,DIN 9021,ГОСТ 6958,,,без покрытия,шт,31.0,справочник,159.5,кг,4.9445,расчёт: 159.5 руб/кг ÷ 32.3 шт/кг,"Шайба 16 DIN 9021 ГОСТ 6958 увеличенная без покрытия,"
Шайба M18 DIN 9021 ГОСТ 6958,Шайба,18.0,,DIN 9021,ГОСТ 6958,,,без покрытия,шт,42.33,интерполяция DIN9021,308.0,кг,13.03764,расчёт: 308.0 руб/кг ÷ 23.6 шт/кг,"Шайба 18 DIN 9021 ГОСТ 6958 увеличенная без покрытия,"
Шайба M20 DIN 9021 ГОСТ 6958,Шайба,20.0,,DIN 9021,ГОСТ 6958,,,без покрытия,шт,52.0,справочник,194.82,кг,10.13064,расчёт: 194.82 руб/кг ÷ 19.2 шт/кг,"Шайба 20 DIN 9021 ГОСТ 6958 увеличенная без покрытия,"
Шайба M22 DIN 9021 ГОСТ 6958,Шайба,22.0,,DIN 9021,ГОСТ 6958,,,без покрытия,шт,71.41,интерполяция DIN9021,277.2,кг,19.794852,расчёт: 277.2 руб/кг ÷ 14.0 шт/кг,"Шайба 22 DIN 9021 ГОСТ 6958 увеличенная без покрытия,"
Шайба M24 DIN 9021 ГОСТ 6958,Шайба,24.0,,DIN 9021,ГОСТ 6958,,,без покрытия,шт,92.0,справочник,214.5,кг,19.734,расчёт: 214.5 руб/кг ÷ 10.9 шт/кг,"Шайба 24 DIN 9021 ГОСТ 6958 увеличенная без покрытия,"
Шайба M18 DIN 9021 ГОСТ 6958 цинк,Шайба,18.0,,DIN 9021,ГОСТ 6958,,,цинк,шт,42.33,интерполяция DIN9021,232.0,кг,9.82056,расчёт: 232.0 руб/кг ÷ 23.6 шт/кг,"Шайба 18 DIN 9021 ГОСТ 6958 увеличенная цинк,"
Шайба M22 DIN 9021 ГОСТ 6958 цинк,Шайба,22.0,,DIN 9021,ГОСТ 6958,,,цинк,шт,71.41,интерполяция DIN9021,304.5,кг,21.744345,расчёт: 304.5 руб/кг ÷ 14.0 шт/кг,"Шайба 22 DIN 9021 ГОСТ 6958 увеличенная цинк,"
Шайба M24 DIN 9021 ГОСТ 6958 цинк,Шайба,24.0,,DIN 9021,ГОСТ 6958,,,цинк,шт,92.0,справочник,174.0,кг,16.008,расчёт: 174.0 руб/кг ÷ 10.9 шт/кг,"Шайба 24 DIN 9021 ГОСТ 6958 увеличенная цинк,"
Шайба M27 DIN 9021 ГОСТ 6958 цинк,Шайба,27.0,,DIN 9021,ГОСТ 6958,,,цинк,шт,121.79,интерполяция DIN9021,228.8,кг,27.865552,расчёт: 228.8 руб/кг ÷ 8.2 шт/кг,"Шайба 27 DIN 9021 ГОСТ 6958 увеличенная цинк,"
Шайба M30 DIN 9021 ГОСТ 6958 цинк,Шайба,30.0,,DIN 9021,ГОСТ 6958,,,цинк,шт,160.28,интерполяция DIN9021,290.0,кг,46.4812,расчёт: 290.0 руб/кг ÷ 6.2 шт/кг,"Шайба 30 DIN 9021 ГОСТ 6958 увеличенная цинк,"
Шайба M36 DIN 9021 ГОСТ 6958 цинк,Шайба,36.0,,DIN 9021,ГОСТ 6958,,,цинк,шт,257.79,интерполяция DIN9021,308.0,кг,79.39932,расчёт: 308.0 руб/кг ÷ 3.9 шт/кг,"Шайба 36 DIN 9021 ГОСТ 6958 увеличенная цинк,"
